"suite","repeat","scenario","humanSecret","jevSecret","starter","winner","reason","humanQuestions","jevQuestions","turns","providerAttempts","fallbacks","eligible"
"fixed-vs-balanced","0","0","c01","c01","human","jev","correct_guess","6","5","12","0","0","false"
"fixed-vs-balanced","0","1","c01","c01","jev","jev","correct_guess","5","5","11","0","0","false"
"fixed-vs-balanced","0","2","c01","c02","human","human","correct_guess","5","5","11","0","0","false"
"fixed-vs-balanced","0","3","c01","c02","jev","jev","correct_guess","5","5","11","0","0","false"
"fixed-vs-balanced","0","4","c01","c03","human","jev","correct_guess","6","5","12","0","0","false"
"fixed-vs-balanced","0","5","c01","c03","jev","jev","correct_guess","5","5","11","0","0","false"
"fixed-vs-balanced","0","6","c01","c04","human","human","correct_guess","5","5","11","0","0","false"
"fixed-vs-balanced","0","7","c01","c04","jev","jev","correct_guess","5","5","11","0","0","false"
"fixed-vs-balanced","0","8","c01","c05","human","human","correct_guess","4","4","9","0","0","false"
"fixed-vs-balanced","0","9","c01","c05","jev","human","correct_guess","4","5","10","0","0","false"
"fixed-vs-balanced","0","10","c01","c06","human","human","correct_guess","5","5","11","0","0","false"
"fixed-vs-balanced","0","11","c01","c06","jev","jev","correct_guess","5","5","11","0","0","false"
"fixed-vs-balanced","0","12","c01","c07","human","human","correct_guess","3","3","7","0","0","false"
"fixed-vs-balanced","0","13","c01","c07","jev","human","correct_guess","3","4","8","0","0","false"
"fixed-vs-balanced","0","14","c01","c08","human","jev","correct_guess","6","5","12","0","0","false"
"fixed-vs-balanced","0","15","c01","c08","jev","jev","correct_guess","5","5","11","0","0","false"
"fixed-vs-balanced","0","16","c01","c09","human","human","correct_guess","3","3","7","0","0","false"
"fixed-vs-balanced","0","17","c01","c09","jev","human","correct_guess","3","4","8","0","0","false"
"fixed-vs-balanced","0","18","c01","c10","human","jev","correct_guess","6","5","12","0","0","false"
"fixed-vs-balanced","0","19","c01","c10","jev","jev","correct_guess","5","5","11","0","0","false"
"fixed-vs-balanced","0","20","c01","c11","human","human","correct_guess","4","4","9","0","0","false"
"fixed-vs-balanced","0","21","c01","c11","jev","human","correct_guess","4","5","10","0","0","false"
"fixed-vs-balanced","0","22","c01","c12","human","human","correct_guess","5","5","11","0","0","false"
"fixed-vs-balanced","0","23","c01","c12","jev","jev","correct_guess","5","5","11","0","0","false"
"fixed-vs-balanced","0","24","c01","c13","human","human","correct_guess","3","3","7","0","0","false"
"fixed-vs-balanced","0","25","c01","c13","jev","human","correct_guess","3","4","8","0","0","false"
"fixed-vs-balanced","0","26","c01","c14","human","human","correct_guess","5","5","11","0","0","false"
"fixed-vs-balanced","0","27","c01","c14","jev","jev","correct_guess","5","5","11","0","0","false"
"fixed-vs-balanced","0","28","c01","c15","human","jev","correct_guess","6","5","12","0","0","false"
"fixed-vs-balanced","0","29","c01","c15","jev","jev","correct_guess","5","5","11","0","0","false"
"fixed-vs-balanced","0","30","c01","c16","human","human","correct_guess","4","4","9","0","0","false"
"fixed-vs-balanced","0","31","c01","c16","jev","human","correct_guess","4","5","10","0","0","false"
"fixed-vs-balanced","0","32","c01","c17","human","human","correct_guess","5","5","11","0","0","false"
"fixed-vs-balanced","0","33","c01","c17","jev","jev","correct_guess","5","5","11","0","0","false"
"fixed-vs-balanced","0","34","c01","c18","human","human","correct_guess","5","5","11","0","0","false"
"fixed-vs-balanced","0","35","c01","c18","jev","jev","correct_guess","5","5","11","0","0","false"
"fixed-vs-balanced","0","36","c01","c19","human","jev","correct_guess","6","5","12","0","0","false"
"fixed-vs-balanced","0","37","c01","c19","jev","jev","correct_guess","5","5","11","0","0","false"
"fixed-vs-balanced","0","38","c01","c20","human","jev","correct_guess","6","5","12","0","0","false"
"fixed-vs-balanced","0","39","c01","c20","jev","jev","correct_guess","5","5","11","0","0","false"
"fixed-vs-balanced","0","40","c01","c21","human","jev","correct_guess","6","5","12","0","0","false"
"fixed-vs-balanced","0","41","c01","c21","jev","jev","correct_guess","5","5","11","0","0","false"
"fixed-vs-balanced","0","42","c01","c22","human","jev","correct_guess","6","5","12","0","0","false"
"fixed-vs-balanced","0","43","c01","c22","jev","jev","correct_guess","5","5","11","0","0","false"
"fixed-vs-balanced","0","44","c01","c23","human","human","correct_guess","4","4","9","0","0","false"
"fixed-vs-balanced","0","45","c01","c23","jev","human","correct_guess","4","5","10","0","0","false"
"fixed-vs-balanced","0","46","c01","c24","human","human","correct_guess","5","5","11","0","0","false"
"fixed-vs-balanced","0","47","c01","c24","jev","jev","correct_guess","5","5","11","0","0","false"
"fixed-vs-balanced","0","48","c02","c01","human","jev","correct_guess","6","5","12","0","0","false"
"fixed-vs-balanced","0","49","c02","c01","jev","jev","correct_guess","5","5","11","0","0","false"
"fixed-vs-balanced","0","50","c02","c02","human","human","correct_guess","5","5","11","0","0","false"
"fixed-vs-balanced","0","51","c02","c02","jev","jev","correct_guess","5","5","11","0","0","false"
"fixed-vs-balanced","0","52","c02","c03","human","jev","correct_guess","6","5","12","0","0","false"
"fixed-vs-balanced","0","53","c02","c03","jev","jev","correct_guess","5","5","11","0","0","false"
"fixed-vs-balanced","0","54","c02","c04","human","human","correct_guess","5","5","11","0","0","false"
"fixed-vs-balanced","0","55","c02","c04","jev","jev","correct_guess","5","5","11","0","0","false"
"fixed-vs-balanced","0","56","c02","c05","human","human","correct_guess","4","4","9","0","0","false"
"fixed-vs-balanced","0","57","c02","c05","jev","human","correct_guess","4","5","10","0","0","false"
"fixed-vs-balanced","0","58","c02","c06","human","human","correct_guess","5","5","11","0","0","false"
"fixed-vs-balanced","0","59","c02","c06","jev","jev","correct_guess","5","5","11","0","0","false"
"fixed-vs-balanced","0","60","c02","c07","human","human","correct_guess","3","3","7","0","0","false"
"fixed-vs-balanced","0","61","c02","c07","jev","human","correct_guess","3","4","8","0","0","false"
"fixed-vs-balanced","0","62","c02","c08","human","jev","correct_guess","6","5","12","0","0","false"
"fixed-vs-balanced","0","63","c02","c08","jev","jev","correct_guess","5","5","11","0","0","false"
"fixed-vs-balanced","0","64","c02","c09","human","human","correct_guess","3","3","7","0","0","false"
"fixed-vs-balanced","0","65","c02","c09","jev","human","correct_guess","3","4","8","0","0","false"
"fixed-vs-balanced","0","66","c02","c10","human","jev","correct_guess","6","5","12","0","0","false"
"fixed-vs-balanced","0","67","c02","c10","jev","jev","correct_guess","5","5","11","0","0","false"
"fixed-vs-balanced","0","68","c02","c11","human","human","correct_guess","4","4","9","0","0","false"
"fixed-vs-balanced","0","69","c02","c11","jev","human","correct_guess","4","5","10","0","0","false"
"fixed-vs-balanced","0","70","c02","c12","human","human","correct_guess","5","5","11","0","0","false"
"fixed-vs-balanced","0","71","c02","c12","jev","jev","correct_guess","5","5","11","0","0","false"
"fixed-vs-balanced","0","72","c02","c13","human","human","correct_guess","3","3","7","0","0","false"
"fixed-vs-balanced","0","73","c02","c13","jev","human","correct_guess","3","4","8","0","0","false"
"fixed-vs-balanced","0","74","c02","c14","human","human","correct_guess","5","5","11","0","0","false"
"fixed-vs-balanced","0","75","c02","c14","jev","jev","correct_guess","5","5","11","0","0","false"
"fixed-vs-balanced","0","76","c02","c15","human","jev","correct_guess","6","5","12","0","0","false"
"fixed-vs-balanced","0","77","c02","c15","jev","jev","correct_guess","5","5","11","0","0","false"
"fixed-vs-balanced","0","78","c02","c16","human","human","correct_guess","4","4","9","0","0","false"
"fixed-vs-balanced","0","79","c02","c16","jev","human","correct_guess","4","5","10","0","0","false"
"fixed-vs-balanced","0","80","c02","c17","human","human","correct_guess","5","5","11","0","0","false"
"fixed-vs-balanced","0","81","c02","c17","jev","jev","correct_guess","5","5","11","0","0","false"
"fixed-vs-balanced","0","82","c02","c18","human","human","correct_guess","5","5","11","0","0","false"
"fixed-vs-balanced","0","83","c02","c18","jev","jev","correct_guess","5","5","11","0","0","false"
"fixed-vs-balanced","0","84","c02","c19","human","jev","correct_guess","6","5","12","0","0","false"
"fixed-vs-balanced","0","85","c02","c19","jev","jev","correct_guess","5","5","11","0","0","false"
"fixed-vs-balanced","0","86","c02","c20","human","jev","correct_guess","6","5","12","0","0","false"
"fixed-vs-balanced","0","87","c02","c20","jev","jev","correct_guess","5","5","11","0","0","false"
"fixed-vs-balanced","0","88","c02","c21","human","jev","correct_guess","6","5","12","0","0","false"
"fixed-vs-balanced","0","89","c02","c21","jev","jev","correct_guess","5","5","11","0","0","false"
"fixed-vs-balanced","0","90","c02","c22","human","jev","correct_guess","6","5","12","0","0","false"
"fixed-vs-balanced","0","91","c02","c22","jev","jev","correct_guess","5","5","11","0","0","false"
"fixed-vs-balanced","0","92","c02","c23","human","human","correct_guess","4","4","9","0","0","false"
"fixed-vs-balanced","0","93","c02","c23","jev","human","correct_guess","4","5","10","0","0","false"
"fixed-vs-balanced","0","94","c02","c24","human","human","correct_guess","5","5","11","0","0","false"
"fixed-vs-balanced","0","95","c02","c24","jev","jev","correct_guess","5","5","11","0","0","false"
"fixed-vs-balanced","0","96","c03","c01","human","jev","correct_guess","6","5","12","0","0","false"
"fixed-vs-balanced","0","97","c03","c01","jev","jev","correct_guess","5","5","11","0","0","false"
"fixed-vs-balanced","0","98","c03","c02","human","human","correct_guess","5","5","11","0","0","false"
"fixed-vs-balanced","0","99","c03","c02","jev","jev","correct_guess","5","5","11","0","0","false"
"fixed-vs-balanced","0","100","c03","c03","human","jev","correct_guess","6","5","12","0","0","false"
"fixed-vs-balanced","0","101","c03","c03","jev","jev","correct_guess","5","5","11","0","0","false"
"fixed-vs-balanced","0","102","c03","c04","human","human","correct_guess","5","5","11","0","0","false"
"fixed-vs-balanced","0","103","c03","c04","jev","jev","correct_guess","5","5","11","0","0","false"
"fixed-vs-balanced","0","104","c03","c05","human","human","correct_guess","4","4","9","0","0","false"
"fixed-vs-balanced","0","105","c03","c05","jev","human","correct_guess","4","5","10","0","0","false"
"fixed-vs-balanced","0","106","c03","c06","human","human","correct_guess","5","5","11","0","0","false"
"fixed-vs-balanced","0","107","c03","c06","jev","jev","correct_guess","5","5","11","0","0","false"
"fixed-vs-balanced","0","108","c03","c07","human","human","correct_guess","3","3","7","0","0","false"
"fixed-vs-balanced","0","109","c03","c07","jev","human","correct_guess","3","4","8","0","0","false"
"fixed-vs-balanced","0","110","c03","c08","human","jev","correct_guess","6","5","12","0","0","false"
"fixed-vs-balanced","0","111","c03","c08","jev","jev","correct_guess","5","5","11","0","0","false"
"fixed-vs-balanced","0","112","c03","c09","human","human","correct_guess","3","3","7","0","0","false"
"fixed-vs-balanced","0","113","c03","c09","jev","human","correct_guess","3","4","8","0","0","false"
"fixed-vs-balanced","0","114","c03","c10","human","jev","correct_guess","6","5","12","0","0","false"
"fixed-vs-balanced","0","115","c03","c10","jev","jev","correct_guess","5","5","11","0","0","false"
"fixed-vs-balanced","0","116","c03","c11","human","human","correct_guess","4","4","9","0","0","false"
"fixed-vs-balanced","0","117","c03","c11","jev","human","correct_guess","4","5","10","0","0","false"
"fixed-vs-balanced","0","118","c03","c12","human","human","correct_guess","5","5","11","0","0","false"
"fixed-vs-balanced","0","119","c03","c12","jev","jev","correct_guess","5","5","11","0","0","false"
"fixed-vs-balanced","0","120","c03","c13","human","human","correct_guess","3","3","7","0","0","false"
"fixed-vs-balanced","0","121","c03","c13","jev","human","correct_guess","3","4","8","0","0","false"
"fixed-vs-balanced","0","122","c03","c14","human","human","correct_guess","5","5","11","0","0","false"
"fixed-vs-balanced","0","123","c03","c14","jev","jev","correct_guess","5","5","11","0","0","false"
"fixed-vs-balanced","0","124","c03","c15","human","jev","correct_guess","6","5","12","0","0","false"
"fixed-vs-balanced","0","125","c03","c15","jev","jev","correct_guess","5","5","11","0","0","false"
"fixed-vs-balanced","0","126","c03","c16","human","human","correct_guess","4","4","9","0","0","false"
"fixed-vs-balanced","0","127","c03","c16","jev","human","correct_guess","4","5","10","0","0","false"
"fixed-vs-balanced","0","128","c03","c17","human","human","correct_guess","5","5","11","0","0","false"
"fixed-vs-balanced","0","129","c03","c17","jev","jev","correct_guess","5","5","11","0","0","false"
"fixed-vs-balanced","0","130","c03","c18","human","human","correct_guess","5","5","11","0","0","false"
"fixed-vs-balanced","0","131","c03","c18","jev","jev","correct_guess","5","5","11","0","0","false"
"fixed-vs-balanced","0","132","c03","c19","human","jev","correct_guess","6","5","12","0","0","false"
"fixed-vs-balanced","0","133","c03","c19","jev","jev","correct_guess","5","5","11","0","0","false"
"fixed-vs-balanced","0","134","c03","c20","human","jev","correct_guess","6","5","12","0","0","false"
"fixed-vs-balanced","0","135","c03","c20","jev","jev","correct_guess","5","5","11","0","0","false"
"fixed-vs-balanced","0","136","c03","c21","human","jev","correct_guess","6","5","12","0","0","false"
"fixed-vs-balanced","0","137","c03","c21","jev","jev","correct_guess","5","5","11","0","0","false"
"fixed-vs-balanced","0","138","c03","c22","human","jev","correct_guess","6","5","12","0","0","false"
"fixed-vs-balanced","0","139","c03","c22","jev","jev","correct_guess","5","5","11","0","0","false"
"fixed-vs-balanced","0","140","c03","c23","human","human","correct_guess","4","4","9","0","0","false"
"fixed-vs-balanced","0","141","c03","c23","jev","human","correct_guess","4","5","10","0","0","false"
"fixed-vs-balanced","0","142","c03","c24","human","human","correct_guess","5","5","11","0","0","false"
"fixed-vs-balanced","0","143","c03","c24","jev","jev","correct_guess","5","5","11","0","0","false"
"fixed-vs-balanced","0","144","c04","c01","human","jev","correct_guess","5","4","10","0","0","false"
"fixed-vs-balanced","0","145","c04","c01","jev","jev","correct_guess","4","4","9","0","0","false"
"fixed-vs-balanced","0","146","c04","c02","human","jev","correct_guess","5","4","10","0","0","false"
"fixed-vs-balanced","0","147","c04","c02","jev","jev","correct_guess","4","4","9","0","0","false"
"fixed-vs-balanced","0","148","c04","c03","human","jev","correct_guess","5","4","10","0","0","false"
"fixed-vs-balanced","0","149","c04","c03","jev","jev","correct_guess","4","4","9","0","0","false"
"fixed-vs-balanced","0","150","c04","c04","human","jev","correct_guess","5","4","10","0","0","false"
"fixed-vs-balanced","0","151","c04","c04","jev","jev","correct_guess","4","4","9","0","0","false"
"fixed-vs-balanced","0","152","c04","c05","human","human","correct_guess","4","4","9","0","0","false"
"fixed-vs-balanced","0","153","c04","c05","jev","jev","correct_guess","4","4","9","0","0","false"
"fixed-vs-balanced","0","154","c04","c06","human","jev","correct_guess","5","4","10","0","0","false"
"fixed-vs-balanced","0","155","c04","c06","jev","jev","correct_guess","4","4","9","0","0","false"
"fixed-vs-balanced","0","156","c04","c07","human","human","correct_guess","3","3","7","0","0","false"
"fixed-vs-balanced","0","157","c04","c07","jev","human","correct_guess","3","4","8","0","0","false"
"fixed-vs-balanced","0","158","c04","c08","human","jev","correct_guess","5","4","10","0","0","false"
"fixed-vs-balanced","0","159","c04","c08","jev","jev","correct_guess","4","4","9","0","0","false"
"fixed-vs-balanced","0","160","c04","c09","human","human","correct_guess","3","3","7","0","0","false"
"fixed-vs-balanced","0","161","c04","c09","jev","human","correct_guess","3","4","8","0","0","false"
"fixed-vs-balanced","0","162","c04","c10","human","jev","correct_guess","5","4","10","0","0","false"
"fixed-vs-balanced","0","163","c04","c10","jev","jev","correct_guess","4","4","9","0","0","false"
"fixed-vs-balanced","0","164","c04","c11","human","human","correct_guess","4","4","9","0","0","false"
"fixed-vs-balanced","0","165","c04","c11","jev","jev","correct_guess","4","4","9","0","0","false"
"fixed-vs-balanced","0","166","c04","c12","human","jev","correct_guess","5","4","10","0","0","false"
"fixed-vs-balanced","0","167","c04","c12","jev","jev","correct_guess","4","4","9","0","0","false"
"fixed-vs-balanced","0","168","c04","c13","human","human","correct_guess","3","3","7","0","0","false"
"fixed-vs-balanced","0","169","c04","c13","jev","human","correct_guess","3","4","8","0","0","false"
"fixed-vs-balanced","0","170","c04","c14","human","jev","correct_guess","5","4","10","0","0","false"
"fixed-vs-balanced","0","171","c04","c14","jev","jev","correct_guess","4","4","9","0","0","false"
"fixed-vs-balanced","0","172","c04","c15","human","jev","correct_guess","5","4","10","0","0","false"
"fixed-vs-balanced","0","173","c04","c15","jev","jev","correct_guess","4","4","9","0","0","false"
"fixed-vs-balanced","0","174","c04","c16","human","human","correct_guess","4","4","9","0","0","false"
"fixed-vs-balanced","0","175","c04","c16","jev","jev","correct_guess","4","4","9","0","0","false"
"fixed-vs-balanced","0","176","c04","c17","human","jev","correct_guess","5","4","10","0","0","false"
"fixed-vs-balanced","0","177","c04","c17","jev","jev","correct_guess","4","4","9","0","0","false"
"fixed-vs-balanced","0","178","c04","c18","human","jev","correct_guess","5","4","10","0","0","false"
"fixed-vs-balanced","0","179","c04","c18","jev","jev","correct_guess","4","4","9","0","0","false"
"fixed-vs-balanced","0","180","c04","c19","human","jev","correct_guess","5","4","10","0","0","false"
"fixed-vs-balanced","0","181","c04","c19","jev","jev","correct_guess","4","4","9","0","0","false"
"fixed-vs-balanced","0","182","c04","c20","human","jev","correct_guess","5","4","10","0","0","false"
"fixed-vs-balanced","0","183","c04","c20","jev","jev","correct_guess","4","4","9","0","0","false"
"fixed-vs-balanced","0","184","c04","c21","human","jev","correct_guess","5","4","10","0","0","false"
"fixed-vs-balanced","0","185","c04","c21","jev","jev","correct_guess","4","4","9","0","0","false"
"fixed-vs-balanced","0","186","c04","c22","human","jev","correct_guess","5","4","10","0","0","false"
"fixed-vs-balanced","0","187","c04","c22","jev","jev","correct_guess","4","4","9","0","0","false"
"fixed-vs-balanced","0","188","c04","c23","human","human","correct_guess","4","4","9","0","0","false"
"fixed-vs-balanced","0","189","c04","c23","jev","jev","correct_guess","4","4","9","0","0","false"
"fixed-vs-balanced","0","190","c04","c24","human","jev","correct_guess","5","4","10","0","0","false"
"fixed-vs-balanced","0","191","c04","c24","jev","jev","correct_guess","4","4","9","0","0","false"
"fixed-vs-balanced","0","192","c05","c01","human","jev","correct_guess","5","4","10","0","0","false"
"fixed-vs-balanced","0","193","c05","c01","jev","jev","correct_guess","4","4","9","0","0","false"
"fixed-vs-balanced","0","194","c05","c02","human","jev","correct_guess","5","4","10","0","0","false"
"fixed-vs-balanced","0","195","c05","c02","jev","jev","correct_guess","4","4","9","0","0","false"
"fixed-vs-balanced","0","196","c05","c03","human","jev","correct_guess","5","4","10","0","0","false"
"fixed-vs-balanced","0","197","c05","c03","jev","jev","correct_guess","4","4","9","0","0","false"
"fixed-vs-balanced","0","198","c05","c04","human","jev","correct_guess","5","4","10","0","0","false"
"fixed-vs-balanced","0","199","c05","c04","jev","jev","correct_guess","4","4","9","0","0","false"
"fixed-vs-balanced","0","200","c05","c05","human","human","correct_guess","4","4","9","0","0","false"
"fixed-vs-balanced","0","201","c05","c05","jev","jev","correct_guess","4","4","9","0","0","false"
"fixed-vs-balanced","0","202","c05","c06","human","jev","correct_guess","5","4","10","0","0","false"
"fixed-vs-balanced","0","203","c05","c06","jev","jev","correct_guess","4","4","9","0","0","false"
"fixed-vs-balanced","0","204","c05","c07","human","human","correct_guess","3","3","7","0","0","false"
"fixed-vs-balanced","0","205","c05","c07","jev","human","correct_guess","3","4","8","0","0","false"
"fixed-vs-balanced","0","206","c05","c08","human","jev","correct_guess","5","4","10","0","0","false"
"fixed-vs-balanced","0","207","c05","c08","jev","jev","correct_guess","4","4","9","0","0","false"
"fixed-vs-balanced","0","208","c05","c09","human","human","correct_guess","3","3","7","0","0","false"
"fixed-vs-balanced","0","209","c05","c09","jev","human","correct_guess","3","4","8","0","0","false"
"fixed-vs-balanced","0","210","c05","c10","human","jev","correct_guess","5","4","10","0","0","false"
"fixed-vs-balanced","0","211","c05","c10","jev","jev","correct_guess","4","4","9","0","0","false"
"fixed-vs-balanced","0","212","c05","c11","human","human","correct_guess","4","4","9","0","0","false"
"fixed-vs-balanced","0","213","c05","c11","jev","jev","correct_guess","4","4","9","0","0","false"
"fixed-vs-balanced","0","214","c05","c12","human","jev","correct_guess","5","4","10","0","0","false"
"fixed-vs-balanced","0","215","c05","c12","jev","jev","correct_guess","4","4","9","0","0","false"
"fixed-vs-balanced","0","216","c05","c13","human","human","correct_guess","3","3","7","0","0","false"
"fixed-vs-balanced","0","217","c05","c13","jev","human","correct_guess","3","4","8","0","0","false"
"fixed-vs-balanced","0","218","c05","c14","human","jev","correct_guess","5","4","10","0","0","false"
"fixed-vs-balanced","0","219","c05","c14","jev","jev","correct_guess","4","4","9","0","0","false"
"fixed-vs-balanced","0","220","c05","c15","human","jev","correct_guess","5","4","10","0","0","false"
"fixed-vs-balanced","0","221","c05","c15","jev","jev","correct_guess","4","4","9","0","0","false"
"fixed-vs-balanced","0","222","c05","c16","human","human","correct_guess","4","4","9","0","0","false"
"fixed-vs-balanced","0","223","c05","c16","jev","jev","correct_guess","4","4","9","0","0","false"
"fixed-vs-balanced","0","224","c05","c17","human","jev","correct_guess","5","4","10","0","0","false"
"fixed-vs-balanced","0","225","c05","c17","jev","jev","correct_guess","4","4","9","0","0","false"
"fixed-vs-balanced","0","226","c05","c18","human","jev","correct_guess","5","4","10","0","0","false"
"fixed-vs-balanced","0","227","c05","c18","jev","jev","correct_guess","4","4","9","0","0","false"
"fixed-vs-balanced","0","228","c05","c19","human","jev","correct_guess","5","4","10","0","0","false"
"fixed-vs-balanced","0","229","c05","c19","jev","jev","correct_guess","4","4","9","0","0","false"
"fixed-vs-balanced","0","230","c05","c20","human","jev","correct_guess","5","4","10","0","0","false"
"fixed-vs-balanced","0","231","c05","c20","jev","jev","correct_guess","4","4","9","0","0","false"
"fixed-vs-balanced","0","232","c05","c21","human","jev","correct_guess","5","4","10","0","0","false"
"fixed-vs-balanced","0","233","c05","c21","jev","jev","correct_guess","4","4","9","0","0","false"
"fixed-vs-balanced","0","234","c05","c22","human","jev","correct_guess","5","4","10","0","0","false"
"fixed-vs-balanced","0","235","c05","c22","jev","jev","correct_guess","4","4","9","0","0","false"
"fixed-vs-balanced","0","236","c05","c23","human","human","correct_guess","4","4","9","0","0","false"
"fixed-vs-balanced","0","237","c05","c23","jev","jev","correct_guess","4","4","9","0","0","false"
"fixed-vs-balanced","0","238","c05","c24","human","jev","correct_guess","5","4","10","0","0","false"
"fixed-vs-balanced","0","239","c05","c24","jev","jev","correct_guess","4","4","9","0","0","false"
"fixed-vs-balanced","0","240","c06","c01","human","jev","correct_guess","6","5","12","0","0","false"
"fixed-vs-balanced","0","241","c06","c01","jev","jev","correct_guess","5","5","11","0","0","false"
"fixed-vs-balanced","0","242","c06","c02","human","human","correct_guess","5","5","11","0","0","false"
"fixed-vs-balanced","0","243","c06","c02","jev","jev","correct_guess","5","5","11","0","0","false"
"fixed-vs-balanced","0","244","c06","c03","human","jev","correct_guess","6","5","12","0","0","false"
"fixed-vs-balanced","0","245","c06","c03","jev","jev","correct_guess","5","5","11","0","0","false"
"fixed-vs-balanced","0","246","c06","c04","human","human","correct_guess","5","5","11","0","0","false"
"fixed-vs-balanced","0","247","c06","c04","jev","jev","correct_guess","5","5","11","0","0","false"
"fixed-vs-balanced","0","248","c06","c05","human","human","correct_guess","4","4","9","0","0","false"
"fixed-vs-balanced","0","249","c06","c05","jev","human","correct_guess","4","5","10","0","0","false"
"fixed-vs-balanced","0","250","c06","c06","human","human","correct_guess","5","5","11","0","0","false"
"fixed-vs-balanced","0","251","c06","c06","jev","jev","correct_guess","5","5","11","0","0","false"
"fixed-vs-balanced","0","252","c06","c07","human","human","correct_guess","3","3","7","0","0","false"
"fixed-vs-balanced","0","253","c06","c07","jev","human","correct_guess","3","4","8","0","0","false"
"fixed-vs-balanced","0","254","c06","c08","human","jev","correct_guess","6","5","12","0","0","false"
"fixed-vs-balanced","0","255","c06","c08","jev","jev","correct_guess","5","5","11","0","0","false"
"fixed-vs-balanced","0","256","c06","c09","human","human","correct_guess","3","3","7","0","0","false"
"fixed-vs-balanced","0","257","c06","c09","jev","human","correct_guess","3","4","8","0","0","false"
"fixed-vs-balanced","0","258","c06","c10","human","jev","correct_guess","6","5","12","0","0","false"
"fixed-vs-balanced","0","259","c06","c10","jev","jev","correct_guess","5","5","11","0","0","false"
"fixed-vs-balanced","0","260","c06","c11","human","human","correct_guess","4","4","9","0","0","false"
"fixed-vs-balanced","0","261","c06","c11","jev","human","correct_guess","4","5","10","0","0","false"
"fixed-vs-balanced","0","262","c06","c12","human","human","correct_guess","5","5","11","0","0","false"
"fixed-vs-balanced","0","263","c06","c12","jev","jev","correct_guess","5","5","11","0","0","false"
"fixed-vs-balanced","0","264","c06","c13","human","human","correct_guess","3","3","7","0","0","false"
"fixed-vs-balanced","0","265","c06","c13","jev","human","correct_guess","3","4","8","0","0","false"
"fixed-vs-balanced","0","266","c06","c14","human","human","correct_guess","5","5","11","0","0","false"
"fixed-vs-balanced","0","267","c06","c14","jev","jev","correct_guess","5","5","11","0","0","false"
"fixed-vs-balanced","0","268","c06","c15","human","jev","correct_guess","6","5","12","0","0","false"
"fixed-vs-balanced","0","269","c06","c15","jev","jev","correct_guess","5","5","11","0","0","false"
"fixed-vs-balanced","0","270","c06","c16","human","human","correct_guess","4","4","9","0","0","false"
"fixed-vs-balanced","0","271","c06","c16","jev","human","correct_guess","4","5","10","0","0","false"
"fixed-vs-balanced","0","272","c06","c17","human","human","correct_guess","5","5","11","0","0","false"
"fixed-vs-balanced","0","273","c06","c17","jev","jev","correct_guess","5","5","11","0","0","false"
"fixed-vs-balanced","0","274","c06","c18","human","human","correct_guess","5","5","11","0","0","false"
"fixed-vs-balanced","0","275","c06","c18","jev","jev","correct_guess","5","5","11","0","0","false"
"fixed-vs-balanced","0","276","c06","c19","human","jev","correct_guess","6","5","12","0","0","false"
"fixed-vs-balanced","0","277","c06","c19","jev","jev","correct_guess","5","5","11","0","0","false"
"fixed-vs-balanced","0","278","c06","c20","human","jev","correct_guess","6","5","12","0","0","false"
"fixed-vs-balanced","0","279","c06","c20","jev","jev","correct_guess","5","5","11","0","0","false"
"fixed-vs-balanced","0","280","c06","c21","human","jev","correct_guess","6","5","12","0","0","false"
"fixed-vs-balanced","0","281","c06","c21","jev","jev","correct_guess","5","5","11","0","0","false"
"fixed-vs-balanced","0","282","c06","c22","human","jev","correct_guess","6","5","12","0","0","false"
"fixed-vs-balanced","0","283","c06","c22","jev","jev","correct_guess","5","5","11","0","0","false"
"fixed-vs-balanced","0","284","c06","c23","human","human","correct_guess","4","4","9","0","0","false"
"fixed-vs-balanced","0","285","c06","c23","jev","human","correct_guess","4","5","10","0","0","false"
"fixed-vs-balanced","0","286","c06","c24","human","human","correct_guess","5","5","11","0","0","false"
"fixed-vs-balanced","0","287","c06","c24","jev","jev","correct_guess","5","5","11","0","0","false"
"fixed-vs-balanced","0","288","c07","c01","human","jev","correct_guess","5","4","10","0","0","false"
"fixed-vs-balanced","0","289","c07","c01","jev","jev","correct_guess","4","4","9","0","0","false"
"fixed-vs-balanced","0","290","c07","c02","human","jev","correct_guess","5","4","10","0","0","false"
"fixed-vs-balanced","0","291","c07","c02","jev","jev","correct_guess","4","4","9","0","0","false"
"fixed-vs-balanced","0","292","c07","c03","human","jev","correct_guess","5","4","10","0","0","false"
"fixed-vs-balanced","0","293","c07","c03","jev","jev","correct_guess","4","4","9","0","0","false"
"fixed-vs-balanced","0","294","c07","c04","human","jev","correct_guess","5","4","10","0","0","false"
"fixed-vs-balanced","0","295","c07","c04","jev","jev","correct_guess","4","4","9","0","0","false"
"fixed-vs-balanced","0","296","c07","c05","human","human","correct_guess","4","4","9","0","0","false"
"fixed-vs-balanced","0","297","c07","c05","jev","jev","correct_guess","4","4","9","0","0","false"
"fixed-vs-balanced","0","298","c07","c06","human","jev","correct_guess","5","4","10","0","0","false"
"fixed-vs-balanced","0","299","c07","c06","jev","jev","correct_guess","4","4","9","0","0","false"
"fixed-vs-balanced","0","300","c07","c07","human","human","correct_guess","3","3","7","0","0","false"
"fixed-vs-balanced","0","301","c07","c07","jev","human","correct_guess","3","4","8","0","0","false"
"fixed-vs-balanced","0","302","c07","c08","human","jev","correct_guess","5","4","10","0","0","false"
"fixed-vs-balanced","0","303","c07","c08","jev","jev","correct_guess","4","4","9","0","0","false"
"fixed-vs-balanced","0","304","c07","c09","human","human","correct_guess","3","3","7","0","0","false"
"fixed-vs-balanced","0","305","c07","c09","jev","human","correct_guess","3","4","8","0","0","false"
"fixed-vs-balanced","0","306","c07","c10","human","jev","correct_guess","5","4","10","0","0","false"
"fixed-vs-balanced","0","307","c07","c10","jev","jev","correct_guess","4","4","9","0","0","false"
"fixed-vs-balanced","0","308","c07","c11","human","human","correct_guess","4","4","9","0","0","false"
"fixed-vs-balanced","0","309","c07","c11","jev","jev","correct_guess","4","4","9","0","0","false"
"fixed-vs-balanced","0","310","c07","c12","human","jev","correct_guess","5","4","10","0","0","false"
"fixed-vs-balanced","0","311","c07","c12","jev","jev","correct_guess","4","4","9","0","0","false"
"fixed-vs-balanced","0","312","c07","c13","human","human","correct_guess","3","3","7","0","0","false"
"fixed-vs-balanced","0","313","c07","c13","jev","human","correct_guess","3","4","8","0","0","false"
"fixed-vs-balanced","0","314","c07","c14","human","jev","correct_guess","5","4","10","0","0","false"
"fixed-vs-balanced","0","315","c07","c14","jev","jev","correct_guess","4","4","9","0","0","false"
"fixed-vs-balanced","0","316","c07","c15","human","jev","correct_guess","5","4","10","0","0","false"
"fixed-vs-balanced","0","317","c07","c15","jev","jev","correct_guess","4","4","9","0","0","false"
"fixed-vs-balanced","0","318","c07","c16","human","human","correct_guess","4","4","9","0","0","false"
"fixed-vs-balanced","0","319","c07","c16","jev","jev","correct_guess","4","4","9","0","0","false"
"fixed-vs-balanced","0","320","c07","c17","human","jev","correct_guess","5","4","10","0","0","false"
"fixed-vs-balanced","0","321","c07","c17","jev","jev","correct_guess","4","4","9","0","0","false"
"fixed-vs-balanced","0","322","c07","c18","human","jev","correct_guess","5","4","10","0","0","false"
"fixed-vs-balanced","0","323","c07","c18","jev","jev","correct_guess","4","4","9","0","0","false"
"fixed-vs-balanced","0","324","c07","c19","human","jev","correct_guess","5","4","10","0","0","false"
"fixed-vs-balanced","0","325","c07","c19","jev","jev","correct_guess","4","4","9","0","0","false"
"fixed-vs-balanced","0","326","c07","c20","human","jev","correct_guess","5","4","10","0","0","false"
"fixed-vs-balanced","0","327","c07","c20","jev","jev","correct_guess","4","4","9","0","0","false"
"fixed-vs-balanced","0","328","c07","c21","human","jev","correct_guess","5","4","10","0","0","false"
"fixed-vs-balanced","0","329","c07","c21","jev","jev","correct_guess","4","4","9","0","0","false"
"fixed-vs-balanced","0","330","c07","c22","human","jev","correct_guess","5","4","10","0","0","false"
"fixed-vs-balanced","0","331","c07","c22","jev","jev","correct_guess","4","4","9","0","0","false"
"fixed-vs-balanced","0","332","c07","c23","human","human","correct_guess","4","4","9","0","0","false"
"fixed-vs-balanced","0","333","c07","c23","jev","jev","correct_guess","4","4","9","0","0","false"
"fixed-vs-balanced","0","334","c07","c24","human","jev","correct_guess","5","4","10","0","0","false"
"fixed-vs-balanced","0","335","c07","c24","jev","jev","correct_guess","4","4","9","0","0","false"
"fixed-vs-balanced","0","336","c08","c01","human","jev","correct_guess","6","5","12","0","0","false"
"fixed-vs-balanced","0","337","c08","c01","jev","jev","correct_guess","5","5","11","0","0","false"
"fixed-vs-balanced","0","338","c08","c02","human","human","correct_guess","5","5","11","0","0","false"
"fixed-vs-balanced","0","339","c08","c02","jev","jev","correct_guess","5","5","11","0","0","false"
"fixed-vs-balanced","0","340","c08","c03","human","jev","correct_guess","6","5","12","0","0","false"
"fixed-vs-balanced","0","341","c08","c03","jev","jev","correct_guess","5","5","11","0","0","false"
"fixed-vs-balanced","0","342","c08","c04","human","human","correct_guess","5","5","11","0","0","false"
"fixed-vs-balanced","0","343","c08","c04","jev","jev","correct_guess","5","5","11","0","0","false"
"fixed-vs-balanced","0","344","c08","c05","human","human","correct_guess","4","4","9","0","0","false"
"fixed-vs-balanced","0","345","c08","c05","jev","human","correct_guess","4","5","10","0","0","false"
"fixed-vs-balanced","0","346","c08","c06","human","human","correct_guess","5","5","11","0","0","false"
"fixed-vs-balanced","0","347","c08","c06","jev","jev","correct_guess","5","5","11","0","0","false"
"fixed-vs-balanced","0","348","c08","c07","human","human","correct_guess","3","3","7","0","0","false"
"fixed-vs-balanced","0","349","c08","c07","jev","human","correct_guess","3","4","8","0","0","false"
"fixed-vs-balanced","0","350","c08","c08","human","jev","correct_guess","6","5","12","0","0","false"
"fixed-vs-balanced","0","351","c08","c08","jev","jev","correct_guess","5","5","11","0","0","false"
"fixed-vs-balanced","0","352","c08","c09","human","human","correct_guess","3","3","7","0","0","false"
"fixed-vs-balanced","0","353","c08","c09","jev","human","correct_guess","3","4","8","0","0","false"
"fixed-vs-balanced","0","354","c08","c10","human","jev","correct_guess","6","5","12","0","0","false"
"fixed-vs-balanced","0","355","c08","c10","jev","jev","correct_guess","5","5","11","0","0","false"
"fixed-vs-balanced","0","356","c08","c11","human","human","correct_guess","4","4","9","0","0","false"
"fixed-vs-balanced","0","357","c08","c11","jev","human","correct_guess","4","5","10","0","0","false"
"fixed-vs-balanced","0","358","c08","c12","human","human","correct_guess","5","5","11","0","0","false"
"fixed-vs-balanced","0","359","c08","c12","jev","jev","correct_guess","5","5","11","0","0","false"
"fixed-vs-balanced","0","360","c08","c13","human","human","correct_guess","3","3","7","0","0","false"
"fixed-vs-balanced","0","361","c08","c13","jev","human","correct_guess","3","4","8","0","0","false"
"fixed-vs-balanced","0","362","c08","c14","human","human","correct_guess","5","5","11","0","0","false"
"fixed-vs-balanced","0","363","c08","c14","jev","jev","correct_guess","5","5","11","0","0","false"
"fixed-vs-balanced","0","364","c08","c15","human","jev","correct_guess","6","5","12","0","0","false"
"fixed-vs-balanced","0","365","c08","c15","jev","jev","correct_guess","5","5","11","0","0","false"
"fixed-vs-balanced","0","366","c08","c16","human","human","correct_guess","4","4","9","0","0","false"
"fixed-vs-balanced","0","367","c08","c16","jev","human","correct_guess","4","5","10","0","0","false"
"fixed-vs-balanced","0","368","c08","c17","human","human","correct_guess","5","5","11","0","0","false"
"fixed-vs-balanced","0","369","c08","c17","jev","jev","correct_guess","5","5","11","0","0","false"
"fixed-vs-balanced","0","370","c08","c18","human","human","correct_guess","5","5","11","0","0","false"
"fixed-vs-balanced","0","371","c08","c18","jev","jev","correct_guess","5","5","11","0","0","false"
"fixed-vs-balanced","0","372","c08","c19","human","jev","correct_guess","6","5","12","0","0","false"
"fixed-vs-balanced","0","373","c08","c19","jev","jev","correct_guess","5","5","11","0","0","false"
"fixed-vs-balanced","0","374","c08","c20","human","jev","correct_guess","6","5","12","0","0","false"
"fixed-vs-balanced","0","375","c08","c20","jev","jev","correct_guess","5","5","11","0","0","false"
"fixed-vs-balanced","0","376","c08","c21","human","jev","correct_guess","6","5","12","0","0","false"
"fixed-vs-balanced","0","377","c08","c21","jev","jev","correct_guess","5","5","11","0","0","false"
"fixed-vs-balanced","0","378","c08","c22","human","jev","correct_guess","6","5","12","0","0","false"
"fixed-vs-balanced","0","379","c08","c22","jev","jev","correct_guess","5","5","11","0","0","false"
"fixed-vs-balanced","0","380","c08","c23","human","human","correct_guess","4","4","9","0","0","false"
"fixed-vs-balanced","0","381","c08","c23","jev","human","correct_guess","4","5","10","0","0","false"
"fixed-vs-balanced","0","382","c08","c24","human","human","correct_guess","5","5","11","0","0","false"
"fixed-vs-balanced","0","383","c08","c24","jev","jev","correct_guess","5","5","11","0","0","false"
"fixed-vs-balanced","0","384","c09","c01","human","jev","correct_guess","5","4","10","0","0","false"
"fixed-vs-balanced","0","385","c09","c01","jev","jev","correct_guess","4","4","9","0","0","false"
"fixed-vs-balanced","0","386","c09","c02","human","jev","correct_guess","5","4","10","0","0","false"
"fixed-vs-balanced","0","387","c09","c02","jev","jev","correct_guess","4","4","9","0","0","false"
"fixed-vs-balanced","0","388","c09","c03","human","jev","correct_guess","5","4","10","0","0","false"
"fixed-vs-balanced","0","389","c09","c03","jev","jev","correct_guess","4","4","9","0","0","false"
"fixed-vs-balanced","0","390","c09","c04","human","jev","correct_guess","5","4","10","0","0","false"
"fixed-vs-balanced","0","391","c09","c04","jev","jev","correct_guess","4","4","9","0","0","false"
"fixed-vs-balanced","0","392","c09","c05","human","human","correct_guess","4","4","9","0","0","false"
"fixed-vs-balanced","0","393","c09","c05","jev","jev","correct_guess","4","4","9","0","0","false"
"fixed-vs-balanced","0","394","c09","c06","human","jev","correct_guess","5","4","10","0","0","false"
"fixed-vs-balanced","0","395","c09","c06","jev","jev","correct_guess","4","4","9","0","0","false"
"fixed-vs-balanced","0","396","c09","c07","human","human","correct_guess","3","3","7","0","0","false"
"fixed-vs-balanced","0","397","c09","c07","jev","human","correct_guess","3","4","8","0","0","false"
"fixed-vs-balanced","0","398","c09","c08","human","jev","correct_guess","5","4","10","0","0","false"
"fixed-vs-balanced","0","399","c09","c08","jev","jev","correct_guess","4","4","9","0","0","false"
"fixed-vs-balanced","0","400","c09","c09","human","human","correct_guess","3","3","7","0","0","false"
"fixed-vs-balanced","0","401","c09","c09","jev","human","correct_guess","3","4","8","0","0","false"
"fixed-vs-balanced","0","402","c09","c10","human","jev","correct_guess","5","4","10","0","0","false"
"fixed-vs-balanced","0","403","c09","c10","jev","jev","correct_guess","4","4","9","0","0","false"
"fixed-vs-balanced","0","404","c09","c11","human","human","correct_guess","4","4","9","0","0","false"
"fixed-vs-balanced","0","405","c09","c11","jev","jev","correct_guess","4","4","9","0","0","false"
"fixed-vs-balanced","0","406","c09","c12","human","jev","correct_guess","5","4","10","0","0","false"
"fixed-vs-balanced","0","407","c09","c12","jev","jev","correct_guess","4","4","9","0","0","false"
"fixed-vs-balanced","0","408","c09","c13","human","human","correct_guess","3","3","7","0","0","false"
"fixed-vs-balanced","0","409","c09","c13","jev","human","correct_guess","3","4","8","0","0","false"
"fixed-vs-balanced","0","410","c09","c14","human","jev","correct_guess","5","4","10","0","0","false"
"fixed-vs-balanced","0","411","c09","c14","jev","jev","correct_guess","4","4","9","0","0","false"
"fixed-vs-balanced","0","412","c09","c15","human","jev","correct_guess","5","4","10","0","0","false"
"fixed-vs-balanced","0","413","c09","c15","jev","jev","correct_guess","4","4","9","0","0","false"
"fixed-vs-balanced","0","414","c09","c16","human","human","correct_guess","4","4","9","0","0","false"
"fixed-vs-balanced","0","415","c09","c16","jev","jev","correct_guess","4","4","9","0","0","false"
"fixed-vs-balanced","0","416","c09","c17","human","jev","correct_guess","5","4","10","0","0","false"
"fixed-vs-balanced","0","417","c09","c17","jev","jev","correct_guess","4","4","9","0","0","false"
"fixed-vs-balanced","0","418","c09","c18","human","jev","correct_guess","5","4","10","0","0","false"
"fixed-vs-balanced","0","419","c09","c18","jev","jev","correct_guess","4","4","9","0","0","false"
"fixed-vs-balanced","0","420","c09","c19","human","jev","correct_guess","5","4","10","0","0","false"
"fixed-vs-balanced","0","421","c09","c19","jev","jev","correct_guess","4","4","9","0","0","false"
"fixed-vs-balanced","0","422","c09","c20","human","jev","correct_guess","5","4","10","0","0","false"
"fixed-vs-balanced","0","423","c09","c20","jev","jev","correct_guess","4","4","9","0","0","false"
"fixed-vs-balanced","0","424","c09","c21","human","jev","correct_guess","5","4","10","0","0","false"
"fixed-vs-balanced","0","425","c09","c21","jev","jev","correct_guess","4","4","9","0","0","false"
"fixed-vs-balanced","0","426","c09","c22","human","jev","correct_guess","5","4","10","0","0","false"
"fixed-vs-balanced","0","427","c09","c22","jev","jev","correct_guess","4","4","9","0","0","false"
"fixed-vs-balanced","0","428","c09","c23","human","human","correct_guess","4","4","9","0","0","false"
"fixed-vs-balanced","0","429","c09","c23","jev","jev","correct_guess","4","4","9","0","0","false"
"fixed-vs-balanced","0","430","c09","c24","human","jev","correct_guess","5","4","10","0","0","false"
"fixed-vs-balanced","0","431","c09","c24","jev","jev","correct_guess","4","4","9","0","0","false"
"fixed-vs-balanced","0","432","c10","c01","human","human","correct_guess","6","6","13","0","0","false"
"fixed-vs-balanced","0","433","c10","c01","jev","jev","correct_guess","6","6","13","0","0","false"
"fixed-vs-balanced","0","434","c10","c02","human","human","correct_guess","5","5","11","0","0","false"
"fixed-vs-balanced","0","435","c10","c02","jev","human","correct_guess","5","6","12","0","0","false"
"fixed-vs-balanced","0","436","c10","c03","human","human","correct_guess","6","6","13","0","0","false"
"fixed-vs-balanced","0","437","c10","c03","jev","jev","correct_guess","6","6","13","0","0","false"
"fixed-vs-balanced","0","438","c10","c04","human","human","correct_guess","5","5","11","0","0","false"
"fixed-vs-balanced","0","439","c10","c04","jev","human","correct_guess","5","6","12","0","0","false"
"fixed-vs-balanced","0","440","c10","c05","human","human","correct_guess","4","4","9","0","0","false"
"fixed-vs-balanced","0","441","c10","c05","jev","human","correct_guess","4","5","10","0","0","false"
"fixed-vs-balanced","0","442","c10","c06","human","human","correct_guess","5","5","11","0","0","false"
"fixed-vs-balanced","0","443","c10","c06","jev","human","correct_guess","5","6","12","0","0","false"
"fixed-vs-balanced","0","444","c10","c07","human","human","correct_guess","3","3","7","0","0","false"
"fixed-vs-balanced","0","445","c10","c07","jev","human","correct_guess","3","4","8","0","0","false"
"fixed-vs-balanced","0","446","c10","c08","human","human","correct_guess","6","6","13","0","0","false"
"fixed-vs-balanced","0","447","c10","c08","jev","jev","correct_guess","6","6","13","0","0","false"
"fixed-vs-balanced","0","448","c10","c09","human","human","correct_guess","3","3","7","0","0","false"
"fixed-vs-balanced","0","449","c10","c09","jev","human","correct_guess","3","4","8","0","0","false"
"fixed-vs-balanced","0","450","c10","c10","human","jev","correct_guess","7","6","14","0","0","false"
"fixed-vs-balanced","0","451","c10","c10","jev","jev","correct_guess","6","6","13","0","0","false"
"fixed-vs-balanced","0","452","c10","c11","human","human","correct_guess","4","4","9","0","0","false"
"fixed-vs-balanced","0","453","c10","c11","jev","human","correct_guess","4","5","10","0","0","false"
"fixed-vs-balanced","0","454","c10","c12","human","human","correct_guess","5","5","11","0","0","false"
"fixed-vs-balanced","0","455","c10","c12","jev","human","correct_guess","5","6","12","0","0","false"
"fixed-vs-balanced","0","456","c10","c13","human","human","correct_guess","3","3","7","0","0","false"
"fixed-vs-balanced","0","457","c10","c13","jev","human","correct_guess","3","4","8","0","0","false"
"fixed-vs-balanced","0","458","c10","c14","human","human","correct_guess","5","5","11","0","0","false"
"fixed-vs-balanced","0","459","c10","c14","jev","human","correct_guess","5","6","12","0","0","false"
"fixed-vs-balanced","0","460","c10","c15","human","human","correct_guess","6","6","13","0","0","false"
"fixed-vs-balanced","0","461","c10","c15","jev","jev","correct_guess","6","6","13","0","0","false"
"fixed-vs-balanced","0","462","c10","c16","human","human","correct_guess","4","4","9","0","0","false"
"fixed-vs-balanced","0","463","c10","c16","jev","human","correct_guess","4","5","10","0","0","false"
"fixed-vs-balanced","0","464","c10","c17","human","human","correct_guess","5","5","11","0","0","false"
"fixed-vs-balanced","0","465","c10","c17","jev","human","correct_guess","5","6","12","0","0","false"
"fixed-vs-balanced","0","466","c10","c18","human","human","correct_guess","5","5","11","0","0","false"
"fixed-vs-balanced","0","467","c10","c18","jev","human","correct_guess","5","6","12","0","0","false"
"fixed-vs-balanced","0","468","c10","c19","human","human","correct_guess","6","6","13","0","0","false"
"fixed-vs-balanced","0","469","c10","c19","jev","jev","correct_guess","6","6","13","0","0","false"
"fixed-vs-balanced","0","470","c10","c20","human","human","correct_guess","6","6","13","0","0","false"
"fixed-vs-balanced","0","471","c10","c20","jev","jev","correct_guess","6","6","13","0","0","false"
"fixed-vs-balanced","0","472","c10","c21","human","jev","correct_guess","7","6","14","0","0","false"
"fixed-vs-balanced","0","473","c10","c21","jev","jev","correct_guess","6","6","13","0","0","false"
"fixed-vs-balanced","0","474","c10","c22","human","human","correct_guess","6","6","13","0","0","false"
"fixed-vs-balanced","0","475","c10","c22","jev","jev","correct_guess","6","6","13","0","0","false"
"fixed-vs-balanced","0","476","c10","c23","human","human","correct_guess","4","4","9","0","0","false"
"fixed-vs-balanced","0","477","c10","c23","jev","human","correct_guess","4","5","10","0","0","false"
"fixed-vs-balanced","0","478","c10","c24","human","human","correct_guess","5","5","11","0","0","false"
"fixed-vs-balanced","0","479","c10","c24","jev","human","correct_guess","5","6","12","0","0","false"
"fixed-vs-balanced","0","480","c11","c01","human","jev","correct_guess","6","5","12","0","0","false"
"fixed-vs-balanced","0","481","c11","c01","jev","jev","correct_guess","5","5","11","0","0","false"
"fixed-vs-balanced","0","482","c11","c02","human","human","correct_guess","5","5","11","0","0","false"
"fixed-vs-balanced","0","483","c11","c02","jev","jev","correct_guess","5","5","11","0","0","false"
"fixed-vs-balanced","0","484","c11","c03","human","jev","correct_guess","6","5","12","0","0","false"
"fixed-vs-balanced","0","485","c11","c03","jev","jev","correct_guess","5","5","11","0","0","false"
"fixed-vs-balanced","0","486","c11","c04","human","human","correct_guess","5","5","11","0","0","false"
"fixed-vs-balanced","0","487","c11","c04","jev","jev","correct_guess","5","5","11","0","0","false"
"fixed-vs-balanced","0","488","c11","c05","human","human","correct_guess","4","4","9","0","0","false"
"fixed-vs-balanced","0","489","c11","c05","jev","human","correct_guess","4","5","10","0","0","false"
"fixed-vs-balanced","0","490","c11","c06","human","human","correct_guess","5","5","11","0","0","false"
"fixed-vs-balanced","0","491","c11","c06","jev","jev","correct_guess","5","5","11","0","0","false"
"fixed-vs-balanced","0","492","c11","c07","human","human","correct_guess","3","3","7","0","0","false"
"fixed-vs-balanced","0","493","c11","c07","jev","human","correct_guess","3","4","8","0","0","false"
"fixed-vs-balanced","0","494","c11","c08","human","jev","correct_guess","6","5","12","0","0","false"
"fixed-vs-balanced","0","495","c11","c08","jev","jev","correct_guess","5","5","11","0","0","false"
"fixed-vs-balanced","0","496","c11","c09","human","human","correct_guess","3","3","7","0","0","false"
"fixed-vs-balanced","0","497","c11","c09","jev","human","correct_guess","3","4","8","0","0","false"
"fixed-vs-balanced","0","498","c11","c10","human","jev","correct_guess","6","5","12","0","0","false"
"fixed-vs-balanced","0","499","c11","c10","jev","jev","correct_guess","5","5","11","0","0","false"
"fixed-vs-balanced","0","500","c11","c11","human","human","correct_guess","4","4","9","0","0","false"
"fixed-vs-balanced","0","501","c11","c11","jev","human","correct_guess","4","5","10","0","0","false"
"fixed-vs-balanced","0","502","c11","c12","human","human","correct_guess","5","5","11","0","0","false"
"fixed-vs-balanced","0","503","c11","c12","jev","jev","correct_guess","5","5","11","0","0","false"
"fixed-vs-balanced","0","504","c11","c13","human","human","correct_guess","3","3","7","0","0","false"
"fixed-vs-balanced","0","505","c11","c13","jev","human","correct_guess","3","4","8","0","0","false"
"fixed-vs-balanced","0","506","c11","c14","human","human","correct_guess","5","5","11","0","0","false"
"fixed-vs-balanced","0","507","c11","c14","jev","jev","correct_guess","5","5","11","0","0","false"
"fixed-vs-balanced","0","508","c11","c15","human","jev","correct_guess","6","5","12","0","0","false"
"fixed-vs-balanced","0","509","c11","c15","jev","jev","correct_guess","5","5","11","0","0","false"
"fixed-vs-balanced","0","510","c11","c16","human","human","correct_guess","4","4","9","0","0","false"
"fixed-vs-balanced","0","511","c11","c16","jev","human","correct_guess","4","5","10","0","0","false"
"fixed-vs-balanced","0","512","c11","c17","human","human","correct_guess","5","5","11","0","0","false"
"fixed-vs-balanced","0","513","c11","c17","jev","jev","correct_guess","5","5","11","0","0","false"
"fixed-vs-balanced","0","514","c11","c18","human","human","correct_guess","5","5","11","0","0","false"
"fixed-vs-balanced","0","515","c11","c18","jev","jev","correct_guess","5","5","11","0","0","false"
"fixed-vs-balanced","0","516","c11","c19","human","jev","correct_guess","6","5","12","0","0","false"
"fixed-vs-balanced","0","517","c11","c19","jev","jev","correct_guess","5","5","11","0","0","false"
"fixed-vs-balanced","0","518","c11","c20","human","jev","correct_guess","6","5","12","0","0","false"
"fixed-vs-balanced","0","519","c11","c20","jev","jev","correct_guess","5","5","11","0","0","false"
"fixed-vs-balanced","0","520","c11","c21","human","jev","correct_guess","6","5","12","0","0","false"
"fixed-vs-balanced","0","521","c11","c21","jev","jev","correct_guess","5","5","11","0","0","false"
"fixed-vs-balanced","0","522","c11","c22","human","jev","correct_guess","6","5","12","0","0","false"
"fixed-vs-balanced","0","523","c11","c22","jev","jev","correct_guess","5","5","11","0","0","false"
"fixed-vs-balanced","0","524","c11","c23","human","human","correct_guess","4","4","9","0","0","false"
"fixed-vs-balanced","0","525","c11","c23","jev","human","correct_guess","4","5","10","0","0","false"
"fixed-vs-balanced","0","526","c11","c24","human","human","correct_guess","5","5","11","0","0","false"
"fixed-vs-balanced","0","527","c11","c24","jev","jev","correct_guess","5","5","11","0","0","false"
"fixed-vs-balanced","0","528","c12","c01","human","jev","correct_guess","6","5","12","0","0","false"
"fixed-vs-balanced","0","529","c12","c01","jev","jev","correct_guess","5","5","11","0","0","false"
"fixed-vs-balanced","0","530","c12","c02","human","human","correct_guess","5","5","11","0","0","false"
"fixed-vs-balanced","0","531","c12","c02","jev","jev","correct_guess","5","5","11","0","0","false"
"fixed-vs-balanced","0","532","c12","c03","human","jev","correct_guess","6","5","12","0","0","false"
"fixed-vs-balanced","0","533","c12","c03","jev","jev","correct_guess","5","5","11","0","0","false"
"fixed-vs-balanced","0","534","c12","c04","human","human","correct_guess","5","5","11","0","0","false"
"fixed-vs-balanced","0","535","c12","c04","jev","jev","correct_guess","5","5","11","0","0","false"
"fixed-vs-balanced","0","536","c12","c05","human","human","correct_guess","4","4","9","0","0","false"
"fixed-vs-balanced","0","537","c12","c05","jev","human","correct_guess","4","5","10","0","0","false"
"fixed-vs-balanced","0","538","c12","c06","human","human","correct_guess","5","5","11","0","0","false"
"fixed-vs-balanced","0","539","c12","c06","jev","jev","correct_guess","5","5","11","0","0","false"
"fixed-vs-balanced","0","540","c12","c07","human","human","correct_guess","3","3","7","0","0","false"
"fixed-vs-balanced","0","541","c12","c07","jev","human","correct_guess","3","4","8","0","0","false"
"fixed-vs-balanced","0","542","c12","c08","human","jev","correct_guess","6","5","12","0","0","false"
"fixed-vs-balanced","0","543","c12","c08","jev","jev","correct_guess","5","5","11","0","0","false"
"fixed-vs-balanced","0","544","c12","c09","human","human","correct_guess","3","3","7","0","0","false"
"fixed-vs-balanced","0","545","c12","c09","jev","human","correct_guess","3","4","8","0","0","false"
"fixed-vs-balanced","0","546","c12","c10","human","jev","correct_guess","6","5","12","0","0","false"
"fixed-vs-balanced","0","547","c12","c10","jev","jev","correct_guess","5","5","11","0","0","false"
"fixed-vs-balanced","0","548","c12","c11","human","human","correct_guess","4","4","9","0","0","false"
"fixed-vs-balanced","0","549","c12","c11","jev","human","correct_guess","4","5","10","0","0","false"
"fixed-vs-balanced","0","550","c12","c12","human","human","correct_guess","5","5","11","0","0","false"
"fixed-vs-balanced","0","551","c12","c12","jev","jev","correct_guess","5","5","11","0","0","false"
"fixed-vs-balanced","0","552","c12","c13","human","human","correct_guess","3","3","7","0","0","false"
"fixed-vs-balanced","0","553","c12","c13","jev","human","correct_guess","3","4","8","0","0","false"
"fixed-vs-balanced","0","554","c12","c14","human","human","correct_guess","5","5","11","0","0","false"
"fixed-vs-balanced","0","555","c12","c14","jev","jev","correct_guess","5","5","11","0","0","false"
"fixed-vs-balanced","0","556","c12","c15","human","jev","correct_guess","6","5","12","0","0","false"
"fixed-vs-balanced","0","557","c12","c15","jev","jev","correct_guess","5","5","11","0","0","false"
"fixed-vs-balanced","0","558","c12","c16","human","human","correct_guess","4","4","9","0","0","false"
"fixed-vs-balanced","0","559","c12","c16","jev","human","correct_guess","4","5","10","0","0","false"
"fixed-vs-balanced","0","560","c12","c17","human","human","correct_guess","5","5","11","0","0","false"
"fixed-vs-balanced","0","561","c12","c17","jev","jev","correct_guess","5","5","11","0","0","false"
"fixed-vs-balanced","0","562","c12","c18","human","human","correct_guess","5","5","11","0","0","false"
"fixed-vs-balanced","0","563","c12","c18","jev","jev","correct_guess","5","5","11","0","0","false"
"fixed-vs-balanced","0","564","c12","c19","human","jev","correct_guess","6","5","12","0","0","false"
"fixed-vs-balanced","0","565","c12","c19","jev","jev","correct_guess","5","5","11","0","0","false"
"fixed-vs-balanced","0","566","c12","c20","human","jev","correct_guess","6","5","12","0","0","false"
"fixed-vs-balanced","0","567","c12","c20","jev","jev","correct_guess","5","5","11","0","0","false"
"fixed-vs-balanced","0","568","c12","c21","human","jev","correct_guess","6","5","12","0","0","false"
"fixed-vs-balanced","0","569","c12","c21","jev","jev","correct_guess","5","5","11","0","0","false"
"fixed-vs-balanced","0","570","c12","c22","human","jev","correct_guess","6","5","12","0","0","false"
"fixed-vs-balanced","0","571","c12","c22","jev","jev","correct_guess","5","5","11","0","0","false"
"fixed-vs-balanced","0","572","c12","c23","human","human","correct_guess","4","4","9","0","0","false"
"fixed-vs-balanced","0","573","c12","c23","jev","human","correct_guess","4","5","10","0","0","false"
"fixed-vs-balanced","0","574","c12","c24","human","human","correct_guess","5","5","11","0","0","false"
"fixed-vs-balanced","0","575","c12","c24","jev","jev","correct_guess","5","5","11","0","0","false"
"fixed-vs-balanced","0","576","c13","c01","human","jev","correct_guess","6","5","12","0","0","false"
"fixed-vs-balanced","0","577","c13","c01","jev","jev","correct_guess","5","5","11","0","0","false"
"fixed-vs-balanced","0","578","c13","c02","human","human","correct_guess","5","5","11","0","0","false"
"fixed-vs-balanced","0","579","c13","c02","jev","jev","correct_guess","5","5","11","0","0","false"
"fixed-vs-balanced","0","580","c13","c03","human","jev","correct_guess","6","5","12","0","0","false"
"fixed-vs-balanced","0","581","c13","c03","jev","jev","correct_guess","5","5","11","0","0","false"
"fixed-vs-balanced","0","582","c13","c04","human","human","correct_guess","5","5","11","0","0","false"
"fixed-vs-balanced","0","583","c13","c04","jev","jev","correct_guess","5","5","11","0","0","false"
"fixed-vs-balanced","0","584","c13","c05","human","human","correct_guess","4","4","9","0","0","false"
"fixed-vs-balanced","0","585","c13","c05","jev","human","correct_guess","4","5","10","0","0","false"
"fixed-vs-balanced","0","586","c13","c06","human","human","correct_guess","5","5","11","0","0","false"
"fixed-vs-balanced","0","587","c13","c06","jev","jev","correct_guess","5","5","11","0","0","false"
"fixed-vs-balanced","0","588","c13","c07","human","human","correct_guess","3","3","7","0","0","false"
"fixed-vs-balanced","0","589","c13","c07","jev","human","correct_guess","3","4","8","0","0","false"
"fixed-vs-balanced","0","590","c13","c08","human","jev","correct_guess","6","5","12","0","0","false"
"fixed-vs-balanced","0","591","c13","c08","jev","jev","correct_guess","5","5","11","0","0","false"
"fixed-vs-balanced","0","592","c13","c09","human","human","correct_guess","3","3","7","0","0","false"
"fixed-vs-balanced","0","593","c13","c09","jev","human","correct_guess","3","4","8","0","0","false"
"fixed-vs-balanced","0","594","c13","c10","human","jev","correct_guess","6","5","12","0","0","false"
"fixed-vs-balanced","0","595","c13","c10","jev","jev","correct_guess","5","5","11","0","0","false"
"fixed-vs-balanced","0","596","c13","c11","human","human","correct_guess","4","4","9","0","0","false"
"fixed-vs-balanced","0","597","c13","c11","jev","human","correct_guess","4","5","10","0","0","false"
"fixed-vs-balanced","0","598","c13","c12","human","human","correct_guess","5","5","11","0","0","false"
"fixed-vs-balanced","0","599","c13","c12","jev","jev","correct_guess","5","5","11","0","0","false"
"fixed-vs-balanced","0","600","c13","c13","human","human","correct_guess","3","3","7","0","0","false"
"fixed-vs-balanced","0","601","c13","c13","jev","human","correct_guess","3","4","8","0","0","false"
"fixed-vs-balanced","0","602","c13","c14","human","human","correct_guess","5","5","11","0","0","false"
"fixed-vs-balanced","0","603","c13","c14","jev","jev","correct_guess","5","5","11","0","0","false"
"fixed-vs-balanced","0","604","c13","c15","human","jev","correct_guess","6","5","12","0","0","false"
"fixed-vs-balanced","0","605","c13","c15","jev","jev","correct_guess","5","5","11","0","0","false"
"fixed-vs-balanced","0","606","c13","c16","human","human","correct_guess","4","4","9","0","0","false"
"fixed-vs-balanced","0","607","c13","c16","jev","human","correct_guess","4","5","10","0","0","false"
"fixed-vs-balanced","0","608","c13","c17","human","human","correct_guess","5","5","11","0","0","false"
"fixed-vs-balanced","0","609","c13","c17","jev","jev","correct_guess","5","5","11","0","0","false"
"fixed-vs-balanced","0","610","c13","c18","human","human","correct_guess","5","5","11","0","0","false"
"fixed-vs-balanced","0","611","c13","c18","jev","jev","correct_guess","5","5","11","0","0","false"
"fixed-vs-balanced","0","612","c13","c19","human","jev","correct_guess","6","5","12","0","0","false"
"fixed-vs-balanced","0","613","c13","c19","jev","jev","correct_guess","5","5","11","0","0","false"
"fixed-vs-balanced","0","614","c13","c20","human","jev","correct_guess","6","5","12","0","0","false"
"fixed-vs-balanced","0","615","c13","c20","jev","jev","correct_guess","5","5","11","0","0","false"
"fixed-vs-balanced","0","616","c13","c21","human","jev","correct_guess","6","5","12","0","0","false"
"fixed-vs-balanced","0","617","c13","c21","jev","jev","correct_guess","5","5","11","0","0","false"
"fixed-vs-balanced","0","618","c13","c22","human","jev","correct_guess","6","5","12","0","0","false"
"fixed-vs-balanced","0","619","c13","c22","jev","jev","correct_guess","5","5","11","0","0","false"
"fixed-vs-balanced","0","620","c13","c23","human","human","correct_guess","4","4","9","0","0","false"
"fixed-vs-balanced","0","621","c13","c23","jev","human","correct_guess","4","5","10","0","0","false"
"fixed-vs-balanced","0","622","c13","c24","human","human","correct_guess","5","5","11","0","0","false"
"fixed-vs-balanced","0","623","c13","c24","jev","jev","correct_guess","5","5","11","0","0","false"
"fixed-vs-balanced","0","624","c14","c01","human","human","correct_guess","6","6","13","0","0","false"
"fixed-vs-balanced","0","625","c14","c01","jev","jev","correct_guess","6","6","13","0","0","false"
"fixed-vs-balanced","0","626","c14","c02","human","human","correct_guess","5","5","11","0","0","false"
"fixed-vs-balanced","0","627","c14","c02","jev","human","correct_guess","5","6","12","0","0","false"
"fixed-vs-balanced","0","628","c14","c03","human","human","correct_guess","6","6","13","0","0","false"
"fixed-vs-balanced","0","629","c14","c03","jev","jev","correct_guess","6","6","13","0","0","false"
"fixed-vs-balanced","0","630","c14","c04","human","human","correct_guess","5","5","11","0","0","false"
"fixed-vs-balanced","0","631","c14","c04","jev","human","correct_guess","5","6","12","0","0","false"
"fixed-vs-balanced","0","632","c14","c05","human","human","correct_guess","4","4","9","0","0","false"
"fixed-vs-balanced","0","633","c14","c05","jev","human","correct_guess","4","5","10","0","0","false"
"fixed-vs-balanced","0","634","c14","c06","human","human","correct_guess","5","5","11","0","0","false"
"fixed-vs-balanced","0","635","c14","c06","jev","human","correct_guess","5","6","12","0","0","false"
"fixed-vs-balanced","0","636","c14","c07","human","human","correct_guess","3","3","7","0","0","false"
"fixed-vs-balanced","0","637","c14","c07","jev","human","correct_guess","3","4","8","0","0","false"
"fixed-vs-balanced","0","638","c14","c08","human","human","correct_guess","6","6","13","0","0","false"
"fixed-vs-balanced","0","639","c14","c08","jev","jev","correct_guess","6","6","13","0","0","false"
"fixed-vs-balanced","0","640","c14","c09","human","human","correct_guess","3","3","7","0","0","false"
"fixed-vs-balanced","0","641","c14","c09","jev","human","correct_guess","3","4","8","0","0","false"
"fixed-vs-balanced","0","642","c14","c10","human","jev","correct_guess","7","6","14","0","0","false"
"fixed-vs-balanced","0","643","c14","c10","jev","jev","correct_guess","6","6","13","0","0","false"
"fixed-vs-balanced","0","644","c14","c11","human","human","correct_guess","4","4","9","0","0","false"
"fixed-vs-balanced","0","645","c14","c11","jev","human","correct_guess","4","5","10","0","0","false"
"fixed-vs-balanced","0","646","c14","c12","human","human","correct_guess","5","5","11","0","0","false"
"fixed-vs-balanced","0","647","c14","c12","jev","human","correct_guess","5","6","12","0","0","false"
"fixed-vs-balanced","0","648","c14","c13","human","human","correct_guess","3","3","7","0","0","false"
"fixed-vs-balanced","0","649","c14","c13","jev","human","correct_guess","3","4","8","0","0","false"
"fixed-vs-balanced","0","650","c14","c14","human","human","correct_guess","5","5","11","0","0","false"
"fixed-vs-balanced","0","651","c14","c14","jev","human","correct_guess","5","6","12","0","0","false"
"fixed-vs-balanced","0","652","c14","c15","human","human","correct_guess","6","6","13","0","0","false"
"fixed-vs-balanced","0","653","c14","c15","jev","jev","correct_guess","6","6","13","0","0","false"
"fixed-vs-balanced","0","654","c14","c16","human","human","correct_guess","4","4","9","0","0","false"
"fixed-vs-balanced","0","655","c14","c16","jev","human","correct_guess","4","5","10","0","0","false"
"fixed-vs-balanced","0","656","c14","c17","human","human","correct_guess","5","5","11","0","0","false"
"fixed-vs-balanced","0","657","c14","c17","jev","human","correct_guess","5","6","12","0","0","false"
"fixed-vs-balanced","0","658","c14","c18","human","human","correct_guess","5","5","11","0","0","false"
"fixed-vs-balanced","0","659","c14","c18","jev","human","correct_guess","5","6","12","0","0","false"
"fixed-vs-balanced","0","660","c14","c19","human","human","correct_guess","6","6","13","0","0","false"
"fixed-vs-balanced","0","661","c14","c19","jev","jev","correct_guess","6","6","13","0","0","false"
"fixed-vs-balanced","0","662","c14","c20","human","human","correct_guess","6","6","13","0","0","false"
"fixed-vs-balanced","0","663","c14","c20","jev","jev","correct_guess","6","6","13","0","0","false"
"fixed-vs-balanced","0","664","c14","c21","human","jev","correct_guess","7","6","14","0","0","false"
"fixed-vs-balanced","0","665","c14","c21","jev","jev","correct_guess","6","6","13","0","0","false"
"fixed-vs-balanced","0","666","c14","c22","human","human","correct_guess","6","6","13","0","0","false"
"fixed-vs-balanced","0","667","c14","c22","jev","jev","correct_guess","6","6","13","0","0","false"
"fixed-vs-balanced","0","668","c14","c23","human","human","correct_guess","4","4","9","0","0","false"
"fixed-vs-balanced","0","669","c14","c23","jev","human","correct_guess","4","5","10","0","0","false"
"fixed-vs-balanced","0","670","c14","c24","human","human","correct_guess","5","5","11","0","0","false"
"fixed-vs-balanced","0","671","c14","c24","jev","human","correct_guess","5","6","12","0","0","false"
"fixed-vs-balanced","0","672","c15","c01","human","jev","correct_guess","5","4","10","0","0","false"
"fixed-vs-balanced","0","673","c15","c01","jev","jev","correct_guess","4","4","9","0","0","false"
"fixed-vs-balanced","0","674","c15","c02","human","jev","correct_guess","5","4","10","0","0","false"
"fixed-vs-balanced","0","675","c15","c02","jev","jev","correct_guess","4","4","9","0","0","false"
"fixed-vs-balanced","0","676","c15","c03","human","jev","correct_guess","5","4","10","0","0","false"
"fixed-vs-balanced","0","677","c15","c03","jev","jev","correct_guess","4","4","9","0","0","false"
"fixed-vs-balanced","0","678","c15","c04","human","jev","correct_guess","5","4","10","0","0","false"
"fixed-vs-balanced","0","679","c15","c04","jev","jev","correct_guess","4","4","9","0","0","false"
"fixed-vs-balanced","0","680","c15","c05","human","human","correct_guess","4","4","9","0","0","false"
"fixed-vs-balanced","0","681","c15","c05","jev","jev","correct_guess","4","4","9","0","0","false"
"fixed-vs-balanced","0","682","c15","c06","human","jev","correct_guess","5","4","10","0","0","false"
"fixed-vs-balanced","0","683","c15","c06","jev","jev","correct_guess","4","4","9","0","0","false"
"fixed-vs-balanced","0","684","c15","c07","human","human","correct_guess","3","3","7","0","0","false"
"fixed-vs-balanced","0","685","c15","c07","jev","human","correct_guess","3","4","8","0","0","false"
"fixed-vs-balanced","0","686","c15","c08","human","jev","correct_guess","5","4","10","0","0","false"
"fixed-vs-balanced","0","687","c15","c08","jev","jev","correct_guess","4","4","9","0","0","false"
"fixed-vs-balanced","0","688","c15","c09","human","human","correct_guess","3","3","7","0","0","false"
"fixed-vs-balanced","0","689","c15","c09","jev","human","correct_guess","3","4","8","0","0","false"
"fixed-vs-balanced","0","690","c15","c10","human","jev","correct_guess","5","4","10","0","0","false"
"fixed-vs-balanced","0","691","c15","c10","jev","jev","correct_guess","4","4","9","0","0","false"
"fixed-vs-balanced","0","692","c15","c11","human","human","correct_guess","4","4","9","0","0","false"
"fixed-vs-balanced","0","693","c15","c11","jev","jev","correct_guess","4","4","9","0","0","false"
"fixed-vs-balanced","0","694","c15","c12","human","jev","correct_guess","5","4","10","0","0","false"
"fixed-vs-balanced","0","695","c15","c12","jev","jev","correct_guess","4","4","9","0","0","false"
"fixed-vs-balanced","0","696","c15","c13","human","human","correct_guess","3","3","7","0","0","false"
"fixed-vs-balanced","0","697","c15","c13","jev","human","correct_guess","3","4","8","0","0","false"
"fixed-vs-balanced","0","698","c15","c14","human","jev","correct_guess","5","4","10","0","0","false"
"fixed-vs-balanced","0","699","c15","c14","jev","jev","correct_guess","4","4","9","0","0","false"
"fixed-vs-balanced","0","700","c15","c15","human","jev","correct_guess","5","4","10","0","0","false"
"fixed-vs-balanced","0","701","c15","c15","jev","jev","correct_guess","4","4","9","0","0","false"
"fixed-vs-balanced","0","702","c15","c16","human","human","correct_guess","4","4","9","0","0","false"
"fixed-vs-balanced","0","703","c15","c16","jev","jev","correct_guess","4","4","9","0","0","false"
"fixed-vs-balanced","0","704","c15","c17","human","jev","correct_guess","5","4","10","0","0","false"
"fixed-vs-balanced","0","705","c15","c17","jev","jev","correct_guess","4","4","9","0","0","false"
"fixed-vs-balanced","0","706","c15","c18","human","jev","correct_guess","5","4","10","0","0","false"
"fixed-vs-balanced","0","707","c15","c18","jev","jev","correct_guess","4","4","9","0","0","false"
"fixed-vs-balanced","0","708","c15","c19","human","jev","correct_guess","5","4","10","0","0","false"
"fixed-vs-balanced","0","709","c15","c19","jev","jev","correct_guess","4","4","9","0","0","false"
"fixed-vs-balanced","0","710","c15","c20","human","jev","correct_guess","5","4","10","0","0","false"
"fixed-vs-balanced","0","711","c15","c20","jev","jev","correct_guess","4","4","9","0","0","false"
"fixed-vs-balanced","0","712","c15","c21","human","jev","correct_guess","5","4","10","0","0","false"
"fixed-vs-balanced","0","713","c15","c21","jev","jev","correct_guess","4","4","9","0","0","false"
"fixed-vs-balanced","0","714","c15","c22","human","jev","correct_guess","5","4","10","0","0","false"
"fixed-vs-balanced","0","715","c15","c22","jev","jev","correct_guess","4","4","9","0","0","false"
"fixed-vs-balanced","0","716","c15","c23","human","human","correct_guess","4","4","9","0","0","false"
"fixed-vs-balanced","0","717","c15","c23","jev","jev","correct_guess","4","4","9","0","0","false"
"fixed-vs-balanced","0","718","c15","c24","human","jev","correct_guess","5","4","10","0","0","false"
"fixed-vs-balanced","0","719","c15","c24","jev","jev","correct_guess","4","4","9","0","0","false"
"fixed-vs-balanced","0","720","c16","c01","human","jev","correct_guess","5","4","10","0","0","false"
"fixed-vs-balanced","0","721","c16","c01","jev","jev","correct_guess","4","4","9","0","0","false"
"fixed-vs-balanced","0","722","c16","c02","human","jev","correct_guess","5","4","10","0","0","false"
"fixed-vs-balanced","0","723","c16","c02","jev","jev","correct_guess","4","4","9","0","0","false"
"fixed-vs-balanced","0","724","c16","c03","human","jev","correct_guess","5","4","10","0","0","false"
"fixed-vs-balanced","0","725","c16","c03","jev","jev","correct_guess","4","4","9","0","0","false"
"fixed-vs-balanced","0","726","c16","c04","human","jev","correct_guess","5","4","10","0","0","false"
"fixed-vs-balanced","0","727","c16","c04","jev","jev","correct_guess","4","4","9","0","0","false"
"fixed-vs-balanced","0","728","c16","c05","human","human","correct_guess","4","4","9","0","0","false"
"fixed-vs-balanced","0","729","c16","c05","jev","jev","correct_guess","4","4","9","0","0","false"
"fixed-vs-balanced","0","730","c16","c06","human","jev","correct_guess","5","4","10","0","0","false"
"fixed-vs-balanced","0","731","c16","c06","jev","jev","correct_guess","4","4","9","0","0","false"
"fixed-vs-balanced","0","732","c16","c07","human","human","correct_guess","3","3","7","0","0","false"
"fixed-vs-balanced","0","733","c16","c07","jev","human","correct_guess","3","4","8","0","0","false"
"fixed-vs-balanced","0","734","c16","c08","human","jev","correct_guess","5","4","10","0","0","false"
"fixed-vs-balanced","0","735","c16","c08","jev","jev","correct_guess","4","4","9","0","0","false"
"fixed-vs-balanced","0","736","c16","c09","human","human","correct_guess","3","3","7","0","0","false"
"fixed-vs-balanced","0","737","c16","c09","jev","human","correct_guess","3","4","8","0","0","false"
"fixed-vs-balanced","0","738","c16","c10","human","jev","correct_guess","5","4","10","0","0","false"
"fixed-vs-balanced","0","739","c16","c10","jev","jev","correct_guess","4","4","9","0","0","false"
"fixed-vs-balanced","0","740","c16","c11","human","human","correct_guess","4","4","9","0","0","false"
"fixed-vs-balanced","0","741","c16","c11","jev","jev","correct_guess","4","4","9","0","0","false"
"fixed-vs-balanced","0","742","c16","c12","human","jev","correct_guess","5","4","10","0","0","false"
"fixed-vs-balanced","0","743","c16","c12","jev","jev","correct_guess","4","4","9","0","0","false"
"fixed-vs-balanced","0","744","c16","c13","human","human","correct_guess","3","3","7","0","0","false"
"fixed-vs-balanced","0","745","c16","c13","jev","human","correct_guess","3","4","8","0","0","false"
"fixed-vs-balanced","0","746","c16","c14","human","jev","correct_guess","5","4","10","0","0","false"
"fixed-vs-balanced","0","747","c16","c14","jev","jev","correct_guess","4","4","9","0","0","false"
"fixed-vs-balanced","0","748","c16","c15","human","jev","correct_guess","5","4","10","0","0","false"
"fixed-vs-balanced","0","749","c16","c15","jev","jev","correct_guess","4","4","9","0","0","false"
"fixed-vs-balanced","0","750","c16","c16","human","human","correct_guess","4","4","9","0","0","false"
"fixed-vs-balanced","0","751","c16","c16","jev","jev","correct_guess","4","4","9","0","0","false"
"fixed-vs-balanced","0","752","c16","c17","human","jev","correct_guess","5","4","10","0","0","false"
"fixed-vs-balanced","0","753","c16","c17","jev","jev","correct_guess","4","4","9","0","0","false"
"fixed-vs-balanced","0","754","c16","c18","human","jev","correct_guess","5","4","10","0","0","false"
"fixed-vs-balanced","0","755","c16","c18","jev","jev","correct_guess","4","4","9","0","0","false"
"fixed-vs-balanced","0","756","c16","c19","human","jev","correct_guess","5","4","10","0","0","false"
"fixed-vs-balanced","0","757","c16","c19","jev","jev","correct_guess","4","4","9","0","0","false"
"fixed-vs-balanced","0","758","c16","c20","human","jev","correct_guess","5","4","10","0","0","false"
"fixed-vs-balanced","0","759","c16","c20","jev","jev","correct_guess","4","4","9","0","0","false"
"fixed-vs-balanced","0","760","c16","c21","human","jev","correct_guess","5","4","10","0","0","false"
"fixed-vs-balanced","0","761","c16","c21","jev","jev","correct_guess","4","4","9","0","0","false"
"fixed-vs-balanced","0","762","c16","c22","human","jev","correct_guess","5","4","10","0","0","false"
"fixed-vs-balanced","0","763","c16","c22","jev","jev","correct_guess","4","4","9","0","0","false"
"fixed-vs-balanced","0","764","c16","c23","human","human","correct_guess","4","4","9","0","0","false"
"fixed-vs-balanced","0","765","c16","c23","jev","jev","correct_guess","4","4","9","0","0","false"
"fixed-vs-balanced","0","766","c16","c24","human","jev","correct_guess","5","4","10","0","0","false"
"fixed-vs-balanced","0","767","c16","c24","jev","jev","correct_guess","4","4","9","0","0","false"
"fixed-vs-balanced","0","768","c17","c01","human","jev","correct_guess","6","5","12","0","0","false"
"fixed-vs-balanced","0","769","c17","c01","jev","jev","correct_guess","5","5","11","0","0","false"
"fixed-vs-balanced","0","770","c17","c02","human","human","correct_guess","5","5","11","0","0","false"
"fixed-vs-balanced","0","771","c17","c02","jev","jev","correct_guess","5","5","11","0","0","false"
"fixed-vs-balanced","0","772","c17","c03","human","jev","correct_guess","6","5","12","0","0","false"
"fixed-vs-balanced","0","773","c17","c03","jev","jev","correct_guess","5","5","11","0","0","false"
"fixed-vs-balanced","0","774","c17","c04","human","human","correct_guess","5","5","11","0","0","false"
"fixed-vs-balanced","0","775","c17","c04","jev","jev","correct_guess","5","5","11","0","0","false"
"fixed-vs-balanced","0","776","c17","c05","human","human","correct_guess","4","4","9","0","0","false"
"fixed-vs-balanced","0","777","c17","c05","jev","human","correct_guess","4","5","10","0","0","false"
"fixed-vs-balanced","0","778","c17","c06","human","human","correct_guess","5","5","11","0","0","false"
"fixed-vs-balanced","0","779","c17","c06","jev","jev","correct_guess","5","5","11","0","0","false"
"fixed-vs-balanced","0","780","c17","c07","human","human","correct_guess","3","3","7","0","0","false"
"fixed-vs-balanced","0","781","c17","c07","jev","human","correct_guess","3","4","8","0","0","false"
"fixed-vs-balanced","0","782","c17","c08","human","jev","correct_guess","6","5","12","0","0","false"
"fixed-vs-balanced","0","783","c17","c08","jev","jev","correct_guess","5","5","11","0","0","false"
"fixed-vs-balanced","0","784","c17","c09","human","human","correct_guess","3","3","7","0","0","false"
"fixed-vs-balanced","0","785","c17","c09","jev","human","correct_guess","3","4","8","0","0","false"
"fixed-vs-balanced","0","786","c17","c10","human","jev","correct_guess","6","5","12","0","0","false"
"fixed-vs-balanced","0","787","c17","c10","jev","jev","correct_guess","5","5","11","0","0","false"
"fixed-vs-balanced","0","788","c17","c11","human","human","correct_guess","4","4","9","0","0","false"
"fixed-vs-balanced","0","789","c17","c11","jev","human","correct_guess","4","5","10","0","0","false"
"fixed-vs-balanced","0","790","c17","c12","human","human","correct_guess","5","5","11","0","0","false"
"fixed-vs-balanced","0","791","c17","c12","jev","jev","correct_guess","5","5","11","0","0","false"
"fixed-vs-balanced","0","792","c17","c13","human","human","correct_guess","3","3","7","0","0","false"
"fixed-vs-balanced","0","793","c17","c13","jev","human","correct_guess","3","4","8","0","0","false"
"fixed-vs-balanced","0","794","c17","c14","human","human","correct_guess","5","5","11","0","0","false"
"fixed-vs-balanced","0","795","c17","c14","jev","jev","correct_guess","5","5","11","0","0","false"
"fixed-vs-balanced","0","796","c17","c15","human","jev","correct_guess","6","5","12","0","0","false"
"fixed-vs-balanced","0","797","c17","c15","jev","jev","correct_guess","5","5","11","0","0","false"
"fixed-vs-balanced","0","798","c17","c16","human","human","correct_guess","4","4","9","0","0","false"
"fixed-vs-balanced","0","799","c17","c16","jev","human","correct_guess","4","5","10","0","0","false"
"fixed-vs-balanced","0","800","c17","c17","human","human","correct_guess","5","5","11","0","0","false"
"fixed-vs-balanced","0","801","c17","c17","jev","jev","correct_guess","5","5","11","0","0","false"
"fixed-vs-balanced","0","802","c17","c18","human","human","correct_guess","5","5","11","0","0","false"
"fixed-vs-balanced","0","803","c17","c18","jev","jev","correct_guess","5","5","11","0","0","false"
"fixed-vs-balanced","0","804","c17","c19","human","jev","correct_guess","6","5","12","0","0","false"
"fixed-vs-balanced","0","805","c17","c19","jev","jev","correct_guess","5","5","11","0","0","false"
"fixed-vs-balanced","0","806","c17","c20","human","jev","correct_guess","6","5","12","0","0","false"
"fixed-vs-balanced","0","807","c17","c20","jev","jev","correct_guess","5","5","11","0","0","false"
"fixed-vs-balanced","0","808","c17","c21","human","jev","correct_guess","6","5","12","0","0","false"
"fixed-vs-balanced","0","809","c17","c21","jev","jev","correct_guess","5","5","11","0","0","false"
"fixed-vs-balanced","0","810","c17","c22","human","jev","correct_guess","6","5","12","0","0","false"
"fixed-vs-balanced","0","811","c17","c22","jev","jev","correct_guess","5","5","11","0","0","false"
"fixed-vs-balanced","0","812","c17","c23","human","human","correct_guess","4","4","9","0","0","false"
"fixed-vs-balanced","0","813","c17","c23","jev","human","correct_guess","4","5","10","0","0","false"
"fixed-vs-balanced","0","814","c17","c24","human","human","correct_guess","5","5","11","0","0","false"
"fixed-vs-balanced","0","815","c17","c24","jev","jev","correct_guess","5","5","11","0","0","false"
"fixed-vs-balanced","0","816","c18","c01","human","jev","correct_guess","6","5","12","0","0","false"
"fixed-vs-balanced","0","817","c18","c01","jev","jev","correct_guess","5","5","11","0","0","false"
"fixed-vs-balanced","0","818","c18","c02","human","human","correct_guess","5","5","11","0","0","false"
"fixed-vs-balanced","0","819","c18","c02","jev","jev","correct_guess","5","5","11","0","0","false"
"fixed-vs-balanced","0","820","c18","c03","human","jev","correct_guess","6","5","12","0","0","false"
"fixed-vs-balanced","0","821","c18","c03","jev","jev","correct_guess","5","5","11","0","0","false"
"fixed-vs-balanced","0","822","c18","c04","human","human","correct_guess","5","5","11","0","0","false"
"fixed-vs-balanced","0","823","c18","c04","jev","jev","correct_guess","5","5","11","0","0","false"
"fixed-vs-balanced","0","824","c18","c05","human","human","correct_guess","4","4","9","0","0","false"
"fixed-vs-balanced","0","825","c18","c05","jev","human","correct_guess","4","5","10","0","0","false"
"fixed-vs-balanced","0","826","c18","c06","human","human","correct_guess","5","5","11","0","0","false"
"fixed-vs-balanced","0","827","c18","c06","jev","jev","correct_guess","5","5","11","0","0","false"
"fixed-vs-balanced","0","828","c18","c07","human","human","correct_guess","3","3","7","0","0","false"
"fixed-vs-balanced","0","829","c18","c07","jev","human","correct_guess","3","4","8","0","0","false"
"fixed-vs-balanced","0","830","c18","c08","human","jev","correct_guess","6","5","12","0","0","false"
"fixed-vs-balanced","0","831","c18","c08","jev","jev","correct_guess","5","5","11","0","0","false"
"fixed-vs-balanced","0","832","c18","c09","human","human","correct_guess","3","3","7","0","0","false"
"fixed-vs-balanced","0","833","c18","c09","jev","human","correct_guess","3","4","8","0","0","false"
"fixed-vs-balanced","0","834","c18","c10","human","jev","correct_guess","6","5","12","0","0","false"
"fixed-vs-balanced","0","835","c18","c10","jev","jev","correct_guess","5","5","11","0","0","false"
"fixed-vs-balanced","0","836","c18","c11","human","human","correct_guess","4","4","9","0","0","false"
"fixed-vs-balanced","0","837","c18","c11","jev","human","correct_guess","4","5","10","0","0","false"
"fixed-vs-balanced","0","838","c18","c12","human","human","correct_guess","5","5","11","0","0","false"
"fixed-vs-balanced","0","839","c18","c12","jev","jev","correct_guess","5","5","11","0","0","false"
"fixed-vs-balanced","0","840","c18","c13","human","human","correct_guess","3","3","7","0","0","false"
"fixed-vs-balanced","0","841","c18","c13","jev","human","correct_guess","3","4","8","0","0","false"
"fixed-vs-balanced","0","842","c18","c14","human","human","correct_guess","5","5","11","0","0","false"
"fixed-vs-balanced","0","843","c18","c14","jev","jev","correct_guess","5","5","11","0","0","false"
"fixed-vs-balanced","0","844","c18","c15","human","jev","correct_guess","6","5","12","0","0","false"
"fixed-vs-balanced","0","845","c18","c15","jev","jev","correct_guess","5","5","11","0","0","false"
"fixed-vs-balanced","0","846","c18","c16","human","human","correct_guess","4","4","9","0","0","false"
"fixed-vs-balanced","0","847","c18","c16","jev","human","correct_guess","4","5","10","0","0","false"
"fixed-vs-balanced","0","848","c18","c17","human","human","correct_guess","5","5","11","0","0","false"
"fixed-vs-balanced","0","849","c18","c17","jev","jev","correct_guess","5","5","11","0","0","false"
"fixed-vs-balanced","0","850","c18","c18","human","human","correct_guess","5","5","11","0","0","false"
"fixed-vs-balanced","0","851","c18","c18","jev","jev","correct_guess","5","5","11","0","0","false"
"fixed-vs-balanced","0","852","c18","c19","human","jev","correct_guess","6","5","12","0","0","false"
"fixed-vs-balanced","0","853","c18","c19","jev","jev","correct_guess","5","5","11","0","0","false"
"fixed-vs-balanced","0","854","c18","c20","human","jev","correct_guess","6","5","12","0","0","false"
"fixed-vs-balanced","0","855","c18","c20","jev","jev","correct_guess","5","5","11","0","0","false"
"fixed-vs-balanced","0","856","c18","c21","human","jev","correct_guess","6","5","12","0","0","false"
"fixed-vs-balanced","0","857","c18","c21","jev","jev","correct_guess","5","5","11","0","0","false"
"fixed-vs-balanced","0","858","c18","c22","human","jev","correct_guess","6","5","12","0","0","false"
"fixed-vs-balanced","0","859","c18","c22","jev","jev","correct_guess","5","5","11","0","0","false"
"fixed-vs-balanced","0","860","c18","c23","human","human","correct_guess","4","4","9","0","0","false"
"fixed-vs-balanced","0","861","c18","c23","jev","human","correct_guess","4","5","10","0","0","false"
"fixed-vs-balanced","0","862","c18","c24","human","human","correct_guess","5","5","11","0","0","false"
"fixed-vs-balanced","0","863","c18","c24","jev","jev","correct_guess","5","5","11","0","0","false"
"fixed-vs-balanced","0","864","c19","c01","human","jev","correct_guess","6","5","12","0","0","false"
"fixed-vs-balanced","0","865","c19","c01","jev","jev","correct_guess","5","5","11","0","0","false"
"fixed-vs-balanced","0","866","c19","c02","human","human","correct_guess","5","5","11","0","0","false"
"fixed-vs-balanced","0","867","c19","c02","jev","jev","correct_guess","5","5","11","0","0","false"
"fixed-vs-balanced","0","868","c19","c03","human","jev","correct_guess","6","5","12","0","0","false"
"fixed-vs-balanced","0","869","c19","c03","jev","jev","correct_guess","5","5","11","0","0","false"
"fixed-vs-balanced","0","870","c19","c04","human","human","correct_guess","5","5","11","0","0","false"
"fixed-vs-balanced","0","871","c19","c04","jev","jev","correct_guess","5","5","11","0","0","false"
"fixed-vs-balanced","0","872","c19","c05","human","human","correct_guess","4","4","9","0","0","false"
"fixed-vs-balanced","0","873","c19","c05","jev","human","correct_guess","4","5","10","0","0","false"
"fixed-vs-balanced","0","874","c19","c06","human","human","correct_guess","5","5","11","0","0","false"
"fixed-vs-balanced","0","875","c19","c06","jev","jev","correct_guess","5","5","11","0","0","false"
"fixed-vs-balanced","0","876","c19","c07","human","human","correct_guess","3","3","7","0","0","false"
"fixed-vs-balanced","0","877","c19","c07","jev","human","correct_guess","3","4","8","0","0","false"
"fixed-vs-balanced","0","878","c19","c08","human","jev","correct_guess","6","5","12","0","0","false"
"fixed-vs-balanced","0","879","c19","c08","jev","jev","correct_guess","5","5","11","0","0","false"
"fixed-vs-balanced","0","880","c19","c09","human","human","correct_guess","3","3","7","0","0","false"
"fixed-vs-balanced","0","881","c19","c09","jev","human","correct_guess","3","4","8","0","0","false"
"fixed-vs-balanced","0","882","c19","c10","human","jev","correct_guess","6","5","12","0","0","false"
"fixed-vs-balanced","0","883","c19","c10","jev","jev","correct_guess","5","5","11","0","0","false"
"fixed-vs-balanced","0","884","c19","c11","human","human","correct_guess","4","4","9","0","0","false"
"fixed-vs-balanced","0","885","c19","c11","jev","human","correct_guess","4","5","10","0","0","false"
"fixed-vs-balanced","0","886","c19","c12","human","human","correct_guess","5","5","11","0","0","false"
"fixed-vs-balanced","0","887","c19","c12","jev","jev","correct_guess","5","5","11","0","0","false"
"fixed-vs-balanced","0","888","c19","c13","human","human","correct_guess","3","3","7","0","0","false"
"fixed-vs-balanced","0","889","c19","c13","jev","human","correct_guess","3","4","8","0","0","false"
"fixed-vs-balanced","0","890","c19","c14","human","human","correct_guess","5","5","11","0","0","false"
"fixed-vs-balanced","0","891","c19","c14","jev","jev","correct_guess","5","5","11","0","0","false"
"fixed-vs-balanced","0","892","c19","c15","human","jev","correct_guess","6","5","12","0","0","false"
"fixed-vs-balanced","0","893","c19","c15","jev","jev","correct_guess","5","5","11","0","0","false"
"fixed-vs-balanced","0","894","c19","c16","human","human","correct_guess","4","4","9","0","0","false"
"fixed-vs-balanced","0","895","c19","c16","jev","human","correct_guess","4","5","10","0","0","false"
"fixed-vs-balanced","0","896","c19","c17","human","human","correct_guess","5","5","11","0","0","false"
"fixed-vs-balanced","0","897","c19","c17","jev","jev","correct_guess","5","5","11","0","0","false"
"fixed-vs-balanced","0","898","c19","c18","human","human","correct_guess","5","5","11","0","0","false"
"fixed-vs-balanced","0","899","c19","c18","jev","jev","correct_guess","5","5","11","0","0","false"
"fixed-vs-balanced","0","900","c19","c19","human","jev","correct_guess","6","5","12","0","0","false"
"fixed-vs-balanced","0","901","c19","c19","jev","jev","correct_guess","5","5","11","0","0","false"
"fixed-vs-balanced","0","902","c19","c20","human","jev","correct_guess","6","5","12","0","0","false"
"fixed-vs-balanced","0","903","c19","c20","jev","jev","correct_guess","5","5","11","0","0","false"
"fixed-vs-balanced","0","904","c19","c21","human","jev","correct_guess","6","5","12","0","0","false"
"fixed-vs-balanced","0","905","c19","c21","jev","jev","correct_guess","5","5","11","0","0","false"
"fixed-vs-balanced","0","906","c19","c22","human","jev","correct_guess","6","5","12","0","0","false"
"fixed-vs-balanced","0","907","c19","c22","jev","jev","correct_guess","5","5","11","0","0","false"
"fixed-vs-balanced","0","908","c19","c23","human","human","correct_guess","4","4","9","0","0","false"
"fixed-vs-balanced","0","909","c19","c23","jev","human","correct_guess","4","5","10","0","0","false"
"fixed-vs-balanced","0","910","c19","c24","human","human","correct_guess","5","5","11","0","0","false"
"fixed-vs-balanced","0","911","c19","c24","jev","jev","correct_guess","5","5","11","0","0","false"
"fixed-vs-balanced","0","912","c20","c01","human","jev","correct_guess","6","5","12","0","0","false"
"fixed-vs-balanced","0","913","c20","c01","jev","jev","correct_guess","5","5","11","0","0","false"
"fixed-vs-balanced","0","914","c20","c02","human","human","correct_guess","5","5","11","0","0","false"
"fixed-vs-balanced","0","915","c20","c02","jev","jev","correct_guess","5","5","11","0","0","false"
"fixed-vs-balanced","0","916","c20","c03","human","jev","correct_guess","6","5","12","0","0","false"
"fixed-vs-balanced","0","917","c20","c03","jev","jev","correct_guess","5","5","11","0","0","false"
"fixed-vs-balanced","0","918","c20","c04","human","human","correct_guess","5","5","11","0","0","false"
"fixed-vs-balanced","0","919","c20","c04","jev","jev","correct_guess","5","5","11","0","0","false"
"fixed-vs-balanced","0","920","c20","c05","human","human","correct_guess","4","4","9","0","0","false"
"fixed-vs-balanced","0","921","c20","c05","jev","human","correct_guess","4","5","10","0","0","false"
"fixed-vs-balanced","0","922","c20","c06","human","human","correct_guess","5","5","11","0","0","false"
"fixed-vs-balanced","0","923","c20","c06","jev","jev","correct_guess","5","5","11","0","0","false"
"fixed-vs-balanced","0","924","c20","c07","human","human","correct_guess","3","3","7","0","0","false"
"fixed-vs-balanced","0","925","c20","c07","jev","human","correct_guess","3","4","8","0","0","false"
"fixed-vs-balanced","0","926","c20","c08","human","jev","correct_guess","6","5","12","0","0","false"
"fixed-vs-balanced","0","927","c20","c08","jev","jev","correct_guess","5","5","11","0","0","false"
"fixed-vs-balanced","0","928","c20","c09","human","human","correct_guess","3","3","7","0","0","false"
"fixed-vs-balanced","0","929","c20","c09","jev","human","correct_guess","3","4","8","0","0","false"
"fixed-vs-balanced","0","930","c20","c10","human","jev","correct_guess","6","5","12","0","0","false"
"fixed-vs-balanced","0","931","c20","c10","jev","jev","correct_guess","5","5","11","0","0","false"
"fixed-vs-balanced","0","932","c20","c11","human","human","correct_guess","4","4","9","0","0","false"
"fixed-vs-balanced","0","933","c20","c11","jev","human","correct_guess","4","5","10","0","0","false"
"fixed-vs-balanced","0","934","c20","c12","human","human","correct_guess","5","5","11","0","0","false"
"fixed-vs-balanced","0","935","c20","c12","jev","jev","correct_guess","5","5","11","0","0","false"
"fixed-vs-balanced","0","936","c20","c13","human","human","correct_guess","3","3","7","0","0","false"
"fixed-vs-balanced","0","937","c20","c13","jev","human","correct_guess","3","4","8","0","0","false"
"fixed-vs-balanced","0","938","c20","c14","human","human","correct_guess","5","5","11","0","0","false"
"fixed-vs-balanced","0","939","c20","c14","jev","jev","correct_guess","5","5","11","0","0","false"
"fixed-vs-balanced","0","940","c20","c15","human","jev","correct_guess","6","5","12","0","0","false"
"fixed-vs-balanced","0","941","c20","c15","jev","jev","correct_guess","5","5","11","0","0","false"
"fixed-vs-balanced","0","942","c20","c16","human","human","correct_guess","4","4","9","0","0","false"
"fixed-vs-balanced","0","943","c20","c16","jev","human","correct_guess","4","5","10","0","0","false"
"fixed-vs-balanced","0","944","c20","c17","human","human","correct_guess","5","5","11","0","0","false"
"fixed-vs-balanced","0","945","c20","c17","jev","jev","correct_guess","5","5","11","0","0","false"
"fixed-vs-balanced","0","946","c20","c18","human","human","correct_guess","5","5","11","0","0","false"
"fixed-vs-balanced","0","947","c20","c18","jev","jev","correct_guess","5","5","11","0","0","false"
"fixed-vs-balanced","0","948","c20","c19","human","jev","correct_guess","6","5","12","0","0","false"
"fixed-vs-balanced","0","949","c20","c19","jev","jev","correct_guess","5","5","11","0","0","false"
"fixed-vs-balanced","0","950","c20","c20","human","jev","correct_guess","6","5","12","0","0","false"
"fixed-vs-balanced","0","951","c20","c20","jev","jev","correct_guess","5","5","11","0","0","false"
"fixed-vs-balanced","0","952","c20","c21","human","jev","correct_guess","6","5","12","0","0","false"
"fixed-vs-balanced","0","953","c20","c21","jev","jev","correct_guess","5","5","11","0","0","false"
"fixed-vs-balanced","0","954","c20","c22","human","jev","correct_guess","6","5","12","0","0","false"
"fixed-vs-balanced","0","955","c20","c22","jev","jev","correct_guess","5","5","11","0","0","false"
"fixed-vs-balanced","0","956","c20","c23","human","human","correct_guess","4","4","9","0","0","false"
"fixed-vs-balanced","0","957","c20","c23","jev","human","correct_guess","4","5","10","0","0","false"
"fixed-vs-balanced","0","958","c20","c24","human","human","correct_guess","5","5","11","0","0","false"
"fixed-vs-balanced","0","959","c20","c24","jev","jev","correct_guess","5","5","11","0","0","false"
"fixed-vs-balanced","0","960","c21","c01","human","jev","correct_guess","6","5","12","0","0","false"
"fixed-vs-balanced","0","961","c21","c01","jev","jev","correct_guess","5","5","11","0","0","false"
"fixed-vs-balanced","0","962","c21","c02","human","human","correct_guess","5","5","11","0","0","false"
"fixed-vs-balanced","0","963","c21","c02","jev","jev","correct_guess","5","5","11","0","0","false"
"fixed-vs-balanced","0","964","c21","c03","human","jev","correct_guess","6","5","12","0","0","false"
"fixed-vs-balanced","0","965","c21","c03","jev","jev","correct_guess","5","5","11","0","0","false"
"fixed-vs-balanced","0","966","c21","c04","human","human","correct_guess","5","5","11","0","0","false"
"fixed-vs-balanced","0","967","c21","c04","jev","jev","correct_guess","5","5","11","0","0","false"
"fixed-vs-balanced","0","968","c21","c05","human","human","correct_guess","4","4","9","0","0","false"
"fixed-vs-balanced","0","969","c21","c05","jev","human","correct_guess","4","5","10","0","0","false"
"fixed-vs-balanced","0","970","c21","c06","human","human","correct_guess","5","5","11","0","0","false"
"fixed-vs-balanced","0","971","c21","c06","jev","jev","correct_guess","5","5","11","0","0","false"
"fixed-vs-balanced","0","972","c21","c07","human","human","correct_guess","3","3","7","0","0","false"
"fixed-vs-balanced","0","973","c21","c07","jev","human","correct_guess","3","4","8","0","0","false"
"fixed-vs-balanced","0","974","c21","c08","human","jev","correct_guess","6","5","12","0","0","false"
"fixed-vs-balanced","0","975","c21","c08","jev","jev","correct_guess","5","5","11","0","0","false"
"fixed-vs-balanced","0","976","c21","c09","human","human","correct_guess","3","3","7","0","0","false"
"fixed-vs-balanced","0","977","c21","c09","jev","human","correct_guess","3","4","8","0","0","false"
"fixed-vs-balanced","0","978","c21","c10","human","jev","correct_guess","6","5","12","0","0","false"
"fixed-vs-balanced","0","979","c21","c10","jev","jev","correct_guess","5","5","11","0","0","false"
"fixed-vs-balanced","0","980","c21","c11","human","human","correct_guess","4","4","9","0","0","false"
"fixed-vs-balanced","0","981","c21","c11","jev","human","correct_guess","4","5","10","0","0","false"
"fixed-vs-balanced","0","982","c21","c12","human","human","correct_guess","5","5","11","0","0","false"
"fixed-vs-balanced","0","983","c21","c12","jev","jev","correct_guess","5","5","11","0","0","false"
"fixed-vs-balanced","0","984","c21","c13","human","human","correct_guess","3","3","7","0","0","false"
"fixed-vs-balanced","0","985","c21","c13","jev","human","correct_guess","3","4","8","0","0","false"
"fixed-vs-balanced","0","986","c21","c14","human","human","correct_guess","5","5","11","0","0","false"
"fixed-vs-balanced","0","987","c21","c14","jev","jev","correct_guess","5","5","11","0","0","false"
"fixed-vs-balanced","0","988","c21","c15","human","jev","correct_guess","6","5","12","0","0","false"
"fixed-vs-balanced","0","989","c21","c15","jev","jev","correct_guess","5","5","11","0","0","false"
"fixed-vs-balanced","0","990","c21","c16","human","human","correct_guess","4","4","9","0","0","false"
"fixed-vs-balanced","0","991","c21","c16","jev","human","correct_guess","4","5","10","0","0","false"
"fixed-vs-balanced","0","992","c21","c17","human","human","correct_guess","5","5","11","0","0","false"
"fixed-vs-balanced","0","993","c21","c17","jev","jev","correct_guess","5","5","11","0","0","false"
"fixed-vs-balanced","0","994","c21","c18","human","human","correct_guess","5","5","11","0","0","false"
"fixed-vs-balanced","0","995","c21","c18","jev","jev","correct_guess","5","5","11","0","0","false"
"fixed-vs-balanced","0","996","c21","c19","human","jev","correct_guess","6","5","12","0","0","false"
"fixed-vs-balanced","0","997","c21","c19","jev","jev","correct_guess","5","5","11","0","0","false"
"fixed-vs-balanced","0","998","c21","c20","human","jev","correct_guess","6","5","12","0","0","false"
"fixed-vs-balanced","0","999","c21","c20","jev","jev","correct_guess","5","5","11","0","0","false"
"fixed-vs-balanced","0","1000","c21","c21","human","jev","correct_guess","6","5","12","0","0","false"
"fixed-vs-balanced","0","1001","c21","c21","jev","jev","correct_guess","5","5","11","0","0","false"
"fixed-vs-balanced","0","1002","c21","c22","human","jev","correct_guess","6","5","12","0","0","false"
"fixed-vs-balanced","0","1003","c21","c22","jev","jev","correct_guess","5","5","11","0","0","false"
"fixed-vs-balanced","0","1004","c21","c23","human","human","correct_guess","4","4","9","0","0","false"
"fixed-vs-balanced","0","1005","c21","c23","jev","human","correct_guess","4","5","10","0","0","false"
"fixed-vs-balanced","0","1006","c21","c24","human","human","correct_guess","5","5","11","0","0","false"
"fixed-vs-balanced","0","1007","c21","c24","jev","jev","correct_guess","5","5","11","0","0","false"
"fixed-vs-balanced","0","1008","c22","c01","human","jev","correct_guess","5","4","10","0","0","false"
"fixed-vs-balanced","0","1009","c22","c01","jev","jev","correct_guess","4","4","9","0","0","false"
"fixed-vs-balanced","0","1010","c22","c02","human","jev","correct_guess","5","4","10","0","0","false"
"fixed-vs-balanced","0","1011","c22","c02","jev","jev","correct_guess","4","4","9","0","0","false"
"fixed-vs-balanced","0","1012","c22","c03","human","jev","correct_guess","5","4","10","0","0","false"
"fixed-vs-balanced","0","1013","c22","c03","jev","jev","correct_guess","4","4","9","0","0","false"
"fixed-vs-balanced","0","1014","c22","c04","human","jev","correct_guess","5","4","10","0","0","false"
"fixed-vs-balanced","0","1015","c22","c04","jev","jev","correct_guess","4","4","9","0","0","false"
"fixed-vs-balanced","0","1016","c22","c05","human","human","correct_guess","4","4","9","0","0","false"
"fixed-vs-balanced","0","1017","c22","c05","jev","jev","correct_guess","4","4","9","0","0","false"
"fixed-vs-balanced","0","1018","c22","c06","human","jev","correct_guess","5","4","10","0","0","false"
"fixed-vs-balanced","0","1019","c22","c06","jev","jev","correct_guess","4","4","9","0","0","false"
"fixed-vs-balanced","0","1020","c22","c07","human","human","correct_guess","3","3","7","0","0","false"
"fixed-vs-balanced","0","1021","c22","c07","jev","human","correct_guess","3","4","8","0","0","false"
"fixed-vs-balanced","0","1022","c22","c08","human","jev","correct_guess","5","4","10","0","0","false"
"fixed-vs-balanced","0","1023","c22","c08","jev","jev","correct_guess","4","4","9","0","0","false"
"fixed-vs-balanced","0","1024","c22","c09","human","human","correct_guess","3","3","7","0","0","false"
"fixed-vs-balanced","0","1025","c22","c09","jev","human","correct_guess","3","4","8","0","0","false"
"fixed-vs-balanced","0","1026","c22","c10","human","jev","correct_guess","5","4","10","0","0","false"
"fixed-vs-balanced","0","1027","c22","c10","jev","jev","correct_guess","4","4","9","0","0","false"
"fixed-vs-balanced","0","1028","c22","c11","human","human","correct_guess","4","4","9","0","0","false"
"fixed-vs-balanced","0","1029","c22","c11","jev","jev","correct_guess","4","4","9","0","0","false"
"fixed-vs-balanced","0","1030","c22","c12","human","jev","correct_guess","5","4","10","0","0","false"
"fixed-vs-balanced","0","1031","c22","c12","jev","jev","correct_guess","4","4","9","0","0","false"
"fixed-vs-balanced","0","1032","c22","c13","human","human","correct_guess","3","3","7","0","0","false"
"fixed-vs-balanced","0","1033","c22","c13","jev","human","correct_guess","3","4","8","0","0","false"
"fixed-vs-balanced","0","1034","c22","c14","human","jev","correct_guess","5","4","10","0","0","false"
"fixed-vs-balanced","0","1035","c22","c14","jev","jev","correct_guess","4","4","9","0","0","false"
"fixed-vs-balanced","0","1036","c22","c15","human","jev","correct_guess","5","4","10","0","0","false"
"fixed-vs-balanced","0","1037","c22","c15","jev","jev","correct_guess","4","4","9","0","0","false"
"fixed-vs-balanced","0","1038","c22","c16","human","human","correct_guess","4","4","9","0","0","false"
"fixed-vs-balanced","0","1039","c22","c16","jev","jev","correct_guess","4","4","9","0","0","false"
"fixed-vs-balanced","0","1040","c22","c17","human","jev","correct_guess","5","4","10","0","0","false"
"fixed-vs-balanced","0","1041","c22","c17","jev","jev","correct_guess","4","4","9","0","0","false"
"fixed-vs-balanced","0","1042","c22","c18","human","jev","correct_guess","5","4","10","0","0","false"
"fixed-vs-balanced","0","1043","c22","c18","jev","jev","correct_guess","4","4","9","0","0","false"
"fixed-vs-balanced","0","1044","c22","c19","human","jev","correct_guess","5","4","10","0","0","false"
"fixed-vs-balanced","0","1045","c22","c19","jev","jev","correct_guess","4","4","9","0","0","false"
"fixed-vs-balanced","0","1046","c22","c20","human","jev","correct_guess","5","4","10","0","0","false"
"fixed-vs-balanced","0","1047","c22","c20","jev","jev","correct_guess","4","4","9","0","0","false"
"fixed-vs-balanced","0","1048","c22","c21","human","jev","correct_guess","5","4","10","0","0","false"
"fixed-vs-balanced","0","1049","c22","c21","jev","jev","correct_guess","4","4","9","0","0","false"
"fixed-vs-balanced","0","1050","c22","c22","human","jev","correct_guess","5","4","10","0","0","false"
"fixed-vs-balanced","0","1051","c22","c22","jev","jev","correct_guess","4","4","9","0","0","false"
"fixed-vs-balanced","0","1052","c22","c23","human","human","correct_guess","4","4","9","0","0","false"
"fixed-vs-balanced","0","1053","c22","c23","jev","jev","correct_guess","4","4","9","0","0","false"
"fixed-vs-balanced","0","1054","c22","c24","human","jev","correct_guess","5","4","10","0","0","false"
"fixed-vs-balanced","0","1055","c22","c24","jev","jev","correct_guess","4","4","9","0","0","false"
"fixed-vs-balanced","0","1056","c23","c01","human","jev","correct_guess","5","4","10","0","0","false"
"fixed-vs-balanced","0","1057","c23","c01","jev","jev","correct_guess","4","4","9","0","0","false"
"fixed-vs-balanced","0","1058","c23","c02","human","jev","correct_guess","5","4","10","0","0","false"
"fixed-vs-balanced","0","1059","c23","c02","jev","jev","correct_guess","4","4","9","0","0","false"
"fixed-vs-balanced","0","1060","c23","c03","human","jev","correct_guess","5","4","10","0","0","false"
"fixed-vs-balanced","0","1061","c23","c03","jev","jev","correct_guess","4","4","9","0","0","false"
"fixed-vs-balanced","0","1062","c23","c04","human","jev","correct_guess","5","4","10","0","0","false"
"fixed-vs-balanced","0","1063","c23","c04","jev","jev","correct_guess","4","4","9","0","0","false"
"fixed-vs-balanced","0","1064","c23","c05","human","human","correct_guess","4","4","9","0","0","false"
"fixed-vs-balanced","0","1065","c23","c05","jev","jev","correct_guess","4","4","9","0","0","false"
"fixed-vs-balanced","0","1066","c23","c06","human","jev","correct_guess","5","4","10","0","0","false"
"fixed-vs-balanced","0","1067","c23","c06","jev","jev","correct_guess","4","4","9","0","0","false"
"fixed-vs-balanced","0","1068","c23","c07","human","human","correct_guess","3","3","7","0","0","false"
"fixed-vs-balanced","0","1069","c23","c07","jev","human","correct_guess","3","4","8","0","0","false"
"fixed-vs-balanced","0","1070","c23","c08","human","jev","correct_guess","5","4","10","0","0","false"
"fixed-vs-balanced","0","1071","c23","c08","jev","jev","correct_guess","4","4","9","0","0","false"
"fixed-vs-balanced","0","1072","c23","c09","human","human","correct_guess","3","3","7","0","0","false"
"fixed-vs-balanced","0","1073","c23","c09","jev","human","correct_guess","3","4","8","0","0","false"
"fixed-vs-balanced","0","1074","c23","c10","human","jev","correct_guess","5","4","10","0","0","false"
"fixed-vs-balanced","0","1075","c23","c10","jev","jev","correct_guess","4","4","9","0","0","false"
"fixed-vs-balanced","0","1076","c23","c11","human","human","correct_guess","4","4","9","0","0","false"
"fixed-vs-balanced","0","1077","c23","c11","jev","jev","correct_guess","4","4","9","0","0","false"
"fixed-vs-balanced","0","1078","c23","c12","human","jev","correct_guess","5","4","10","0","0","false"
"fixed-vs-balanced","0","1079","c23","c12","jev","jev","correct_guess","4","4","9","0","0","false"
"fixed-vs-balanced","0","1080","c23","c13","human","human","correct_guess","3","3","7","0","0","false"
"fixed-vs-balanced","0","1081","c23","c13","jev","human","correct_guess","3","4","8","0","0","false"
"fixed-vs-balanced","0","1082","c23","c14","human","jev","correct_guess","5","4","10","0","0","false"
"fixed-vs-balanced","0","1083","c23","c14","jev","jev","correct_guess","4","4","9","0","0","false"
"fixed-vs-balanced","0","1084","c23","c15","human","jev","correct_guess","5","4","10","0","0","false"
"fixed-vs-balanced","0","1085","c23","c15","jev","jev","correct_guess","4","4","9","0","0","false"
"fixed-vs-balanced","0","1086","c23","c16","human","human","correct_guess","4","4","9","0","0","false"
"fixed-vs-balanced","0","1087","c23","c16","jev","jev","correct_guess","4","4","9","0","0","false"
"fixed-vs-balanced","0","1088","c23","c17","human","jev","correct_guess","5","4","10","0","0","false"
"fixed-vs-balanced","0","1089","c23","c17","jev","jev","correct_guess","4","4","9","0","0","false"
"fixed-vs-balanced","0","1090","c23","c18","human","jev","correct_guess","5","4","10","0","0","false"
"fixed-vs-balanced","0","1091","c23","c18","jev","jev","correct_guess","4","4","9","0","0","false"
"fixed-vs-balanced","0","1092","c23","c19","human","jev","correct_guess","5","4","10","0","0","false"
"fixed-vs-balanced","0","1093","c23","c19","jev","jev","correct_guess","4","4","9","0","0","false"
"fixed-vs-balanced","0","1094","c23","c20","human","jev","correct_guess","5","4","10","0","0","false"
"fixed-vs-balanced","0","1095","c23","c20","jev","jev","correct_guess","4","4","9","0","0","false"
"fixed-vs-balanced","0","1096","c23","c21","human","jev","correct_guess","5","4","10","0","0","false"
"fixed-vs-balanced","0","1097","c23","c21","jev","jev","correct_guess","4","4","9","0","0","false"
"fixed-vs-balanced","0","1098","c23","c22","human","jev","correct_guess","5","4","10","0","0","false"
"fixed-vs-balanced","0","1099","c23","c22","jev","jev","correct_guess","4","4","9","0","0","false"
"fixed-vs-balanced","0","1100","c23","c23","human","human","correct_guess","4","4","9","0","0","false"
"fixed-vs-balanced","0","1101","c23","c23","jev","jev","correct_guess","4","4","9","0","0","false"
"fixed-vs-balanced","0","1102","c23","c24","human","jev","correct_guess","5","4","10","0","0","false"
"fixed-vs-balanced","0","1103","c23","c24","jev","jev","correct_guess","4","4","9","0","0","false"
"fixed-vs-balanced","0","1104","c24","c01","human","jev","correct_guess","5","4","10","0","0","false"
"fixed-vs-balanced","0","1105","c24","c01","jev","jev","correct_guess","4","4","9","0","0","false"
"fixed-vs-balanced","0","1106","c24","c02","human","jev","correct_guess","5","4","10","0","0","false"
"fixed-vs-balanced","0","1107","c24","c02","jev","jev","correct_guess","4","4","9","0","0","false"
"fixed-vs-balanced","0","1108","c24","c03","human","jev","correct_guess","5","4","10","0","0","false"
"fixed-vs-balanced","0","1109","c24","c03","jev","jev","correct_guess","4","4","9","0","0","false"
"fixed-vs-balanced","0","1110","c24","c04","human","jev","correct_guess","5","4","10","0","0","false"
"fixed-vs-balanced","0","1111","c24","c04","jev","jev","correct_guess","4","4","9","0","0","false"
"fixed-vs-balanced","0","1112","c24","c05","human","human","correct_guess","4","4","9","0","0","false"
"fixed-vs-balanced","0","1113","c24","c05","jev","jev","correct_guess","4","4","9","0","0","false"
"fixed-vs-balanced","0","1114","c24","c06","human","jev","correct_guess","5","4","10","0","0","false"
"fixed-vs-balanced","0","1115","c24","c06","jev","jev","correct_guess","4","4","9","0","0","false"
"fixed-vs-balanced","0","1116","c24","c07","human","human","correct_guess","3","3","7","0","0","false"
"fixed-vs-balanced","0","1117","c24","c07","jev","human","correct_guess","3","4","8","0","0","false"
"fixed-vs-balanced","0","1118","c24","c08","human","jev","correct_guess","5","4","10","0","0","false"
"fixed-vs-balanced","0","1119","c24","c08","jev","jev","correct_guess","4","4","9","0","0","false"
"fixed-vs-balanced","0","1120","c24","c09","human","human","correct_guess","3","3","7","0","0","false"
"fixed-vs-balanced","0","1121","c24","c09","jev","human","correct_guess","3","4","8","0","0","false"
"fixed-vs-balanced","0","1122","c24","c10","human","jev","correct_guess","5","4","10","0","0","false"
"fixed-vs-balanced","0","1123","c24","c10","jev","jev","correct_guess","4","4","9","0","0","false"
"fixed-vs-balanced","0","1124","c24","c11","human","human","correct_guess","4","4","9","0","0","false"
"fixed-vs-balanced","0","1125","c24","c11","jev","jev","correct_guess","4","4","9","0","0","false"
"fixed-vs-balanced","0","1126","c24","c12","human","jev","correct_guess","5","4","10","0","0","false"
"fixed-vs-balanced","0","1127","c24","c12","jev","jev","correct_guess","4","4","9","0","0","false"
"fixed-vs-balanced","0","1128","c24","c13","human","human","correct_guess","3","3","7","0","0","false"
"fixed-vs-balanced","0","1129","c24","c13","jev","human","correct_guess","3","4","8","0","0","false"
"fixed-vs-balanced","0","1130","c24","c14","human","jev","correct_guess","5","4","10","0","0","false"
"fixed-vs-balanced","0","1131","c24","c14","jev","jev","correct_guess","4","4","9","0","0","false"
"fixed-vs-balanced","0","1132","c24","c15","human","jev","correct_guess","5","4","10","0","0","false"
"fixed-vs-balanced","0","1133","c24","c15","jev","jev","correct_guess","4","4","9","0","0","false"
"fixed-vs-balanced","0","1134","c24","c16","human","human","correct_guess","4","4","9","0","0","false"
"fixed-vs-balanced","0","1135","c24","c16","jev","jev","correct_guess","4","4","9","0","0","false"
"fixed-vs-balanced","0","1136","c24","c17","human","jev","correct_guess","5","4","10","0","0","false"
"fixed-vs-balanced","0","1137","c24","c17","jev","jev","correct_guess","4","4","9","0","0","false"
"fixed-vs-balanced","0","1138","c24","c18","human","jev","correct_guess","5","4","10","0","0","false"
"fixed-vs-balanced","0","1139","c24","c18","jev","jev","correct_guess","4","4","9","0","0","false"
"fixed-vs-balanced","0","1140","c24","c19","human","jev","correct_guess","5","4","10","0","0","false"
"fixed-vs-balanced","0","1141","c24","c19","jev","jev","correct_guess","4","4","9","0","0","false"
"fixed-vs-balanced","0","1142","c24","c20","human","jev","correct_guess","5","4","10","0","0","false"
"fixed-vs-balanced","0","1143","c24","c20","jev","jev","correct_guess","4","4","9","0","0","false"
"fixed-vs-balanced","0","1144","c24","c21","human","jev","correct_guess","5","4","10","0","0","false"
"fixed-vs-balanced","0","1145","c24","c21","jev","jev","correct_guess","4","4","9","0","0","false"
"fixed-vs-balanced","0","1146","c24","c22","human","jev","correct_guess","5","4","10","0","0","false"
"fixed-vs-balanced","0","1147","c24","c22","jev","jev","correct_guess","4","4","9","0","0","false"
"fixed-vs-balanced","0","1148","c24","c23","human","human","correct_guess","4","4","9","0","0","false"
"fixed-vs-balanced","0","1149","c24","c23","jev","jev","correct_guess","4","4","9","0","0","false"
"fixed-vs-balanced","0","1150","c24","c24","human","jev","correct_guess","5","4","10","0","0","false"
"fixed-vs-balanced","0","1151","c24","c24","jev","jev","correct_guess","4","4","9","0","0","false"
"random-safe-vs-balanced","0","0","c01","c01","human","human","correct_guess","4","4","9","0","0","false"
"random-safe-vs-balanced","0","1","c01","c01","jev","human","correct_guess","4","5","10","0","0","false"
"random-safe-vs-balanced","0","2","c01","c02","human","human","correct_guess","4","4","9","0","0","false"
"random-safe-vs-balanced","0","3","c01","c02","jev","jev","correct_guess","5","5","11","0","0","false"
"random-safe-vs-balanced","0","4","c01","c03","human","jev","correct_guess","6","5","12","0","0","false"
"random-safe-vs-balanced","0","5","c01","c03","jev","jev","correct_guess","5","5","11","0","0","false"
"random-safe-vs-balanced","0","6","c01","c04","human","human","correct_guess","5","5","11","0","0","false"
"random-safe-vs-balanced","0","7","c01","c04","jev","jev","correct_guess","5","5","11","0","0","false"
"random-safe-vs-balanced","0","8","c01","c05","human","human","correct_guess","4","4","9","0","0","false"
"random-safe-vs-balanced","0","9","c01","c05","jev","jev","correct_guess","5","5","11","0","0","false"
"random-safe-vs-balanced","0","10","c01","c06","human","jev","correct_guess","6","5","12","0","0","false"
"random-safe-vs-balanced","0","11","c01","c06","jev","human","correct_guess","3","4","8","0","0","false"
"random-safe-vs-balanced","0","12","c01","c07","human","human","correct_guess","5","5","11","0","0","false"
"random-safe-vs-balanced","0","13","c01","c07","jev","jev","correct_guess","5","5","11","0","0","false"
"random-safe-vs-balanced","0","14","c01","c08","human","jev","correct_guess","6","5","12","0","0","false"
"random-safe-vs-balanced","0","15","c01","c08","jev","human","correct_guess","4","5","10","0","0","false"
"random-safe-vs-balanced","0","16","c01","c09","human","human","correct_guess","5","5","11","0","0","false"
"random-safe-vs-balanced","0","17","c01","c09","jev","jev","correct_guess","5","5","11","0","0","false"
"random-safe-vs-balanced","0","18","c01","c10","human","jev","correct_guess","6","5","12","0","0","false"
"random-safe-vs-balanced","0","19","c01","c10","jev","jev","correct_guess","5","5","11","0","0","false"
"random-safe-vs-balanced","0","20","c01","c11","human","jev","correct_guess","6","5","12","0","0","false"
"random-safe-vs-balanced","0","21","c01","c11","jev","human","correct_guess","4","5","10","0","0","false"
"random-safe-vs-balanced","0","22","c01","c12","human","jev","correct_guess","6","5","12","0","0","false"
"random-safe-vs-balanced","0","23","c01","c12","jev","jev","correct_guess","5","5","11","0","0","false"
"random-safe-vs-balanced","0","24","c01","c13","human","jev","correct_guess","6","5","12","0","0","false"
"random-safe-vs-balanced","0","25","c01","c13","jev","human","correct_guess","4","5","10","0","0","false"
"random-safe-vs-balanced","0","26","c01","c14","human","human","correct_guess","3","3","7","0","0","false"
"random-safe-vs-balanced","0","27","c01","c14","jev","human","correct_guess","4","5","10","0","0","false"
"random-safe-vs-balanced","0","28","c01","c15","human","jev","correct_guess","6","5","12","0","0","false"
"random-safe-vs-balanced","0","29","c01","c15","jev","human","correct_guess","4","5","10","0","0","false"
"random-safe-vs-balanced","0","30","c01","c16","human","jev","correct_guess","6","5","12","0","0","false"
"random-safe-vs-balanced","0","31","c01","c16","jev","jev","correct_guess","5","5","11","0","0","false"
"random-safe-vs-balanced","0","32","c01","c17","human","human","correct_guess","3","3","7","0","0","false"
"random-safe-vs-balanced","0","33","c01","c17","jev","jev","correct_guess","5","5","11","0","0","false"
"random-safe-vs-balanced","0","34","c01","c18","human","jev","correct_guess","6","5","12","0","0","false"
"random-safe-vs-balanced","0","35","c01","c18","jev","jev","correct_guess","5","5","11","0","0","false"
"random-safe-vs-balanced","0","36","c01","c19","human","human","correct_guess","5","5","11","0","0","false"
"random-safe-vs-balanced","0","37","c01","c19","jev","jev","correct_guess","5","5","11","0","0","false"
"random-safe-vs-balanced","0","38","c01","c20","human","human","correct_guess","5","5","11","0","0","false"
"random-safe-vs-balanced","0","39","c01","c20","jev","jev","correct_guess","5","5","11","0","0","false"
"random-safe-vs-balanced","0","40","c01","c21","human","human","correct_guess","5","5","11","0","0","false"
"random-safe-vs-balanced","0","41","c01","c21","jev","jev","correct_guess","5","5","11","0","0","false"
"random-safe-vs-balanced","0","42","c01","c22","human","human","correct_guess","5","5","11","0","0","false"
"random-safe-vs-balanced","0","43","c01","c22","jev","human","correct_guess","3","4","8","0","0","false"
"random-safe-vs-balanced","0","44","c01","c23","human","jev","correct_guess","6","5","12","0","0","false"
"random-safe-vs-balanced","0","45","c01","c23","jev","jev","correct_guess","5","5","11","0","0","false"
"random-safe-vs-balanced","0","46","c01","c24","human","human","correct_guess","5","5","11","0","0","false"
"random-safe-vs-balanced","0","47","c01","c24","jev","jev","correct_guess","5","5","11","0","0","false"
"random-safe-vs-balanced","0","48","c02","c01","human","human","correct_guess","5","5","11","0","0","false"
"random-safe-vs-balanced","0","49","c02","c01","jev","human","correct_guess","4","5","10","0","0","false"
"random-safe-vs-balanced","0","50","c02","c02","human","human","correct_guess","4","4","9","0","0","false"
"random-safe-vs-balanced","0","51","c02","c02","jev","jev","correct_guess","5","5","11","0","0","false"
"random-safe-vs-balanced","0","52","c02","c03","human","human","correct_guess","5","5","11","0","0","false"
"random-safe-vs-balanced","0","53","c02","c03","jev","jev","correct_guess","5","5","11","0","0","false"
"random-safe-vs-balanced","0","54","c02","c04","human","human","correct_guess","5","5","11","0","0","false"
"random-safe-vs-balanced","0","55","c02","c04","jev","human","correct_guess","4","5","10","0","0","false"
"random-safe-vs-balanced","0","56","c02","c05","human","human","correct_guess","3","3","7","0","0","false"
"random-safe-vs-balanced","0","57","c02","c05","jev","human","correct_guess","3","4","8","0","0","false"
"random-safe-vs-balanced","0","58","c02","c06","human","jev","correct_guess","6","5","12","0","0","false"
"random-safe-vs-balanced","0","59","c02","c06","jev","human","correct_guess","3","4","8","0","0","false"
"random-safe-vs-balanced","0","60","c02","c07","human","jev","correct_guess","6","5","12","0","0","false"
"random-safe-vs-balanced","0","61","c02","c07","jev","human","correct_guess","3","4","8","0","0","false"
"random-safe-vs-balanced","0","62","c02","c08","human","jev","correct_guess","6","5","12","0","0","false"
"random-safe-vs-balanced","0","63","c02","c08","jev","jev","correct_guess","5","5","11","0","0","false"
"random-safe-vs-balanced","0","64","c02","c09","human","jev","correct_guess","6","5","12","0","0","false"
"random-safe-vs-balanced","0","65","c02","c09","jev","human","correct_guess","4","5","10","0","0","false"
"random-safe-vs-balanced","0","66","c02","c10","human","jev","correct_guess","6","5","12","0","0","false"
"random-safe-vs-balanced","0","67","c02","c10","jev","jev","correct_guess","5","5","11","0","0","false"
"random-safe-vs-balanced","0","68","c02","c11","human","human","correct_guess","5","5","11","0","0","false"
"random-safe-vs-balanced","0","69","c02","c11","jev","human","correct_guess","4","5","10","0","0","false"
"random-safe-vs-balanced","0","70","c02","c12","human","jev","correct_guess","6","5","12","0","0","false"
"random-safe-vs-balanced","0","71","c02","c12","jev","human","correct_guess","3","4","8","0","0","false"
"random-safe-vs-balanced","0","72","c02","c13","human","human","correct_guess","3","3","7","0","0","false"
"random-safe-vs-balanced","0","73","c02","c13","jev","human","correct_guess","4","5","10","0","0","false"
"random-safe-vs-balanced","0","74","c02","c14","human","jev","correct_guess","6","5","12","0","0","false"
"random-safe-vs-balanced","0","75","c02","c14","jev","jev","correct_guess","5","5","11","0","0","false"
"random-safe-vs-balanced","0","76","c02","c15","human","human","correct_guess","4","4","9","0","0","false"
"random-safe-vs-balanced","0","77","c02","c15","jev","human","correct_guess","3","4","8","0","0","false"
"random-safe-vs-balanced","0","78","c02","c16","human","human","correct_guess","4","4","9","0","0","false"
"random-safe-vs-balanced","0","79","c02","c16","jev","human","correct_guess","4","5","10","0","0","false"
"random-safe-vs-balanced","0","80","c02","c17","human","human","correct_guess","4","4","9","0","0","false"
"random-safe-vs-balanced","0","81","c02","c17","jev","jev","correct_guess","5","5","11","0","0","false"
"random-safe-vs-balanced","0","82","c02","c18","human","jev","correct_guess","6","5","12","0","0","false"
"random-safe-vs-balanced","0","83","c02","c18","jev","jev","correct_guess","5","5","11","0","0","false"
"random-safe-vs-balanced","0","84","c02","c19","human","jev","correct_guess","6","5","12","0","0","false"
"random-safe-vs-balanced","0","85","c02","c19","jev","jev","correct_guess","5","5","11","0","0","false"
"random-safe-vs-balanced","0","86","c02","c20","human","jev","correct_guess","6","5","12","0","0","false"
"random-safe-vs-balanced","0","87","c02","c20","jev","jev","correct_guess","5","5","11","0","0","false"
"random-safe-vs-balanced","0","88","c02","c21","human","human","correct_guess","5","5","11","0","0","false"
"random-safe-vs-balanced","0","89","c02","c21","jev","jev","correct_guess","5","5","11","0","0","false"
"random-safe-vs-balanced","0","90","c02","c22","human","human","correct_guess","4","4","9","0","0","false"
"random-safe-vs-balanced","0","91","c02","c22","jev","human","correct_guess","4","5","10","0","0","false"
"random-safe-vs-balanced","0","92","c02","c23","human","jev","correct_guess","6","5","12","0","0","false"
"random-safe-vs-balanced","0","93","c02","c23","jev","human","correct_guess","4","5","10","0","0","false"
"random-safe-vs-balanced","0","94","c02","c24","human","human","correct_guess","5","5","11","0","0","false"
"random-safe-vs-balanced","0","95","c02","c24","jev","human","correct_guess","4","5","10","0","0","false"
"random-safe-vs-balanced","0","96","c03","c01","human","jev","correct_guess","6","5","12","0","0","false"
"random-safe-vs-balanced","0","97","c03","c01","jev","jev","correct_guess","5","5","11","0","0","false"
"random-safe-vs-balanced","0","98","c03","c02","human","human","correct_guess","4","4","9","0","0","false"
"random-safe-vs-balanced","0","99","c03","c02","jev","jev","correct_guess","5","5","11","0","0","false"
"random-safe-vs-balanced","0","100","c03","c03","human","jev","correct_guess","6","5","12","0","0","false"
"random-safe-vs-balanced","0","101","c03","c03","jev","jev","correct_guess","5","5","11","0","0","false"
"random-safe-vs-balanced","0","102","c03","c04","human","jev","correct_guess","6","5","12","0","0","false"
"random-safe-vs-balanced","0","103","c03","c04","jev","jev","correct_guess","5","5","11","0","0","false"
"random-safe-vs-balanced","0","104","c03","c05","human","human","correct_guess","4","4","9","0","0","false"
"random-safe-vs-balanced","0","105","c03","c05","jev","human","correct_guess","3","4","8","0","0","false"
"random-safe-vs-balanced","0","106","c03","c06","human","jev","correct_guess","6","5","12","0","0","false"
"random-safe-vs-balanced","0","107","c03","c06","jev","jev","correct_guess","5","5","11","0","0","false"
"random-safe-vs-balanced","0","108","c03","c07","human","jev","correct_guess","6","5","12","0","0","false"
"random-safe-vs-balanced","0","109","c03","c07","jev","jev","correct_guess","5","5","11","0","0","false"
"random-safe-vs-balanced","0","110","c03","c08","human","jev","correct_guess","6","5","12","0","0","false"
"random-safe-vs-balanced","0","111","c03","c08","jev","jev","correct_guess","5","5","11","0","0","false"
"random-safe-vs-balanced","0","112","c03","c09","human","human","correct_guess","4","4","9","0","0","false"
"random-safe-vs-balanced","0","113","c03","c09","jev","jev","correct_guess","5","5","11","0","0","false"
"random-safe-vs-balanced","0","114","c03","c10","human","jev","correct_guess","6","5","12","0","0","false"
"random-safe-vs-balanced","0","115","c03","c10","jev","jev","correct_guess","5","5","11","0","0","false"
"random-safe-vs-balanced","0","116","c03","c11","human","human","correct_guess","5","5","11","0","0","false"
"random-safe-vs-balanced","0","117","c03","c11","jev","jev","correct_guess","5","5","11","0","0","false"
"random-safe-vs-balanced","0","118","c03","c12","human","human","correct_guess","5","5","11","0","0","false"
"random-safe-vs-balanced","0","119","c03","c12","jev","jev","correct_guess","5","5","11","0","0","false"
"random-safe-vs-balanced","0","120","c03","c13","human","jev","correct_guess","6","5","12","0","0","false"
"random-safe-vs-balanced","0","121","c03","c13","jev","human","correct_guess","4","5","10","0","0","false"
"random-safe-vs-balanced","0","122","c03","c14","human","human","correct_guess","5","5","11","0","0","false"
"random-safe-vs-balanced","0","123","c03","c14","jev","jev","correct_guess","5","5","11","0","0","false"
"random-safe-vs-balanced","0","124","c03","c15","human","human","correct_guess","3","3","7","0","0","false"
"random-safe-vs-balanced","0","125","c03","c15","jev","human","correct_guess","4","5","10","0","0","false"
"random-safe-vs-balanced","0","126","c03","c16","human","human","correct_guess","4","4","9","0","0","false"
"random-safe-vs-balanced","0","127","c03","c16","jev","jev","correct_guess","5","5","11","0","0","false"
"random-safe-vs-balanced","0","128","c03","c17","human","human","correct_guess","5","5","11","0","0","false"
"random-safe-vs-balanced","0","129","c03","c17","jev","human","correct_guess","4","5","10","0","0","false"
"random-safe-vs-balanced","0","130","c03","c18","human","human","correct_guess","5","5","11","0","0","false"
"random-safe-vs-balanced","0","131","c03","c18","jev","jev","correct_guess","5","5","11","0","0","false"
"random-safe-vs-balanced","0","132","c03","c19","human","jev","correct_guess","6","5","12","0","0","false"
"random-safe-vs-balanced","0","133","c03","c19","jev","jev","correct_guess","5","5","11","0","0","false"
"random-safe-vs-balanced","0","134","c03","c20","human","human","correct_guess","5","5","11","0","0","false"
"random-safe-vs-balanced","0","135","c03","c20","jev","jev","correct_guess","5","5","11","0","0","false"
"random-safe-vs-balanced","0","136","c03","c21","human","jev","correct_guess","6","5","12","0","0","false"
"random-safe-vs-balanced","0","137","c03","c21","jev","human","correct_guess","4","5","10","0","0","false"
"random-safe-vs-balanced","0","138","c03","c22","human","human","correct_guess","3","3","7","0","0","false"
"random-safe-vs-balanced","0","139","c03","c22","jev","jev","correct_guess","5","5","11","0","0","false"
"random-safe-vs-balanced","0","140","c03","c23","human","human","correct_guess","3","3","7","0","0","false"
"random-safe-vs-balanced","0","141","c03","c23","jev","jev","correct_guess","5","5","11","0","0","false"
"random-safe-vs-balanced","0","142","c03","c24","human","human","correct_guess","5","5","11","0","0","false"
"random-safe-vs-balanced","0","143","c03","c24","jev","human","correct_guess","4","5","10","0","0","false"
"random-safe-vs-balanced","0","144","c04","c01","human","jev","correct_guess","5","4","10","0","0","false"
"random-safe-vs-balanced","0","145","c04","c01","jev","jev","correct_guess","4","4","9","0","0","false"
"random-safe-vs-balanced","0","146","c04","c02","human","jev","correct_guess","5","4","10","0","0","false"
"random-safe-vs-balanced","0","147","c04","c02","jev","jev","correct_guess","4","4","9","0","0","false"
"random-safe-vs-balanced","0","148","c04","c03","human","jev","correct_guess","5","4","10","0","0","false"
"random-safe-vs-balanced","0","149","c04","c03","jev","jev","correct_guess","4","4","9","0","0","false"
"random-safe-vs-balanced","0","150","c04","c04","human","human","correct_guess","2","2","5","0","0","false"
"random-safe-vs-balanced","0","151","c04","c04","jev","jev","correct_guess","4","4","9","0","0","false"
"random-safe-vs-balanced","0","152","c04","c05","human","human","correct_guess","4","4","9","0","0","false"
"random-safe-vs-balanced","0","153","c04","c05","jev","jev","correct_guess","4","4","9","0","0","false"
"random-safe-vs-balanced","0","154","c04","c06","human","jev","correct_guess","5","4","10","0","0","false"
"random-safe-vs-balanced","0","155","c04","c06","jev","jev","correct_guess","4","4","9","0","0","false"
"random-safe-vs-balanced","0","156","c04","c07","human","jev","correct_guess","5","4","10","0","0","false"
"random-safe-vs-balanced","0","157","c04","c07","jev","jev","correct_guess","4","4","9","0","0","false"
"random-safe-vs-balanced","0","158","c04","c08","human","jev","correct_guess","5","4","10","0","0","false"
"random-safe-vs-balanced","0","159","c04","c08","jev","jev","correct_guess","4","4","9","0","0","false"
"random-safe-vs-balanced","0","160","c04","c09","human","jev","correct_guess","5","4","10","0","0","false"
"random-safe-vs-balanced","0","161","c04","c09","jev","human","correct_guess","2","3","6","0","0","false"
"random-safe-vs-balanced","0","162","c04","c10","human","jev","correct_guess","5","4","10","0","0","false"
"random-safe-vs-balanced","0","163","c04","c10","jev","jev","correct_guess","4","4","9","0","0","false"
"random-safe-vs-balanced","0","164","c04","c11","human","jev","correct_guess","5","4","10","0","0","false"
"random-safe-vs-balanced","0","165","c04","c11","jev","jev","correct_guess","4","4","9","0","0","false"
"random-safe-vs-balanced","0","166","c04","c12","human","jev","correct_guess","5","4","10","0","0","false"
"random-safe-vs-balanced","0","167","c04","c12","jev","jev","correct_guess","4","4","9","0","0","false"
"random-safe-vs-balanced","0","168","c04","c13","human","jev","correct_guess","5","4","10","0","0","false"
"random-safe-vs-balanced","0","169","c04","c13","jev","jev","correct_guess","4","4","9","0","0","false"
"random-safe-vs-balanced","0","170","c04","c14","human","jev","correct_guess","5","4","10","0","0","false"
"random-safe-vs-balanced","0","171","c04","c14","jev","jev","correct_guess","4","4","9","0","0","false"
"random-safe-vs-balanced","0","172","c04","c15","human","jev","correct_guess","5","4","10","0","0","false"
"random-safe-vs-balanced","0","173","c04","c15","jev","jev","correct_guess","4","4","9","0","0","false"
"random-safe-vs-balanced","0","174","c04","c16","human","jev","correct_guess","5","4","10","0","0","false"
"random-safe-vs-balanced","0","175","c04","c16","jev","jev","correct_guess","4","4","9","0","0","false"
"random-safe-vs-balanced","0","176","c04","c17","human","jev","correct_guess","5","4","10","0","0","false"
"random-safe-vs-balanced","0","177","c04","c17","jev","jev","correct_guess","4","4","9","0","0","false"
"random-safe-vs-balanced","0","178","c04","c18","human","jev","correct_guess","5","4","10","0","0","false"
"random-safe-vs-balanced","0","179","c04","c18","jev","jev","correct_guess","4","4","9","0","0","false"
"random-safe-vs-balanced","0","180","c04","c19","human","jev","correct_guess","5","4","10","0","0","false"
"random-safe-vs-balanced","0","181","c04","c19","jev","jev","correct_guess","4","4","9","0","0","false"
"random-safe-vs-balanced","0","182","c04","c20","human","human","correct_guess","4","4","9","0","0","false"
"random-safe-vs-balanced","0","183","c04","c20","jev","human","correct_guess","3","4","8","0","0","false"
"random-safe-vs-balanced","0","184","c04","c21","human","jev","correct_guess","5","4","10","0","0","false"
"random-safe-vs-balanced","0","185","c04","c21","jev","jev","correct_guess","4","4","9","0","0","false"
"random-safe-vs-balanced","0","186","c04","c22","human","human","correct_guess","4","4","9","0","0","false"
"random-safe-vs-balanced","0","187","c04","c22","jev","jev","correct_guess","4","4","9","0","0","false"
"random-safe-vs-balanced","0","188","c04","c23","human","human","correct_guess","3","3","7","0","0","false"
"random-safe-vs-balanced","0","189","c04","c23","jev","jev","correct_guess","4","4","9","0","0","false"
"random-safe-vs-balanced","0","190","c04","c24","human","jev","correct_guess","5","4","10","0","0","false"
"random-safe-vs-balanced","0","191","c04","c24","jev","jev","correct_guess","4","4","9","0","0","false"
"random-safe-vs-balanced","0","192","c05","c01","human","human","correct_guess","3","3","7","0","0","false"
"random-safe-vs-balanced","0","193","c05","c01","jev","jev","correct_guess","4","4","9","0","0","false"
"random-safe-vs-balanced","0","194","c05","c02","human","human","correct_guess","4","4","9","0","0","false"
"random-safe-vs-balanced","0","195","c05","c02","jev","jev","correct_guess","4","4","9","0","0","false"
"random-safe-vs-balanced","0","196","c05","c03","human","human","correct_guess","3","3","7","0","0","false"
"random-safe-vs-balanced","0","197","c05","c03","jev","jev","correct_guess","4","4","9","0","0","false"
"random-safe-vs-balanced","0","198","c05","c04","human","jev","correct_guess","5","4","10","0","0","false"
"random-safe-vs-balanced","0","199","c05","c04","jev","human","correct_guess","3","4","8","0","0","false"
"random-safe-vs-balanced","0","200","c05","c05","human","jev","correct_guess","5","4","10","0","0","false"
"random-safe-vs-balanced","0","201","c05","c05","jev","human","correct_guess","3","4","8","0","0","false"
"random-safe-vs-balanced","0","202","c05","c06","human","jev","correct_guess","5","4","10","0","0","false"
"random-safe-vs-balanced","0","203","c05","c06","jev","human","correct_guess","3","4","8","0","0","false"
"random-safe-vs-balanced","0","204","c05","c07","human","jev","correct_guess","5","4","10","0","0","false"
"random-safe-vs-balanced","0","205","c05","c07","jev","jev","correct_guess","4","4","9","0","0","false"
"random-safe-vs-balanced","0","206","c05","c08","human","jev","correct_guess","5","4","10","0","0","false"
"random-safe-vs-balanced","0","207","c05","c08","jev","jev","correct_guess","4","4","9","0","0","false"
"random-safe-vs-balanced","0","208","c05","c09","human","jev","correct_guess","5","4","10","0","0","false"
"random-safe-vs-balanced","0","209","c05","c09","jev","jev","correct_guess","4","4","9","0","0","false"
"random-safe-vs-balanced","0","210","c05","c10","human","jev","correct_guess","5","4","10","0","0","false"
"random-safe-vs-balanced","0","211","c05","c10","jev","jev","correct_guess","4","4","9","0","0","false"
"random-safe-vs-balanced","0","212","c05","c11","human","human","correct_guess","4","4","9","0","0","false"
"random-safe-vs-balanced","0","213","c05","c11","jev","jev","correct_guess","4","4","9","0","0","false"
"random-safe-vs-balanced","0","214","c05","c12","human","jev","correct_guess","5","4","10","0","0","false"
"random-safe-vs-balanced","0","215","c05","c12","jev","jev","correct_guess","4","4","9","0","0","false"
"random-safe-vs-balanced","0","216","c05","c13","human","jev","correct_guess","5","4","10","0","0","false"
"random-safe-vs-balanced","0","217","c05","c13","jev","jev","correct_guess","4","4","9","0","0","false"
"random-safe-vs-balanced","0","218","c05","c14","human","jev","correct_guess","5","4","10","0","0","false"
"random-safe-vs-balanced","0","219","c05","c14","jev","jev","correct_guess","4","4","9","0","0","false"
"random-safe-vs-balanced","0","220","c05","c15","human","human","correct_guess","4","4","9","0","0","false"
"random-safe-vs-balanced","0","221","c05","c15","jev","jev","correct_guess","4","4","9","0","0","false"
"random-safe-vs-balanced","0","222","c05","c16","human","jev","correct_guess","5","4","10","0","0","false"
"random-safe-vs-balanced","0","223","c05","c16","jev","jev","correct_guess","4","4","9","0","0","false"
"random-safe-vs-balanced","0","224","c05","c17","human","human","correct_guess","3","3","7","0","0","false"
"random-safe-vs-balanced","0","225","c05","c17","jev","jev","correct_guess","4","4","9","0","0","false"
"random-safe-vs-balanced","0","226","c05","c18","human","jev","correct_guess","5","4","10","0","0","false"
"random-safe-vs-balanced","0","227","c05","c18","jev","jev","correct_guess","4","4","9","0","0","false"
"random-safe-vs-balanced","0","228","c05","c19","human","jev","correct_guess","5","4","10","0","0","false"
"random-safe-vs-balanced","0","229","c05","c19","jev","jev","correct_guess","4","4","9","0","0","false"
"random-safe-vs-balanced","0","230","c05","c20","human","human","correct_guess","4","4","9","0","0","false"
"random-safe-vs-balanced","0","231","c05","c20","jev","jev","correct_guess","4","4","9","0","0","false"
"random-safe-vs-balanced","0","232","c05","c21","human","human","correct_guess","4","4","9","0","0","false"
"random-safe-vs-balanced","0","233","c05","c21","jev","jev","correct_guess","4","4","9","0","0","false"
"random-safe-vs-balanced","0","234","c05","c22","human","human","correct_guess","4","4","9","0","0","false"
"random-safe-vs-balanced","0","235","c05","c22","jev","human","correct_guess","3","4","8","0","0","false"
"random-safe-vs-balanced","0","236","c05","c23","human","jev","correct_guess","5","4","10","0","0","false"
"random-safe-vs-balanced","0","237","c05","c23","jev","jev","correct_guess","4","4","9","0","0","false"
"random-safe-vs-balanced","0","238","c05","c24","human","human","correct_guess","4","4","9","0","0","false"
"random-safe-vs-balanced","0","239","c05","c24","jev","jev","correct_guess","4","4","9","0","0","false"
"random-safe-vs-balanced","0","240","c06","c01","human","human","correct_guess","5","5","11","0","0","false"
"random-safe-vs-balanced","0","241","c06","c01","jev","human","correct_guess","3","4","8","0","0","false"
"random-safe-vs-balanced","0","242","c06","c02","human","human","correct_guess","4","4","9","0","0","false"
"random-safe-vs-balanced","0","243","c06","c02","jev","jev","correct_guess","5","5","11","0","0","false"
"random-safe-vs-balanced","0","244","c06","c03","human","jev","correct_guess","6","5","12","0","0","false"
"random-safe-vs-balanced","0","245","c06","c03","jev","jev","correct_guess","5","5","11","0","0","false"
"random-safe-vs-balanced","0","246","c06","c04","human","human","correct_guess","5","5","11","0","0","false"
"random-safe-vs-balanced","0","247","c06","c04","jev","jev","correct_guess","5","5","11","0","0","false"
"random-safe-vs-balanced","0","248","c06","c05","human","human","correct_guess","5","5","11","0","0","false"
"random-safe-vs-balanced","0","249","c06","c05","jev","human","correct_guess","4","5","10","0","0","false"
"random-safe-vs-balanced","0","250","c06","c06","human","human","correct_guess","4","4","9","0","0","false"
"random-safe-vs-balanced","0","251","c06","c06","jev","jev","correct_guess","5","5","11","0","0","false"
"random-safe-vs-balanced","0","252","c06","c07","human","jev","correct_guess","6","5","12","0","0","false"
"random-safe-vs-balanced","0","253","c06","c07","jev","jev","correct_guess","5","5","11","0","0","false"
"random-safe-vs-balanced","0","254","c06","c08","human","human","correct_guess","5","5","11","0","0","false"
"random-safe-vs-balanced","0","255","c06","c08","jev","jev","correct_guess","5","5","11","0","0","false"
"random-safe-vs-balanced","0","256","c06","c09","human","human","correct_guess","5","5","11","0","0","false"
"random-safe-vs-balanced","0","257","c06","c09","jev","jev","correct_guess","5","5","11","0","0","false"
"random-safe-vs-balanced","0","258","c06","c10","human","human","correct_guess","4","4","9","0","0","false"
"random-safe-vs-balanced","0","259","c06","c10","jev","jev","correct_guess","5","5","11","0","0","false"
"random-safe-vs-balanced","0","260","c06","c11","human","jev","correct_guess","6","5","12","0","0","false"
"random-safe-vs-balanced","0","261","c06","c11","jev","jev","correct_guess","5","5","11","0","0","false"
"random-safe-vs-balanced","0","262","c06","c12","human","human","correct_guess","5","5","11","0","0","false"
"random-safe-vs-balanced","0","263","c06","c12","jev","human","correct_guess","4","5","10","0","0","false"
"random-safe-vs-balanced","0","264","c06","c13","human","human","correct_guess","3","3","7","0","0","false"
"random-safe-vs-balanced","0","265","c06","c13","jev","human","correct_guess","4","5","10","0","0","false"
"random-safe-vs-balanced","0","266","c06","c14","human","human","correct_guess","4","4","9","0","0","false"
"random-safe-vs-balanced","0","267","c06","c14","jev","jev","correct_guess","5","5","11","0","0","false"
"random-safe-vs-balanced","0","268","c06","c15","human","human","correct_guess","5","5","11","0","0","false"
"random-safe-vs-balanced","0","269","c06","c15","jev","human","correct_guess","4","5","10","0","0","false"
"random-safe-vs-balanced","0","270","c06","c16","human","jev","correct_guess","6","5","12","0","0","false"
"random-safe-vs-balanced","0","271","c06","c16","jev","jev","correct_guess","5","5","11","0","0","false"
"random-safe-vs-balanced","0","272","c06","c17","human","jev","correct_guess","6","5","12","0","0","false"
"random-safe-vs-balanced","0","273","c06","c17","jev","jev","correct_guess","5","5","11","0","0","false"
"random-safe-vs-balanced","0","274","c06","c18","human","human","correct_guess","5","5","11","0","0","false"
"random-safe-vs-balanced","0","275","c06","c18","jev","jev","correct_guess","5","5","11","0","0","false"
"random-safe-vs-balanced","0","276","c06","c19","human","jev","correct_guess","6","5","12","0","0","false"
"random-safe-vs-balanced","0","277","c06","c19","jev","jev","correct_guess","5","5","11","0","0","false"
"random-safe-vs-balanced","0","278","c06","c20","human","human","correct_guess","3","3","7","0","0","false"
"random-safe-vs-balanced","0","279","c06","c20","jev","jev","correct_guess","5","5","11","0","0","false"
"random-safe-vs-balanced","0","280","c06","c21","human","human","correct_guess","5","5","11","0","0","false"
"random-safe-vs-balanced","0","281","c06","c21","jev","jev","correct_guess","5","5","11","0","0","false"
"random-safe-vs-balanced","0","282","c06","c22","human","jev","correct_guess","6","5","12","0","0","false"
"random-safe-vs-balanced","0","283","c06","c22","jev","human","correct_guess","4","5","10","0","0","false"
"random-safe-vs-balanced","0","284","c06","c23","human","human","correct_guess","3","3","7","0","0","false"
"random-safe-vs-balanced","0","285","c06","c23","jev","jev","correct_guess","5","5","11","0","0","false"
"random-safe-vs-balanced","0","286","c06","c24","human","jev","correct_guess","6","5","12","0","0","false"
"random-safe-vs-balanced","0","287","c06","c24","jev","jev","correct_guess","5","5","11","0","0","false"
"random-safe-vs-balanced","0","288","c07","c01","human","jev","correct_guess","5","4","10","0","0","false"
"random-safe-vs-balanced","0","289","c07","c01","jev","jev","correct_guess","4","4","9","0","0","false"
"random-safe-vs-balanced","0","290","c07","c02","human","jev","correct_guess","5","4","10","0","0","false"
"random-safe-vs-balanced","0","291","c07","c02","jev","jev","correct_guess","4","4","9","0","0","false"
"random-safe-vs-balanced","0","292","c07","c03","human","jev","correct_guess","5","4","10","0","0","false"
"random-safe-vs-balanced","0","293","c07","c03","jev","jev","correct_guess","4","4","9","0","0","false"
"random-safe-vs-balanced","0","294","c07","c04","human","jev","correct_guess","5","4","10","0","0","false"
"random-safe-vs-balanced","0","295","c07","c04","jev","jev","correct_guess","4","4","9","0","0","false"
"random-safe-vs-balanced","0","296","c07","c05","human","human","correct_guess","4","4","9","0","0","false"
"random-safe-vs-balanced","0","297","c07","c05","jev","jev","correct_guess","4","4","9","0","0","false"
"random-safe-vs-balanced","0","298","c07","c06","human","human","correct_guess","4","4","9","0","0","false"
"random-safe-vs-balanced","0","299","c07","c06","jev","jev","correct_guess","4","4","9","0","0","false"
"random-safe-vs-balanced","0","300","c07","c07","human","jev","correct_guess","5","4","10","0","0","false"
"random-safe-vs-balanced","0","301","c07","c07","jev","jev","correct_guess","4","4","9","0","0","false"
"random-safe-vs-balanced","0","302","c07","c08","human","jev","correct_guess","5","4","10","0","0","false"
"random-safe-vs-balanced","0","303","c07","c08","jev","jev","correct_guess","4","4","9","0","0","false"
"random-safe-vs-balanced","0","304","c07","c09","human","human","correct_guess","4","4","9","0","0","false"
"random-safe-vs-balanced","0","305","c07","c09","jev","jev","correct_guess","4","4","9","0","0","false"
"random-safe-vs-balanced","0","306","c07","c10","human","jev","correct_guess","5","4","10","0","0","false"
"random-safe-vs-balanced","0","307","c07","c10","jev","jev","correct_guess","4","4","9","0","0","false"
"random-safe-vs-balanced","0","308","c07","c11","human","human","correct_guess","4","4","9","0","0","false"
"random-safe-vs-balanced","0","309","c07","c11","jev","jev","correct_guess","4","4","9","0","0","false"
"random-safe-vs-balanced","0","310","c07","c12","human","human","correct_guess","3","3","7","0","0","false"
"random-safe-vs-balanced","0","311","c07","c12","jev","jev","correct_guess","4","4","9","0","0","false"
"random-safe-vs-balanced","0","312","c07","c13","human","jev","correct_guess","5","4","10","0","0","false"
"random-safe-vs-balanced","0","313","c07","c13","jev","jev","correct_guess","4","4","9","0","0","false"
"random-safe-vs-balanced","0","314","c07","c14","human","jev","correct_guess","5","4","10","0","0","false"
"random-safe-vs-balanced","0","315","c07","c14","jev","jev","correct_guess","4","4","9","0","0","false"
"random-safe-vs-balanced","0","316","c07","c15","human","jev","correct_guess","5","4","10","0","0","false"
"random-safe-vs-balanced","0","317","c07","c15","jev","jev","correct_guess","4","4","9","0","0","false"
"random-safe-vs-balanced","0","318","c07","c16","human","jev","correct_guess","5","4","10","0","0","false"
"random-safe-vs-balanced","0","319","c07","c16","jev","jev","correct_guess","4","4","9","0","0","false"
"random-safe-vs-balanced","0","320","c07","c17","human","jev","correct_guess","5","4","10","0","0","false"
"random-safe-vs-balanced","0","321","c07","c17","jev","jev","correct_guess","4","4","9","0","0","false"
"random-safe-vs-balanced","0","322","c07","c18","human","jev","correct_guess","5","4","10","0","0","false"
"random-safe-vs-balanced","0","323","c07","c18","jev","jev","correct_guess","4","4","9","0","0","false"
"random-safe-vs-balanced","0","324","c07","c19","human","jev","correct_guess","5","4","10","0","0","false"
"random-safe-vs-balanced","0","325","c07","c19","jev","jev","correct_guess","4","4","9","0","0","false"
"random-safe-vs-balanced","0","326","c07","c20","human","jev","correct_guess","5","4","10","0","0","false"
"random-safe-vs-balanced","0","327","c07","c20","jev","jev","correct_guess","4","4","9","0","0","false"
"random-safe-vs-balanced","0","328","c07","c21","human","jev","correct_guess","5","4","10","0","0","false"
"random-safe-vs-balanced","0","329","c07","c21","jev","jev","correct_guess","4","4","9","0","0","false"
"random-safe-vs-balanced","0","330","c07","c22","human","human","correct_guess","4","4","9","0","0","false"
"random-safe-vs-balanced","0","331","c07","c22","jev","jev","correct_guess","4","4","9","0","0","false"
"random-safe-vs-balanced","0","332","c07","c23","human","jev","correct_guess","5","4","10","0","0","false"
"random-safe-vs-balanced","0","333","c07","c23","jev","jev","correct_guess","4","4","9","0","0","false"
"random-safe-vs-balanced","0","334","c07","c24","human","jev","correct_guess","5","4","10","0","0","false"
"random-safe-vs-balanced","0","335","c07","c24","jev","human","correct_guess","3","4","8","0","0","false"
"random-safe-vs-balanced","0","336","c08","c01","human","jev","correct_guess","6","5","12","0","0","false"
"random-safe-vs-balanced","0","337","c08","c01","jev","jev","correct_guess","5","5","11","0","0","false"
"random-safe-vs-balanced","0","338","c08","c02","human","human","correct_guess","4","4","9","0","0","false"
"random-safe-vs-balanced","0","339","c08","c02","jev","human","correct_guess","3","4","8","0","0","false"
"random-safe-vs-balanced","0","340","c08","c03","human","jev","correct_guess","6","5","12","0","0","false"
"random-safe-vs-balanced","0","341","c08","c03","jev","jev","correct_guess","5","5","11","0","0","false"
"random-safe-vs-balanced","0","342","c08","c04","human","human","correct_guess","4","4","9","0","0","false"
"random-safe-vs-balanced","0","343","c08","c04","jev","human","correct_guess","4","5","10","0","0","false"
"random-safe-vs-balanced","0","344","c08","c05","human","human","correct_guess","3","3","7","0","0","false"
"random-safe-vs-balanced","0","345","c08","c05","jev","jev","correct_guess","5","5","11","0","0","false"
"random-safe-vs-balanced","0","346","c08","c06","human","human","correct_guess","5","5","11","0","0","false"
"random-safe-vs-balanced","0","347","c08","c06","jev","jev","correct_guess","5","5","11","0","0","false"
"random-safe-vs-balanced","0","348","c08","c07","human","jev","correct_guess","6","5","12","0","0","false"
"random-safe-vs-balanced","0","349","c08","c07","jev","jev","correct_guess","5","5","11","0","0","false"
"random-safe-vs-balanced","0","350","c08","c08","human","human","correct_guess","5","5","11","0","0","false"
"random-safe-vs-balanced","0","351","c08","c08","jev","human","correct_guess","3","4","8","0","0","false"
"random-safe-vs-balanced","0","352","c08","c09","human","jev","correct_guess","6","5","12","0","0","false"
"random-safe-vs-balanced","0","353","c08","c09","jev","jev","correct_guess","5","5","11","0","0","false"
"random-safe-vs-balanced","0","354","c08","c10","human","jev","correct_guess","6","5","12","0","0","false"
"random-safe-vs-balanced","0","355","c08","c10","jev","jev","correct_guess","5","5","11","0","0","false"
"random-safe-vs-balanced","0","356","c08","c11","human","human","correct_guess","4","4","9","0","0","false"
"random-safe-vs-balanced","0","357","c08","c11","jev","jev","correct_guess","5","5","11","0","0","false"
"random-safe-vs-balanced","0","358","c08","c12","human","human","correct_guess","4","4","9","0","0","false"
"random-safe-vs-balanced","0","359","c08","c12","jev","jev","correct_guess","5","5","11","0","0","false"
"random-safe-vs-balanced","0","360","c08","c13","human","human","correct_guess","3","3","7","0","0","false"
"random-safe-vs-balanced","0","361","c08","c13","jev","jev","correct_guess","5","5","11","0","0","false"
"random-safe-vs-balanced","0","362","c08","c14","human","jev","correct_guess","6","5","12","0","0","false"
"random-safe-vs-balanced","0","363","c08","c14","jev","jev","correct_guess","5","5","11","0","0","false"
"random-safe-vs-balanced","0","364","c08","c15","human","jev","correct_guess","6","5","12","0","0","false"
"random-safe-vs-balanced","0","365","c08","c15","jev","human","correct_guess","4","5","10","0","0","false"
"random-safe-vs-balanced","0","366","c08","c16","human","human","correct_guess","4","4","9","0","0","false"
"random-safe-vs-balanced","0","367","c08","c16","jev","jev","correct_guess","5","5","11","0","0","false"
"random-safe-vs-balanced","0","368","c08","c17","human","human","correct_guess","5","5","11","0","0","false"
"random-safe-vs-balanced","0","369","c08","c17","jev","jev","correct_guess","5","5","11","0","0","false"
"random-safe-vs-balanced","0","370","c08","c18","human","jev","correct_guess","6","5","12","0","0","false"
"random-safe-vs-balanced","0","371","c08","c18","jev","jev","correct_guess","5","5","11","0","0","false"
"random-safe-vs-balanced","0","372","c08","c19","human","jev","correct_guess","6","5","12","0","0","false"
"random-safe-vs-balanced","0","373","c08","c19","jev","jev","correct_guess","5","5","11","0","0","false"
"random-safe-vs-balanced","0","374","c08","c20","human","jev","correct_guess","6","5","12","0","0","false"
"random-safe-vs-balanced","0","375","c08","c20","jev","jev","correct_guess","5","5","11","0","0","false"
"random-safe-vs-balanced","0","376","c08","c21","human","jev","correct_guess","6","5","12","0","0","false"
"random-safe-vs-balanced","0","377","c08","c21","jev","jev","correct_guess","5","5","11","0","0","false"
"random-safe-vs-balanced","0","378","c08","c22","human","human","correct_guess","5","5","11","0","0","false"
"random-safe-vs-balanced","0","379","c08","c22","jev","jev","correct_guess","5","5","11","0","0","false"
"random-safe-vs-balanced","0","380","c08","c23","human","jev","correct_guess","6","5","12","0","0","false"
"random-safe-vs-balanced","0","381","c08","c23","jev","human","correct_guess","3","4","8","0","0","false"
"random-safe-vs-balanced","0","382","c08","c24","human","human","correct_guess","5","5","11","0","0","false"
"random-safe-vs-balanced","0","383","c08","c24","jev","jev","correct_guess","5","5","11","0","0","false"
"random-safe-vs-balanced","0","384","c09","c01","human","jev","correct_guess","5","4","10","0","0","false"
"random-safe-vs-balanced","0","385","c09","c01","jev","jev","correct_guess","4","4","9","0","0","false"
"random-safe-vs-balanced","0","386","c09","c02","human","human","correct_guess","3","3","7","0","0","false"
"random-safe-vs-balanced","0","387","c09","c02","jev","jev","correct_guess","4","4","9","0","0","false"
"random-safe-vs-balanced","0","388","c09","c03","human","jev","correct_guess","5","4","10","0","0","false"
"random-safe-vs-balanced","0","389","c09","c03","jev","jev","correct_guess","4","4","9","0","0","false"
"random-safe-vs-balanced","0","390","c09","c04","human","human","correct_guess","4","4","9","0","0","false"
"random-safe-vs-balanced","0","391","c09","c04","jev","human","correct_guess","3","4","8","0","0","false"
"random-safe-vs-balanced","0","392","c09","c05","human","jev","correct_guess","5","4","10","0","0","false"
"random-safe-vs-balanced","0","393","c09","c05","jev","jev","correct_guess","4","4","9","0","0","false"
"random-safe-vs-balanced","0","394","c09","c06","human","jev","correct_guess","5","4","10","0","0","false"
"random-safe-vs-balanced","0","395","c09","c06","jev","jev","correct_guess","4","4","9","0","0","false"
"random-safe-vs-balanced","0","396","c09","c07","human","jev","correct_guess","5","4","10","0","0","false"
"random-safe-vs-balanced","0","397","c09","c07","jev","jev","correct_guess","4","4","9","0","0","false"
"random-safe-vs-balanced","0","398","c09","c08","human","jev","correct_guess","5","4","10","0","0","false"
"random-safe-vs-balanced","0","399","c09","c08","jev","jev","correct_guess","4","4","9","0","0","false"
"random-safe-vs-balanced","0","400","c09","c09","human","jev","correct_guess","5","4","10","0","0","false"
"random-safe-vs-balanced","0","401","c09","c09","jev","jev","correct_guess","4","4","9","0","0","false"
"random-safe-vs-balanced","0","402","c09","c10","human","jev","correct_guess","5","4","10","0","0","false"
"random-safe-vs-balanced","0","403","c09","c10","jev","jev","correct_guess","4","4","9","0","0","false"
"random-safe-vs-balanced","0","404","c09","c11","human","jev","correct_guess","5","4","10","0","0","false"
"random-safe-vs-balanced","0","405","c09","c11","jev","human","correct_guess","3","4","8","0","0","false"
"random-safe-vs-balanced","0","406","c09","c12","human","human","correct_guess","4","4","9","0","0","false"
"random-safe-vs-balanced","0","407","c09","c12","jev","jev","correct_guess","4","4","9","0","0","false"
"random-safe-vs-balanced","0","408","c09","c13","human","jev","correct_guess","5","4","10","0","0","false"
"random-safe-vs-balanced","0","409","c09","c13","jev","jev","correct_guess","4","4","9","0","0","false"
"random-safe-vs-balanced","0","410","c09","c14","human","jev","correct_guess","5","4","10","0","0","false"
"random-safe-vs-balanced","0","411","c09","c14","jev","human","correct_guess","3","4","8","0","0","false"
"random-safe-vs-balanced","0","412","c09","c15","human","jev","correct_guess","5","4","10","0","0","false"
"random-safe-vs-balanced","0","413","c09","c15","jev","jev","correct_guess","4","4","9","0","0","false"
"random-safe-vs-balanced","0","414","c09","c16","human","jev","correct_guess","5","4","10","0","0","false"
"random-safe-vs-balanced","0","415","c09","c16","jev","jev","correct_guess","4","4","9","0","0","false"
"random-safe-vs-balanced","0","416","c09","c17","human","human","correct_guess","4","4","9","0","0","false"
"random-safe-vs-balanced","0","417","c09","c17","jev","jev","correct_guess","4","4","9","0","0","false"
"random-safe-vs-balanced","0","418","c09","c18","human","jev","correct_guess","5","4","10","0","0","false"
"random-safe-vs-balanced","0","419","c09","c18","jev","jev","correct_guess","4","4","9","0","0","false"
"random-safe-vs-balanced","0","420","c09","c19","human","human","correct_guess","4","4","9","0","0","false"
"random-safe-vs-balanced","0","421","c09","c19","jev","jev","correct_guess","4","4","9","0","0","false"
"random-safe-vs-balanced","0","422","c09","c20","human","jev","correct_guess","5","4","10","0","0","false"
"random-safe-vs-balanced","0","423","c09","c20","jev","jev","correct_guess","4","4","9","0","0","false"
"random-safe-vs-balanced","0","424","c09","c21","human","jev","correct_guess","5","4","10","0","0","false"
"random-safe-vs-balanced","0","425","c09","c21","jev","jev","correct_guess","4","4","9","0","0","false"
"random-safe-vs-balanced","0","426","c09","c22","human","human","correct_guess","4","4","9","0","0","false"
"random-safe-vs-balanced","0","427","c09","c22","jev","jev","correct_guess","4","4","9","0","0","false"
"random-safe-vs-balanced","0","428","c09","c23","human","jev","correct_guess","5","4","10","0","0","false"
"random-safe-vs-balanced","0","429","c09","c23","jev","jev","correct_guess","4","4","9","0","0","false"
"random-safe-vs-balanced","0","430","c09","c24","human","human","correct_guess","4","4","9","0","0","false"
"random-safe-vs-balanced","0","431","c09","c24","jev","jev","correct_guess","4","4","9","0","0","false"
"random-safe-vs-balanced","0","432","c10","c01","human","human","correct_guess","4","4","9","0","0","false"
"random-safe-vs-balanced","0","433","c10","c01","jev","jev","correct_guess","6","6","13","0","0","false"
"random-safe-vs-balanced","0","434","c10","c02","human","human","correct_guess","4","4","9","0","0","false"
"random-safe-vs-balanced","0","435","c10","c02","jev","human","correct_guess","4","5","10","0","0","false"
"random-safe-vs-balanced","0","436","c10","c03","human","human","correct_guess","5","5","11","0","0","false"
"random-safe-vs-balanced","0","437","c10","c03","jev","human","correct_guess","5","6","12","0","0","false"
"random-safe-vs-balanced","0","438","c10","c04","human","human","correct_guess","3","3","7","0","0","false"
"random-safe-vs-balanced","0","439","c10","c04","jev","jev","correct_guess","6","6","13","0","0","false"
"random-safe-vs-balanced","0","440","c10","c05","human","human","correct_guess","3","3","7","0","0","false"
"random-safe-vs-balanced","0","441","c10","c05","jev","jev","correct_guess","6","6","13","0","0","false"
"random-safe-vs-balanced","0","442","c10","c06","human","human","correct_guess","5","5","11","0","0","false"
"random-safe-vs-balanced","0","443","c10","c06","jev","jev","correct_guess","6","6","13","0","0","false"
"random-safe-vs-balanced","0","444","c10","c07","human","human","correct_guess","5","5","11","0","0","false"
"random-safe-vs-balanced","0","445","c10","c07","jev","jev","correct_guess","6","6","13","0","0","false"
"random-safe-vs-balanced","0","446","c10","c08","human","jev","correct_guess","7","6","14","0","0","false"
"random-safe-vs-balanced","0","447","c10","c08","jev","human","correct_guess","5","6","12","0","0","false"
"random-safe-vs-balanced","0","448","c10","c09","human","human","correct_guess","3","3","7","0","0","false"
"random-safe-vs-balanced","0","449","c10","c09","jev","human","correct_guess","3","4","8","0","0","false"
"random-safe-vs-balanced","0","450","c10","c10","human","jev","correct_guess","7","6","14","0","0","false"
"random-safe-vs-balanced","0","451","c10","c10","jev","jev","correct_guess","6","6","13","0","0","false"
"random-safe-vs-balanced","0","452","c10","c11","human","human","correct_guess","5","5","11","0","0","false"
"random-safe-vs-balanced","0","453","c10","c11","jev","jev","correct_guess","6","6","13","0","0","false"
"random-safe-vs-balanced","0","454","c10","c12","human","human","correct_guess","5","5","11","0","0","false"
"random-safe-vs-balanced","0","455","c10","c12","jev","human","correct_guess","4","5","10","0","0","false"
"random-safe-vs-balanced","0","456","c10","c13","human","human","correct_guess","5","5","11","0","0","false"
"random-safe-vs-balanced","0","457","c10","c13","jev","human","correct_guess","5","6","12","0","0","false"
"random-safe-vs-balanced","0","458","c10","c14","human","human","correct_guess","4","4","9","0","0","false"
"random-safe-vs-balanced","0","459","c10","c14","jev","human","correct_guess","4","5","10","0","0","false"
"random-safe-vs-balanced","0","460","c10","c15","human","human","correct_guess","4","4","9","0","0","false"
"random-safe-vs-balanced","0","461","c10","c15","jev","human","correct_guess","2","3","6","0","0","false"
"random-safe-vs-balanced","0","462","c10","c16","human","human","correct_guess","6","6","13","0","0","false"
"random-safe-vs-balanced","0","463","c10","c16","jev","jev","correct_guess","6","6","13","0","0","false"
"random-safe-vs-balanced","0","464","c10","c17","human","human","correct_guess","4","4","9","0","0","false"
"random-safe-vs-balanced","0","465","c10","c17","jev","human","correct_guess","4","5","10","0","0","false"
"random-safe-vs-balanced","0","466","c10","c18","human","human","correct_guess","4","4","9","0","0","false"
"random-safe-vs-balanced","0","467","c10","c18","jev","human","correct_guess","4","5","10","0","0","false"
"random-safe-vs-balanced","0","468","c10","c19","human","human","correct_guess","6","6","13","0","0","false"
"random-safe-vs-balanced","0","469","c10","c19","jev","jev","correct_guess","6","6","13","0","0","false"
"random-safe-vs-balanced","0","470","c10","c20","human","human","correct_guess","5","5","11","0","0","false"
"random-safe-vs-balanced","0","471","c10","c20","jev","jev","correct_guess","6","6","13","0","0","false"
"random-safe-vs-balanced","0","472","c10","c21","human","human","correct_guess","4","4","9","0","0","false"
"random-safe-vs-balanced","0","473","c10","c21","jev","jev","correct_guess","6","6","13","0","0","false"
"random-safe-vs-balanced","0","474","c10","c22","human","jev","correct_guess","7","6","14","0","0","false"
"random-safe-vs-balanced","0","475","c10","c22","jev","human","correct_guess","5","6","12","0","0","false"
"random-safe-vs-balanced","0","476","c10","c23","human","human","correct_guess","6","6","13","0","0","false"
"random-safe-vs-balanced","0","477","c10","c23","jev","human","correct_guess","5","6","12","0","0","false"
"random-safe-vs-balanced","0","478","c10","c24","human","human","correct_guess","5","5","11","0","0","false"
"random-safe-vs-balanced","0","479","c10","c24","jev","human","correct_guess","4","5","10","0","0","false"
"random-safe-vs-balanced","0","480","c11","c01","human","human","correct_guess","4","4","9","0","0","false"
"random-safe-vs-balanced","0","481","c11","c01","jev","human","correct_guess","4","5","10","0","0","false"
"random-safe-vs-balanced","0","482","c11","c02","human","human","correct_guess","5","5","11","0","0","false"
"random-safe-vs-balanced","0","483","c11","c02","jev","human","correct_guess","3","4","8","0","0","false"
"random-safe-vs-balanced","0","484","c11","c03","human","human","correct_guess","4","4","9","0","0","false"
"random-safe-vs-balanced","0","485","c11","c03","jev","jev","correct_guess","5","5","11","0","0","false"
"random-safe-vs-balanced","0","486","c11","c04","human","human","correct_guess","5","5","11","0","0","false"
"random-safe-vs-balanced","0","487","c11","c04","jev","human","correct_guess","3","4","8","0","0","false"
"random-safe-vs-balanced","0","488","c11","c05","human","human","correct_guess","5","5","11","0","0","false"
"random-safe-vs-balanced","0","489","c11","c05","jev","jev","correct_guess","5","5","11","0","0","false"
"random-safe-vs-balanced","0","490","c11","c06","human","human","correct_guess","5","5","11","0","0","false"
"random-safe-vs-balanced","0","491","c11","c06","jev","jev","correct_guess","5","5","11","0","0","false"
"random-safe-vs-balanced","0","492","c11","c07","human","jev","correct_guess","6","5","12","0","0","false"
"random-safe-vs-balanced","0","493","c11","c07","jev","human","correct_guess","4","5","10","0","0","false"
"random-safe-vs-balanced","0","494","c11","c08","human","human","correct_guess","5","5","11","0","0","false"
"random-safe-vs-balanced","0","495","c11","c08","jev","jev","correct_guess","5","5","11","0","0","false"
"random-safe-vs-balanced","0","496","c11","c09","human","human","correct_guess","4","4","9","0","0","false"
"random-safe-vs-balanced","0","497","c11","c09","jev","jev","correct_guess","5","5","11","0","0","false"
"random-safe-vs-balanced","0","498","c11","c10","human","human","correct_guess","4","4","9","0","0","false"
"random-safe-vs-balanced","0","499","c11","c10","jev","jev","correct_guess","5","5","11","0","0","false"
"random-safe-vs-balanced","0","500","c11","c11","human","human","correct_guess","5","5","11","0","0","false"
"random-safe-vs-balanced","0","501","c11","c11","jev","jev","correct_guess","5","5","11","0","0","false"
"random-safe-vs-balanced","0","502","c11","c12","human","human","correct_guess","4","4","9","0","0","false"
"random-safe-vs-balanced","0","503","c11","c12","jev","human","correct_guess","4","5","10","0","0","false"
"random-safe-vs-balanced","0","504","c11","c13","human","human","correct_guess","5","5","11","0","0","false"
"random-safe-vs-balanced","0","505","c11","c13","jev","jev","correct_guess","5","5","11","0","0","false"
"random-safe-vs-balanced","0","506","c11","c14","human","jev","correct_guess","6","5","12","0","0","false"
"random-safe-vs-balanced","0","507","c11","c14","jev","jev","correct_guess","5","5","11","0","0","false"
"random-safe-vs-balanced","0","508","c11","c15","human","human","correct_guess","5","5","11","0","0","false"
"random-safe-vs-balanced","0","509","c11","c15","jev","human","correct_guess","3","4","8","0","0","false"
"random-safe-vs-balanced","0","510","c11","c16","human","jev","correct_guess","6","5","12","0","0","false"
"random-safe-vs-balanced","0","511","c11","c16","jev","jev","correct_guess","5","5","11","0","0","false"
"random-safe-vs-balanced","0","512","c11","c17","human","human","correct_guess","5","5","11","0","0","false"
"random-safe-vs-balanced","0","513","c11","c17","jev","human","correct_guess","3","4","8","0","0","false"
"random-safe-vs-balanced","0","514","c11","c18","human","human","correct_guess","5","5","11","0","0","false"
"random-safe-vs-balanced","0","515","c11","c18","jev","human","correct_guess","4","5","10","0","0","false"
"random-safe-vs-balanced","0","516","c11","c19","human","jev","correct_guess","6","5","12","0","0","false"
"random-safe-vs-balanced","0","517","c11","c19","jev","jev","correct_guess","5","5","11","0","0","false"
"random-safe-vs-balanced","0","518","c11","c20","human","human","correct_guess","4","4","9","0","0","false"
"random-safe-vs-balanced","0","519","c11","c20","jev","jev","correct_guess","5","5","11","0","0","false"
"random-safe-vs-balanced","0","520","c11","c21","human","human","correct_guess","4","4","9","0","0","false"
"random-safe-vs-balanced","0","521","c11","c21","jev","jev","correct_guess","5","5","11","0","0","false"
"random-safe-vs-balanced","0","522","c11","c22","human","human","correct_guess","4","4","9","0","0","false"
"random-safe-vs-balanced","0","523","c11","c22","jev","human","correct_guess","4","5","10","0","0","false"
"random-safe-vs-balanced","0","524","c11","c23","human","human","correct_guess","3","3","7","0","0","false"
"random-safe-vs-balanced","0","525","c11","c23","jev","jev","correct_guess","5","5","11","0","0","false"
"random-safe-vs-balanced","0","526","c11","c24","human","human","correct_guess","2","2","5","0","0","false"
"random-safe-vs-balanced","0","527","c11","c24","jev","jev","correct_guess","5","5","11","0","0","false"
"random-safe-vs-balanced","0","528","c12","c01","human","jev","correct_guess","6","5","12","0","0","false"
"random-safe-vs-balanced","0","529","c12","c01","jev","jev","correct_guess","5","5","11","0","0","false"
"random-safe-vs-balanced","0","530","c12","c02","human","human","correct_guess","4","4","9","0","0","false"
"random-safe-vs-balanced","0","531","c12","c02","jev","jev","correct_guess","5","5","11","0","0","false"
"random-safe-vs-balanced","0","532","c12","c03","human","jev","correct_guess","6","5","12","0","0","false"
"random-safe-vs-balanced","0","533","c12","c03","jev","jev","correct_guess","5","5","11","0","0","false"
"random-safe-vs-balanced","0","534","c12","c04","human","human","correct_guess","4","4","9","0","0","false"
"random-safe-vs-balanced","0","535","c12","c04","jev","jev","correct_guess","5","5","11","0","0","false"
"random-safe-vs-balanced","0","536","c12","c05","human","human","correct_guess","5","5","11","0","0","false"
"random-safe-vs-balanced","0","537","c12","c05","jev","human","correct_guess","3","4","8","0","0","false"
"random-safe-vs-balanced","0","538","c12","c06","human","jev","correct_guess","6","5","12","0","0","false"
"random-safe-vs-balanced","0","539","c12","c06","jev","human","correct_guess","4","5","10","0","0","false"
"random-safe-vs-balanced","0","540","c12","c07","human","jev","correct_guess","6","5","12","0","0","false"
"random-safe-vs-balanced","0","541","c12","c07","jev","jev","correct_guess","5","5","11","0","0","false"
"random-safe-vs-balanced","0","542","c12","c08","human","jev","correct_guess","6","5","12","0","0","false"
"random-safe-vs-balanced","0","543","c12","c08","jev","human","correct_guess","3","4","8","0","0","false"
"random-safe-vs-balanced","0","544","c12","c09","human","human","correct_guess","4","4","9","0","0","false"
"random-safe-vs-balanced","0","545","c12","c09","jev","human","correct_guess","4","5","10","0","0","false"
"random-safe-vs-balanced","0","546","c12","c10","human","jev","correct_guess","6","5","12","0","0","false"
"random-safe-vs-balanced","0","547","c12","c10","jev","jev","correct_guess","5","5","11","0","0","false"
"random-safe-vs-balanced","0","548","c12","c11","human","human","correct_guess","5","5","11","0","0","false"
"random-safe-vs-balanced","0","549","c12","c11","jev","human","correct_guess","4","5","10","0","0","false"
"random-safe-vs-balanced","0","550","c12","c12","human","human","correct_guess","4","4","9","0","0","false"
"random-safe-vs-balanced","0","551","c12","c12","jev","jev","correct_guess","5","5","11","0","0","false"
"random-safe-vs-balanced","0","552","c12","c13","human","human","correct_guess","5","5","11","0","0","false"
"random-safe-vs-balanced","0","553","c12","c13","jev","jev","correct_guess","5","5","11","0","0","false"
"random-safe-vs-balanced","0","554","c12","c14","human","jev","correct_guess","6","5","12","0","0","false"
"random-safe-vs-balanced","0","555","c12","c14","jev","jev","correct_guess","5","5","11","0","0","false"
"random-safe-vs-balanced","0","556","c12","c15","human","human","correct_guess","3","3","7","0","0","false"
"random-safe-vs-balanced","0","557","c12","c15","jev","jev","correct_guess","5","5","11","0","0","false"
"random-safe-vs-balanced","0","558","c12","c16","human","jev","correct_guess","6","5","12","0","0","false"
"random-safe-vs-balanced","0","559","c12","c16","jev","jev","correct_guess","5","5","11","0","0","false"
"random-safe-vs-balanced","0","560","c12","c17","human","human","correct_guess","5","5","11","0","0","false"
"random-safe-vs-balanced","0","561","c12","c17","jev","jev","correct_guess","5","5","11","0","0","false"
"random-safe-vs-balanced","0","562","c12","c18","human","human","correct_guess","5","5","11","0","0","false"
"random-safe-vs-balanced","0","563","c12","c18","jev","jev","correct_guess","5","5","11","0","0","false"
"random-safe-vs-balanced","0","564","c12","c19","human","jev","correct_guess","6","5","12","0","0","false"
"random-safe-vs-balanced","0","565","c12","c19","jev","jev","correct_guess","5","5","11","0","0","false"
"random-safe-vs-balanced","0","566","c12","c20","human","jev","correct_guess","6","5","12","0","0","false"
"random-safe-vs-balanced","0","567","c12","c20","jev","jev","correct_guess","5","5","11","0","0","false"
"random-safe-vs-balanced","0","568","c12","c21","human","jev","correct_guess","6","5","12","0","0","false"
"random-safe-vs-balanced","0","569","c12","c21","jev","human","correct_guess","4","5","10","0","0","false"
"random-safe-vs-balanced","0","570","c12","c22","human","jev","correct_guess","6","5","12","0","0","false"
"random-safe-vs-balanced","0","571","c12","c22","jev","human","correct_guess","3","4","8","0","0","false"
"random-safe-vs-balanced","0","572","c12","c23","human","jev","correct_guess","6","5","12","0","0","false"
"random-safe-vs-balanced","0","573","c12","c23","jev","jev","correct_guess","5","5","11","0","0","false"
"random-safe-vs-balanced","0","574","c12","c24","human","human","correct_guess","5","5","11","0","0","false"
"random-safe-vs-balanced","0","575","c12","c24","jev","jev","correct_guess","5","5","11","0","0","false"
"random-safe-vs-balanced","0","576","c13","c01","human","human","correct_guess","5","5","11","0","0","false"
"random-safe-vs-balanced","0","577","c13","c01","jev","human","correct_guess","3","4","8","0","0","false"
"random-safe-vs-balanced","0","578","c13","c02","human","human","correct_guess","2","2","5","0","0","false"
"random-safe-vs-balanced","0","579","c13","c02","jev","human","correct_guess","4","5","10","0","0","false"
"random-safe-vs-balanced","0","580","c13","c03","human","jev","correct_guess","6","5","12","0","0","false"
"random-safe-vs-balanced","0","581","c13","c03","jev","jev","correct_guess","5","5","11","0","0","false"
"random-safe-vs-balanced","0","582","c13","c04","human","human","correct_guess","5","5","11","0","0","false"
"random-safe-vs-balanced","0","583","c13","c04","jev","jev","correct_guess","5","5","11","0","0","false"
"random-safe-vs-balanced","0","584","c13","c05","human","human","correct_guess","4","4","9","0","0","false"
"random-safe-vs-balanced","0","585","c13","c05","jev","human","correct_guess","4","5","10","0","0","false"
"random-safe-vs-balanced","0","586","c13","c06","human","jev","correct_guess","6","5","12","0","0","false"
"random-safe-vs-balanced","0","587","c13","c06","jev","jev","correct_guess","5","5","11","0","0","false"
"random-safe-vs-balanced","0","588","c13","c07","human","human","correct_guess","5","5","11","0","0","false"
"random-safe-vs-balanced","0","589","c13","c07","jev","jev","correct_guess","5","5","11","0","0","false"
"random-safe-vs-balanced","0","590","c13","c08","human","human","correct_guess","5","5","11","0","0","false"
"random-safe-vs-balanced","0","591","c13","c08","jev","jev","correct_guess","5","5","11","0","0","false"
"random-safe-vs-balanced","0","592","c13","c09","human","jev","correct_guess","6","5","12","0","0","false"
"random-safe-vs-balanced","0","593","c13","c09","jev","jev","correct_guess","5","5","11","0","0","false"
"random-safe-vs-balanced","0","594","c13","c10","human","human","correct_guess","5","5","11","0","0","false"
"random-safe-vs-balanced","0","595","c13","c10","jev","jev","correct_guess","5","5","11","0","0","false"
"random-safe-vs-balanced","0","596","c13","c11","human","human","correct_guess","3","3","7","0","0","false"
"random-safe-vs-balanced","0","597","c13","c11","jev","jev","correct_guess","5","5","11","0","0","false"
"random-safe-vs-balanced","0","598","c13","c12","human","human","correct_guess","4","4","9","0","0","false"
"random-safe-vs-balanced","0","599","c13","c12","jev","jev","correct_guess","5","5","11","0","0","false"
"random-safe-vs-balanced","0","600","c13","c13","human","human","correct_guess","3","3","7","0","0","false"
"random-safe-vs-balanced","0","601","c13","c13","jev","jev","correct_guess","5","5","11","0","0","false"
"random-safe-vs-balanced","0","602","c13","c14","human","human","correct_guess","4","4","9","0","0","false"
"random-safe-vs-balanced","0","603","c13","c14","jev","jev","correct_guess","5","5","11","0","0","false"
"random-safe-vs-balanced","0","604","c13","c15","human","human","correct_guess","4","4","9","0","0","false"
"random-safe-vs-balanced","0","605","c13","c15","jev","human","correct_guess","3","4","8","0","0","false"
"random-safe-vs-balanced","0","606","c13","c16","human","human","correct_guess","3","3","7","0","0","false"
"random-safe-vs-balanced","0","607","c13","c16","jev","jev","correct_guess","5","5","11","0","0","false"
"random-safe-vs-balanced","0","608","c13","c17","human","human","correct_guess","3","3","7","0","0","false"
"random-safe-vs-balanced","0","609","c13","c17","jev","jev","correct_guess","5","5","11","0","0","false"
"random-safe-vs-balanced","0","610","c13","c18","human","jev","correct_guess","6","5","12","0","0","false"
"random-safe-vs-balanced","0","611","c13","c18","jev","jev","correct_guess","5","5","11","0","0","false"
"random-safe-vs-balanced","0","612","c13","c19","human","jev","correct_guess","6","5","12","0","0","false"
"random-safe-vs-balanced","0","613","c13","c19","jev","jev","correct_guess","5","5","11","0","0","false"
"random-safe-vs-balanced","0","614","c13","c20","human","jev","correct_guess","6","5","12","0","0","false"
"random-safe-vs-balanced","0","615","c13","c20","jev","jev","correct_guess","5","5","11","0","0","false"
"random-safe-vs-balanced","0","616","c13","c21","human","jev","correct_guess","6","5","12","0","0","false"
"random-safe-vs-balanced","0","617","c13","c21","jev","jev","correct_guess","5","5","11","0","0","false"
"random-safe-vs-balanced","0","618","c13","c22","human","human","correct_guess","5","5","11","0","0","false"
"random-safe-vs-balanced","0","619","c13","c22","jev","human","correct_guess","3","4","8","0","0","false"
"random-safe-vs-balanced","0","620","c13","c23","human","human","correct_guess","5","5","11","0","0","false"
"random-safe-vs-balanced","0","621","c13","c23","jev","human","correct_guess","4","5","10","0","0","false"
"random-safe-vs-balanced","0","622","c13","c24","human","human","correct_guess","5","5","11","0","0","false"
"random-safe-vs-balanced","0","623","c13","c24","jev","jev","correct_guess","5","5","11","0","0","false"
"random-safe-vs-balanced","0","624","c14","c01","human","human","correct_guess","3","3","7","0","0","false"
"random-safe-vs-balanced","0","625","c14","c01","jev","human","correct_guess","5","6","12","0","0","false"
"random-safe-vs-balanced","0","626","c14","c02","human","human","correct_guess","6","6","13","0","0","false"
"random-safe-vs-balanced","0","627","c14","c02","jev","human","correct_guess","3","4","8","0","0","false"
"random-safe-vs-balanced","0","628","c14","c03","human","human","correct_guess","4","4","9","0","0","false"
"random-safe-vs-balanced","0","629","c14","c03","jev","human","correct_guess","5","6","12","0","0","false"
"random-safe-vs-balanced","0","630","c14","c04","human","human","correct_guess","5","5","11","0","0","false"
"random-safe-vs-balanced","0","631","c14","c04","jev","jev","correct_guess","6","6","13","0","0","false"
"random-safe-vs-balanced","0","632","c14","c05","human","human","correct_guess","4","4","9","0","0","false"
"random-safe-vs-balanced","0","633","c14","c05","jev","human","correct_guess","3","4","8","0","0","false"
"random-safe-vs-balanced","0","634","c14","c06","human","human","correct_guess","6","6","13","0","0","false"
"random-safe-vs-balanced","0","635","c14","c06","jev","jev","correct_guess","6","6","13","0","0","false"
"random-safe-vs-balanced","0","636","c14","c07","human","human","correct_guess","3","3","7","0","0","false"
"random-safe-vs-balanced","0","637","c14","c07","jev","jev","correct_guess","6","6","13","0","0","false"
"random-safe-vs-balanced","0","638","c14","c08","human","human","correct_guess","6","6","13","0","0","false"
"random-safe-vs-balanced","0","639","c14","c08","jev","jev","correct_guess","6","6","13","0","0","false"
"random-safe-vs-balanced","0","640","c14","c09","human","human","correct_guess","5","5","11","0","0","false"
"random-safe-vs-balanced","0","641","c14","c09","jev","jev","correct_guess","6","6","13","0","0","false"
"random-safe-vs-balanced","0","642","c14","c10","human","jev","correct_guess","7","6","14","0","0","false"
"random-safe-vs-balanced","0","643","c14","c10","jev","jev","correct_guess","6","6","13","0","0","false"
"random-safe-vs-balanced","0","644","c14","c11","human","human","correct_guess","5","5","11","0","0","false"
"random-safe-vs-balanced","0","645","c14","c11","jev","jev","correct_guess","6","6","13","0","0","false"
"random-safe-vs-balanced","0","646","c14","c12","human","human","correct_guess","5","5","11","0","0","false"
"random-safe-vs-balanced","0","647","c14","c12","jev","human","correct_guess","5","6","12","0","0","false"
"random-safe-vs-balanced","0","648","c14","c13","human","human","correct_guess","4","4","9","0","0","false"
"random-safe-vs-balanced","0","649","c14","c13","jev","human","correct_guess","5","6","12","0","0","false"
"random-safe-vs-balanced","0","650","c14","c14","human","human","correct_guess","6","6","13","0","0","false"
"random-safe-vs-balanced","0","651","c14","c14","jev","human","correct_guess","5","6","12","0","0","false"
"random-safe-vs-balanced","0","652","c14","c15","human","human","correct_guess","6","6","13","0","0","false"
"random-safe-vs-balanced","0","653","c14","c15","jev","jev","correct_guess","6","6","13","0","0","false"
"random-safe-vs-balanced","0","654","c14","c16","human","human","correct_guess","4","4","9","0","0","false"
"random-safe-vs-balanced","0","655","c14","c16","jev","human","correct_guess","4","5","10","0","0","false"
"random-safe-vs-balanced","0","656","c14","c17","human","human","correct_guess","5","5","11","0","0","false"
"random-safe-vs-balanced","0","657","c14","c17","jev","human","correct_guess","4","5","10","0","0","false"
"random-safe-vs-balanced","0","658","c14","c18","human","jev","correct_guess","7","6","14","0","0","false"
"random-safe-vs-balanced","0","659","c14","c18","jev","jev","correct_guess","6","6","13","0","0","false"
"random-safe-vs-balanced","0","660","c14","c19","human","human","correct_guess","4","4","9","0","0","false"
"random-safe-vs-balanced","0","661","c14","c19","jev","jev","correct_guess","6","6","13","0","0","false"
"random-safe-vs-balanced","0","662","c14","c20","human","human","correct_guess","3","3","7","0","0","false"
"random-safe-vs-balanced","0","663","c14","c20","jev","jev","correct_guess","6","6","13","0","0","false"
"random-safe-vs-balanced","0","664","c14","c21","human","human","correct_guess","5","5","11","0","0","false"
"random-safe-vs-balanced","0","665","c14","c21","jev","human","correct_guess","4","5","10","0","0","false"
"random-safe-vs-balanced","0","666","c14","c22","human","human","correct_guess","5","5","11","0","0","false"
"random-safe-vs-balanced","0","667","c14","c22","jev","human","correct_guess","3","4","8","0","0","false"
"random-safe-vs-balanced","0","668","c14","c23","human","human","correct_guess","4","4","9","0","0","false"
"random-safe-vs-balanced","0","669","c14","c23","jev","human","correct_guess","4","5","10","0","0","false"
"random-safe-vs-balanced","0","670","c14","c24","human","human","correct_guess","3","3","7","0","0","false"
"random-safe-vs-balanced","0","671","c14","c24","jev","human","correct_guess","5","6","12","0","0","false"
"random-safe-vs-balanced","0","672","c15","c01","human","human","correct_guess","4","4","9","0","0","false"
"random-safe-vs-balanced","0","673","c15","c01","jev","human","correct_guess","3","4","8","0","0","false"
"random-safe-vs-balanced","0","674","c15","c02","human","human","correct_guess","4","4","9","0","0","false"
"random-safe-vs-balanced","0","675","c15","c02","jev","human","correct_guess","3","4","8","0","0","false"
"random-safe-vs-balanced","0","676","c15","c03","human","jev","correct_guess","5","4","10","0","0","false"
"random-safe-vs-balanced","0","677","c15","c03","jev","jev","correct_guess","4","4","9","0","0","false"
"random-safe-vs-balanced","0","678","c15","c04","human","human","correct_guess","4","4","9","0","0","false"
"random-safe-vs-balanced","0","679","c15","c04","jev","jev","correct_guess","4","4","9","0","0","false"
"random-safe-vs-balanced","0","680","c15","c05","human","jev","correct_guess","5","4","10","0","0","false"
"random-safe-vs-balanced","0","681","c15","c05","jev","jev","correct_guess","4","4","9","0","0","false"
"random-safe-vs-balanced","0","682","c15","c06","human","jev","correct_guess","5","4","10","0","0","false"
"random-safe-vs-balanced","0","683","c15","c06","jev","jev","correct_guess","4","4","9","0","0","false"
"random-safe-vs-balanced","0","684","c15","c07","human","jev","correct_guess","5","4","10","0","0","false"
"random-safe-vs-balanced","0","685","c15","c07","jev","jev","correct_guess","4","4","9","0","0","false"
"random-safe-vs-balanced","0","686","c15","c08","human","jev","correct_guess","5","4","10","0","0","false"
"random-safe-vs-balanced","0","687","c15","c08","jev","jev","correct_guess","4","4","9","0","0","false"
"random-safe-vs-balanced","0","688","c15","c09","human","human","correct_guess","3","3","7","0","0","false"
"random-safe-vs-balanced","0","689","c15","c09","jev","jev","correct_guess","4","4","9","0","0","false"
"random-safe-vs-balanced","0","690","c15","c10","human","jev","correct_guess","5","4","10","0","0","false"
"random-safe-vs-balanced","0","691","c15","c10","jev","jev","correct_guess","4","4","9","0","0","false"
"random-safe-vs-balanced","0","692","c15","c11","human","human","correct_guess","4","4","9","0","0","false"
"random-safe-vs-balanced","0","693","c15","c11","jev","jev","correct_guess","4","4","9","0","0","false"
"random-safe-vs-balanced","0","694","c15","c12","human","human","correct_guess","4","4","9","0","0","false"
"random-safe-vs-balanced","0","695","c15","c12","jev","jev","correct_guess","4","4","9","0","0","false"
"random-safe-vs-balanced","0","696","c15","c13","human","human","correct_guess","4","4","9","0","0","false"
"random-safe-vs-balanced","0","697","c15","c13","jev","jev","correct_guess","4","4","9","0","0","false"
"random-safe-vs-balanced","0","698","c15","c14","human","jev","correct_guess","5","4","10","0","0","false"
"random-safe-vs-balanced","0","699","c15","c14","jev","jev","correct_guess","4","4","9","0","0","false"
"random-safe-vs-balanced","0","700","c15","c15","human","jev","correct_guess","5","4","10","0","0","false"
"random-safe-vs-balanced","0","701","c15","c15","jev","jev","correct_guess","4","4","9","0","0","false"
"random-safe-vs-balanced","0","702","c15","c16","human","human","correct_guess","3","3","7","0","0","false"
"random-safe-vs-balanced","0","703","c15","c16","jev","jev","correct_guess","4","4","9","0","0","false"
"random-safe-vs-balanced","0","704","c15","c17","human","jev","correct_guess","5","4","10","0","0","false"
"random-safe-vs-balanced","0","705","c15","c17","jev","human","correct_guess","3","4","8","0","0","false"
"random-safe-vs-balanced","0","706","c15","c18","human","jev","correct_guess","5","4","10","0","0","false"
"random-safe-vs-balanced","0","707","c15","c18","jev","jev","correct_guess","4","4","9","0","0","false"
"random-safe-vs-balanced","0","708","c15","c19","human","jev","correct_guess","5","4","10","0","0","false"
"random-safe-vs-balanced","0","709","c15","c19","jev","jev","correct_guess","4","4","9","0","0","false"
"random-safe-vs-balanced","0","710","c15","c20","human","jev","correct_guess","5","4","10","0","0","false"
"random-safe-vs-balanced","0","711","c15","c20","jev","jev","correct_guess","4","4","9","0","0","false"
"random-safe-vs-balanced","0","712","c15","c21","human","human","correct_guess","4","4","9","0","0","false"
"random-safe-vs-balanced","0","713","c15","c21","jev","jev","correct_guess","4","4","9","0","0","false"
"random-safe-vs-balanced","0","714","c15","c22","human","jev","correct_guess","5","4","10","0","0","false"
"random-safe-vs-balanced","0","715","c15","c22","jev","human","correct_guess","3","4","8","0","0","false"
"random-safe-vs-balanced","0","716","c15","c23","human","jev","correct_guess","5","4","10","0","0","false"
"random-safe-vs-balanced","0","717","c15","c23","jev","human","correct_guess","3","4","8","0","0","false"
"random-safe-vs-balanced","0","718","c15","c24","human","human","correct_guess","4","4","9","0","0","false"
"random-safe-vs-balanced","0","719","c15","c24","jev","jev","correct_guess","4","4","9","0","0","false"
"random-safe-vs-balanced","0","720","c16","c01","human","human","correct_guess","4","4","9","0","0","false"
"random-safe-vs-balanced","0","721","c16","c01","jev","human","correct_guess","3","4","8","0","0","false"
"random-safe-vs-balanced","0","722","c16","c02","human","jev","correct_guess","5","4","10","0","0","false"
"random-safe-vs-balanced","0","723","c16","c02","jev","jev","correct_guess","4","4","9","0","0","false"
"random-safe-vs-balanced","0","724","c16","c03","human","human","correct_guess","4","4","9","0","0","false"
"random-safe-vs-balanced","0","725","c16","c03","jev","jev","correct_guess","4","4","9","0","0","false"
"random-safe-vs-balanced","0","726","c16","c04","human","jev","correct_guess","5","4","10","0","0","false"
"random-safe-vs-balanced","0","727","c16","c04","jev","jev","correct_guess","4","4","9","0","0","false"
"random-safe-vs-balanced","0","728","c16","c05","human","human","correct_guess","4","4","9","0","0","false"
"random-safe-vs-balanced","0","729","c16","c05","jev","jev","correct_guess","4","4","9","0","0","false"
"random-safe-vs-balanced","0","730","c16","c06","human","human","correct_guess","3","3","7","0","0","false"
"random-safe-vs-balanced","0","731","c16","c06","jev","jev","correct_guess","4","4","9","0","0","false"
"random-safe-vs-balanced","0","732","c16","c07","human","jev","correct_guess","5","4","10","0","0","false"
"random-safe-vs-balanced","0","733","c16","c07","jev","jev","correct_guess","4","4","9","0","0","false"
"random-safe-vs-balanced","0","734","c16","c08","human","jev","correct_guess","5","4","10","0","0","false"
"random-safe-vs-balanced","0","735","c16","c08","jev","jev","correct_guess","4","4","9","0","0","false"
"random-safe-vs-balanced","0","736","c16","c09","human","jev","correct_guess","5","4","10","0","0","false"
"random-safe-vs-balanced","0","737","c16","c09","jev","jev","correct_guess","4","4","9","0","0","false"
"random-safe-vs-balanced","0","738","c16","c10","human","jev","correct_guess","5","4","10","0","0","false"
"random-safe-vs-balanced","0","739","c16","c10","jev","jev","correct_guess","4","4","9","0","0","false"
"random-safe-vs-balanced","0","740","c16","c11","human","jev","correct_guess","5","4","10","0","0","false"
"random-safe-vs-balanced","0","741","c16","c11","jev","jev","correct_guess","4","4","9","0","0","false"
"random-safe-vs-balanced","0","742","c16","c12","human","human","correct_guess","4","4","9","0","0","false"
"random-safe-vs-balanced","0","743","c16","c12","jev","jev","correct_guess","4","4","9","0","0","false"
"random-safe-vs-balanced","0","744","c16","c13","human","jev","correct_guess","5","4","10","0","0","false"
"random-safe-vs-balanced","0","745","c16","c13","jev","human","correct_guess","3","4","8","0","0","false"
"random-safe-vs-balanced","0","746","c16","c14","human","human","correct_guess","4","4","9","0","0","false"
"random-safe-vs-balanced","0","747","c16","c14","jev","jev","correct_guess","4","4","9","0","0","false"
"random-safe-vs-balanced","0","748","c16","c15","human","jev","correct_guess","5","4","10","0","0","false"
"random-safe-vs-balanced","0","749","c16","c15","jev","jev","correct_guess","4","4","9","0","0","false"
"random-safe-vs-balanced","0","750","c16","c16","human","jev","correct_guess","5","4","10","0","0","false"
"random-safe-vs-balanced","0","751","c16","c16","jev","jev","correct_guess","4","4","9","0","0","false"
"random-safe-vs-balanced","0","752","c16","c17","human","jev","correct_guess","5","4","10","0","0","false"
"random-safe-vs-balanced","0","753","c16","c17","jev","jev","correct_guess","4","4","9","0","0","false"
"random-safe-vs-balanced","0","754","c16","c18","human","human","correct_guess","4","4","9","0","0","false"
"random-safe-vs-balanced","0","755","c16","c18","jev","jev","correct_guess","4","4","9","0","0","false"
"random-safe-vs-balanced","0","756","c16","c19","human","jev","correct_guess","5","4","10","0","0","false"
"random-safe-vs-balanced","0","757","c16","c19","jev","jev","correct_guess","4","4","9","0","0","false"
"random-safe-vs-balanced","0","758","c16","c20","human","jev","correct_guess","5","4","10","0","0","false"
"random-safe-vs-balanced","0","759","c16","c20","jev","jev","correct_guess","4","4","9","0","0","false"
"random-safe-vs-balanced","0","760","c16","c21","human","jev","correct_guess","5","4","10","0","0","false"
"random-safe-vs-balanced","0","761","c16","c21","jev","jev","correct_guess","4","4","9","0","0","false"
"random-safe-vs-balanced","0","762","c16","c22","human","jev","correct_guess","5","4","10","0","0","false"
"random-safe-vs-balanced","0","763","c16","c22","jev","jev","correct_guess","4","4","9","0","0","false"
"random-safe-vs-balanced","0","764","c16","c23","human","jev","correct_guess","5","4","10","0","0","false"
"random-safe-vs-balanced","0","765","c16","c23","jev","jev","correct_guess","4","4","9","0","0","false"
"random-safe-vs-balanced","0","766","c16","c24","human","human","correct_guess","3","3","7","0","0","false"
"random-safe-vs-balanced","0","767","c16","c24","jev","jev","correct_guess","4","4","9","0","0","false"
"random-safe-vs-balanced","0","768","c17","c01","human","human","correct_guess","4","4","9","0","0","false"
"random-safe-vs-balanced","0","769","c17","c01","jev","jev","correct_guess","5","5","11","0","0","false"
"random-safe-vs-balanced","0","770","c17","c02","human","human","correct_guess","3","3","7","0","0","false"
"random-safe-vs-balanced","0","771","c17","c02","jev","jev","correct_guess","5","5","11","0","0","false"
"random-safe-vs-balanced","0","772","c17","c03","human","jev","correct_guess","6","5","12","0","0","false"
"random-safe-vs-balanced","0","773","c17","c03","jev","jev","correct_guess","5","5","11","0","0","false"
"random-safe-vs-balanced","0","774","c17","c04","human","jev","correct_guess","6","5","12","0","0","false"
"random-safe-vs-balanced","0","775","c17","c04","jev","jev","correct_guess","5","5","11","0","0","false"
"random-safe-vs-balanced","0","776","c17","c05","human","human","correct_guess","5","5","11","0","0","false"
"random-safe-vs-balanced","0","777","c17","c05","jev","jev","correct_guess","5","5","11","0","0","false"
"random-safe-vs-balanced","0","778","c17","c06","human","human","correct_guess","5","5","11","0","0","false"
"random-safe-vs-balanced","0","779","c17","c06","jev","human","correct_guess","4","5","10","0","0","false"
"random-safe-vs-balanced","0","780","c17","c07","human","jev","correct_guess","6","5","12","0","0","false"
"random-safe-vs-balanced","0","781","c17","c07","jev","jev","correct_guess","5","5","11","0","0","false"
"random-safe-vs-balanced","0","782","c17","c08","human","jev","correct_guess","6","5","12","0","0","false"
"random-safe-vs-balanced","0","783","c17","c08","jev","human","correct_guess","4","5","10","0","0","false"
"random-safe-vs-balanced","0","784","c17","c09","human","jev","correct_guess","6","5","12","0","0","false"
"random-safe-vs-balanced","0","785","c17","c09","jev","human","correct_guess","4","5","10","0","0","false"
"random-safe-vs-balanced","0","786","c17","c10","human","human","correct_guess","5","5","11","0","0","false"
"random-safe-vs-balanced","0","787","c17","c10","jev","jev","correct_guess","5","5","11","0","0","false"
"random-safe-vs-balanced","0","788","c17","c11","human","jev","correct_guess","6","5","12","0","0","false"
"random-safe-vs-balanced","0","789","c17","c11","jev","human","correct_guess","4","5","10","0","0","false"
"random-safe-vs-balanced","0","790","c17","c12","human","jev","correct_guess","6","5","12","0","0","false"
"random-safe-vs-balanced","0","791","c17","c12","jev","human","correct_guess","4","5","10","0","0","false"
"random-safe-vs-balanced","0","792","c17","c13","human","human","correct_guess","5","5","11","0","0","false"
"random-safe-vs-balanced","0","793","c17","c13","jev","jev","correct_guess","5","5","11","0","0","false"
"random-safe-vs-balanced","0","794","c17","c14","human","jev","correct_guess","6","5","12","0","0","false"
"random-safe-vs-balanced","0","795","c17","c14","jev","human","correct_guess","3","4","8","0","0","false"
"random-safe-vs-balanced","0","796","c17","c15","human","human","correct_guess","5","5","11","0","0","false"
"random-safe-vs-balanced","0","797","c17","c15","jev","jev","correct_guess","5","5","11","0","0","false"
"random-safe-vs-balanced","0","798","c17","c16","human","human","correct_guess","5","5","11","0","0","false"
"random-safe-vs-balanced","0","799","c17","c16","jev","jev","correct_guess","5","5","11","0","0","false"
"random-safe-vs-balanced","0","800","c17","c17","human","jev","correct_guess","6","5","12","0","0","false"
"random-safe-vs-balanced","0","801","c17","c17","jev","jev","correct_guess","5","5","11","0","0","false"
"random-safe-vs-balanced","0","802","c17","c18","human","jev","correct_guess","6","5","12","0","0","false"
"random-safe-vs-balanced","0","803","c17","c18","jev","human","correct_guess","4","5","10","0","0","false"
"random-safe-vs-balanced","0","804","c17","c19","human","jev","correct_guess","6","5","12","0","0","false"
"random-safe-vs-balanced","0","805","c17","c19","jev","jev","correct_guess","5","5","11","0","0","false"
"random-safe-vs-balanced","0","806","c17","c20","human","human","correct_guess","4","4","9","0","0","false"
"random-safe-vs-balanced","0","807","c17","c20","jev","human","correct_guess","3","4","8","0","0","false"
"random-safe-vs-balanced","0","808","c17","c21","human","human","correct_guess","5","5","11","0","0","false"
"random-safe-vs-balanced","0","809","c17","c21","jev","human","correct_guess","4","5","10","0","0","false"
"random-safe-vs-balanced","0","810","c17","c22","human","human","correct_guess","4","4","9","0","0","false"
"random-safe-vs-balanced","0","811","c17","c22","jev","jev","correct_guess","5","5","11","0","0","false"
"random-safe-vs-balanced","0","812","c17","c23","human","human","correct_guess","5","5","11","0","0","false"
"random-safe-vs-balanced","0","813","c17","c23","jev","human","correct_guess","3","4","8","0","0","false"
"random-safe-vs-balanced","0","814","c17","c24","human","human","correct_guess","5","5","11","0","0","false"
"random-safe-vs-balanced","0","815","c17","c24","jev","jev","correct_guess","5","5","11","0","0","false"
"random-safe-vs-balanced","0","816","c18","c01","human","jev","correct_guess","6","5","12","0","0","false"
"random-safe-vs-balanced","0","817","c18","c01","jev","human","correct_guess","4","5","10","0","0","false"
"random-safe-vs-balanced","0","818","c18","c02","human","human","correct_guess","3","3","7","0","0","false"
"random-safe-vs-balanced","0","819","c18","c02","jev","human","correct_guess","3","4","8","0","0","false"
"random-safe-vs-balanced","0","820","c18","c03","human","human","correct_guess","5","5","11","0","0","false"
"random-safe-vs-balanced","0","821","c18","c03","jev","jev","correct_guess","5","5","11","0","0","false"
"random-safe-vs-balanced","0","822","c18","c04","human","human","correct_guess","4","4","9","0","0","false"
"random-safe-vs-balanced","0","823","c18","c04","jev","human","correct_guess","3","4","8","0","0","false"
"random-safe-vs-balanced","0","824","c18","c05","human","human","correct_guess","4","4","9","0","0","false"
"random-safe-vs-balanced","0","825","c18","c05","jev","jev","correct_guess","5","5","11","0","0","false"
"random-safe-vs-balanced","0","826","c18","c06","human","jev","correct_guess","6","5","12","0","0","false"
"random-safe-vs-balanced","0","827","c18","c06","jev","jev","correct_guess","5","5","11","0","0","false"
"random-safe-vs-balanced","0","828","c18","c07","human","human","correct_guess","3","3","7","0","0","false"
"random-safe-vs-balanced","0","829","c18","c07","jev","human","correct_guess","4","5","10","0","0","false"
"random-safe-vs-balanced","0","830","c18","c08","human","jev","correct_guess","6","5","12","0","0","false"
"random-safe-vs-balanced","0","831","c18","c08","jev","jev","correct_guess","5","5","11","0","0","false"
"random-safe-vs-balanced","0","832","c18","c09","human","human","correct_guess","5","5","11","0","0","false"
"random-safe-vs-balanced","0","833","c18","c09","jev","jev","correct_guess","5","5","11","0","0","false"
"random-safe-vs-balanced","0","834","c18","c10","human","jev","correct_guess","6","5","12","0","0","false"
"random-safe-vs-balanced","0","835","c18","c10","jev","jev","correct_guess","5","5","11","0","0","false"
"random-safe-vs-balanced","0","836","c18","c11","human","human","correct_guess","5","5","11","0","0","false"
"random-safe-vs-balanced","0","837","c18","c11","jev","jev","correct_guess","5","5","11","0","0","false"
"random-safe-vs-balanced","0","838","c18","c12","human","jev","correct_guess","6","5","12","0","0","false"
"random-safe-vs-balanced","0","839","c18","c12","jev","jev","correct_guess","5","5","11","0","0","false"
"random-safe-vs-balanced","0","840","c18","c13","human","human","correct_guess","5","5","11","0","0","false"
"random-safe-vs-balanced","0","841","c18","c13","jev","human","correct_guess","4","5","10","0","0","false"
"random-safe-vs-balanced","0","842","c18","c14","human","human","correct_guess","5","5","11","0","0","false"
"random-safe-vs-balanced","0","843","c18","c14","jev","jev","correct_guess","5","5","11","0","0","false"
"random-safe-vs-balanced","0","844","c18","c15","human","human","correct_guess","4","4","9","0","0","false"
"random-safe-vs-balanced","0","845","c18","c15","jev","jev","correct_guess","5","5","11","0","0","false"
"random-safe-vs-balanced","0","846","c18","c16","human","jev","correct_guess","6","5","12","0","0","false"
"random-safe-vs-balanced","0","847","c18","c16","jev","jev","correct_guess","5","5","11","0","0","false"
"random-safe-vs-balanced","0","848","c18","c17","human","jev","correct_guess","6","5","12","0","0","false"
"random-safe-vs-balanced","0","849","c18","c17","jev","jev","correct_guess","5","5","11","0","0","false"
"random-safe-vs-balanced","0","850","c18","c18","human","human","correct_guess","3","3","7","0","0","false"
"random-safe-vs-balanced","0","851","c18","c18","jev","jev","correct_guess","5","5","11","0","0","false"
"random-safe-vs-balanced","0","852","c18","c19","human","jev","correct_guess","6","5","12","0","0","false"
"random-safe-vs-balanced","0","853","c18","c19","jev","jev","correct_guess","5","5","11","0","0","false"
"random-safe-vs-balanced","0","854","c18","c20","human","jev","correct_guess","6","5","12","0","0","false"
"random-safe-vs-balanced","0","855","c18","c20","jev","jev","correct_guess","5","5","11","0","0","false"
"random-safe-vs-balanced","0","856","c18","c21","human","human","correct_guess","5","5","11","0","0","false"
"random-safe-vs-balanced","0","857","c18","c21","jev","jev","correct_guess","5","5","11","0","0","false"
"random-safe-vs-balanced","0","858","c18","c22","human","human","correct_guess","4","4","9","0","0","false"
"random-safe-vs-balanced","0","859","c18","c22","jev","jev","correct_guess","5","5","11","0","0","false"
"random-safe-vs-balanced","0","860","c18","c23","human","human","correct_guess","5","5","11","0","0","false"
"random-safe-vs-balanced","0","861","c18","c23","jev","human","correct_guess","4","5","10","0","0","false"
"random-safe-vs-balanced","0","862","c18","c24","human","human","correct_guess","5","5","11","0","0","false"
"random-safe-vs-balanced","0","863","c18","c24","jev","jev","correct_guess","5","5","11","0","0","false"
"random-safe-vs-balanced","0","864","c19","c01","human","human","correct_guess","5","5","11","0","0","false"
"random-safe-vs-balanced","0","865","c19","c01","jev","jev","correct_guess","5","5","11","0","0","false"
"random-safe-vs-balanced","0","866","c19","c02","human","human","correct_guess","5","5","11","0","0","false"
"random-safe-vs-balanced","0","867","c19","c02","jev","jev","correct_guess","5","5","11","0","0","false"
"random-safe-vs-balanced","0","868","c19","c03","human","jev","correct_guess","6","5","12","0","0","false"
"random-safe-vs-balanced","0","869","c19","c03","jev","human","correct_guess","4","5","10","0","0","false"
"random-safe-vs-balanced","0","870","c19","c04","human","human","correct_guess","3","3","7","0","0","false"
"random-safe-vs-balanced","0","871","c19","c04","jev","jev","correct_guess","5","5","11","0","0","false"
"random-safe-vs-balanced","0","872","c19","c05","human","human","correct_guess","5","5","11","0","0","false"
"random-safe-vs-balanced","0","873","c19","c05","jev","jev","correct_guess","5","5","11","0","0","false"
"random-safe-vs-balanced","0","874","c19","c06","human","jev","correct_guess","6","5","12","0","0","false"
"random-safe-vs-balanced","0","875","c19","c06","jev","jev","correct_guess","5","5","11","0","0","false"
"random-safe-vs-balanced","0","876","c19","c07","human","jev","correct_guess","6","5","12","0","0","false"
"random-safe-vs-balanced","0","877","c19","c07","jev","jev","correct_guess","5","5","11","0","0","false"
"random-safe-vs-balanced","0","878","c19","c08","human","human","correct_guess","4","4","9","0","0","false"
"random-safe-vs-balanced","0","879","c19","c08","jev","jev","correct_guess","5","5","11","0","0","false"
"random-safe-vs-balanced","0","880","c19","c09","human","human","correct_guess","5","5","11","0","0","false"
"random-safe-vs-balanced","0","881","c19","c09","jev","jev","correct_guess","5","5","11","0","0","false"
"random-safe-vs-balanced","0","882","c19","c10","human","human","correct_guess","4","4","9","0","0","false"
"random-safe-vs-balanced","0","883","c19","c10","jev","jev","correct_guess","5","5","11","0","0","false"
"random-safe-vs-balanced","0","884","c19","c11","human","jev","correct_guess","6","5","12","0","0","false"
"random-safe-vs-balanced","0","885","c19","c11","jev","human","correct_guess","3","4","8","0","0","false"
"random-safe-vs-balanced","0","886","c19","c12","human","human","correct_guess","5","5","11","0","0","false"
"random-safe-vs-balanced","0","887","c19","c12","jev","jev","correct_guess","5","5","11","0","0","false"
"random-safe-vs-balanced","0","888","c19","c13","human","human","correct_guess","4","4","9","0","0","false"
"random-safe-vs-balanced","0","889","c19","c13","jev","human","correct_guess","4","5","10","0","0","false"
"random-safe-vs-balanced","0","890","c19","c14","human","jev","correct_guess","6","5","12","0","0","false"
"random-safe-vs-balanced","0","891","c19","c14","jev","human","correct_guess","3","4","8","0","0","false"
"random-safe-vs-balanced","0","892","c19","c15","human","human","correct_guess","4","4","9","0","0","false"
"random-safe-vs-balanced","0","893","c19","c15","jev","human","correct_guess","4","5","10","0","0","false"
"random-safe-vs-balanced","0","894","c19","c16","human","human","correct_guess","5","5","11","0","0","false"
"random-safe-vs-balanced","0","895","c19","c16","jev","jev","correct_guess","5","5","11","0","0","false"
"random-safe-vs-balanced","0","896","c19","c17","human","human","correct_guess","5","5","11","0","0","false"
"random-safe-vs-balanced","0","897","c19","c17","jev","human","correct_guess","4","5","10","0","0","false"
"random-safe-vs-balanced","0","898","c19","c18","human","human","correct_guess","5","5","11","0","0","false"
"random-safe-vs-balanced","0","899","c19","c18","jev","human","correct_guess","4","5","10","0","0","false"
"random-safe-vs-balanced","0","900","c19","c19","human","jev","correct_guess","6","5","12","0","0","false"
"random-safe-vs-balanced","0","901","c19","c19","jev","jev","correct_guess","5","5","11","0","0","false"
"random-safe-vs-balanced","0","902","c19","c20","human","human","correct_guess","5","5","11","0","0","false"
"random-safe-vs-balanced","0","903","c19","c20","jev","jev","correct_guess","5","5","11","0","0","false"
"random-safe-vs-balanced","0","904","c19","c21","human","jev","correct_guess","6","5","12","0","0","false"
"random-safe-vs-balanced","0","905","c19","c21","jev","jev","correct_guess","5","5","11","0","0","false"
"random-safe-vs-balanced","0","906","c19","c22","human","human","correct_guess","5","5","11","0","0","false"
"random-safe-vs-balanced","0","907","c19","c22","jev","jev","correct_guess","5","5","11","0","0","false"
"random-safe-vs-balanced","0","908","c19","c23","human","human","correct_guess","4","4","9","0","0","false"
"random-safe-vs-balanced","0","909","c19","c23","jev","human","correct_guess","4","5","10","0","0","false"
"random-safe-vs-balanced","0","910","c19","c24","human","human","correct_guess","4","4","9","0","0","false"
"random-safe-vs-balanced","0","911","c19","c24","jev","human","correct_guess","4","5","10","0","0","false"
"random-safe-vs-balanced","0","912","c20","c01","human","jev","correct_guess","6","5","12","0","0","false"
"random-safe-vs-balanced","0","913","c20","c01","jev","jev","correct_guess","5","5","11","0","0","false"
"random-safe-vs-balanced","0","914","c20","c02","human","human","correct_guess","3","3","7","0","0","false"
"random-safe-vs-balanced","0","915","c20","c02","jev","human","correct_guess","3","4","8","0","0","false"
"random-safe-vs-balanced","0","916","c20","c03","human","jev","correct_guess","6","5","12","0","0","false"
"random-safe-vs-balanced","0","917","c20","c03","jev","jev","correct_guess","5","5","11","0","0","false"
"random-safe-vs-balanced","0","918","c20","c04","human","jev","correct_guess","6","5","12","0","0","false"
"random-safe-vs-balanced","0","919","c20","c04","jev","jev","correct_guess","5","5","11","0","0","false"
"random-safe-vs-balanced","0","920","c20","c05","human","human","correct_guess","3","3","7","0","0","false"
"random-safe-vs-balanced","0","921","c20","c05","jev","jev","correct_guess","5","5","11","0","0","false"
"random-safe-vs-balanced","0","922","c20","c06","human","jev","correct_guess","6","5","12","0","0","false"
"random-safe-vs-balanced","0","923","c20","c06","jev","human","correct_guess","3","4","8","0","0","false"
"random-safe-vs-balanced","0","924","c20","c07","human","jev","correct_guess","6","5","12","0","0","false"
"random-safe-vs-balanced","0","925","c20","c07","jev","jev","correct_guess","5","5","11","0","0","false"
"random-safe-vs-balanced","0","926","c20","c08","human","jev","correct_guess","6","5","12","0","0","false"
"random-safe-vs-balanced","0","927","c20","c08","jev","jev","correct_guess","5","5","11","0","0","false"
"random-safe-vs-balanced","0","928","c20","c09","human","human","correct_guess","4","4","9","0","0","false"
"random-safe-vs-balanced","0","929","c20","c09","jev","jev","correct_guess","5","5","11","0","0","false"
"random-safe-vs-balanced","0","930","c20","c10","human","jev","correct_guess","6","5","12","0","0","false"
"random-safe-vs-balanced","0","931","c20","c10","jev","jev","correct_guess","5","5","11","0","0","false"
"random-safe-vs-balanced","0","932","c20","c11","human","jev","correct_guess","6","5","12","0","0","false"
"random-safe-vs-balanced","0","933","c20","c11","jev","human","correct_guess","4","5","10","0","0","false"
"random-safe-vs-balanced","0","934","c20","c12","human","human","correct_guess","5","5","11","0","0","false"
"random-safe-vs-balanced","0","935","c20","c12","jev","jev","correct_guess","5","5","11","0","0","false"
"random-safe-vs-balanced","0","936","c20","c13","human","human","correct_guess","5","5","11","0","0","false"
"random-safe-vs-balanced","0","937","c20","c13","jev","jev","correct_guess","5","5","11","0","0","false"
"random-safe-vs-balanced","0","938","c20","c14","human","jev","correct_guess","6","5","12","0","0","false"
"random-safe-vs-balanced","0","939","c20","c14","jev","jev","correct_guess","5","5","11","0","0","false"
"random-safe-vs-balanced","0","940","c20","c15","human","human","correct_guess","3","3","7","0","0","false"
"random-safe-vs-balanced","0","941","c20","c15","jev","jev","correct_guess","5","5","11","0","0","false"
"random-safe-vs-balanced","0","942","c20","c16","human","jev","correct_guess","6","5","12","0","0","false"
"random-safe-vs-balanced","0","943","c20","c16","jev","human","correct_guess","4","5","10","0","0","false"
"random-safe-vs-balanced","0","944","c20","c17","human","human","correct_guess","5","5","11","0","0","false"
"random-safe-vs-balanced","0","945","c20","c17","jev","human","correct_guess","4","5","10","0","0","false"
"random-safe-vs-balanced","0","946","c20","c18","human","human","correct_guess","4","4","9","0","0","false"
"random-safe-vs-balanced","0","947","c20","c18","jev","human","correct_guess","4","5","10","0","0","false"
"random-safe-vs-balanced","0","948","c20","c19","human","human","correct_guess","5","5","11","0","0","false"
"random-safe-vs-balanced","0","949","c20","c19","jev","jev","correct_guess","5","5","11","0","0","false"
"random-safe-vs-balanced","0","950","c20","c20","human","jev","correct_guess","6","5","12","0","0","false"
"random-safe-vs-balanced","0","951","c20","c20","jev","jev","correct_guess","5","5","11","0","0","false"
"random-safe-vs-balanced","0","952","c20","c21","human","human","correct_guess","4","4","9","0","0","false"
"random-safe-vs-balanced","0","953","c20","c21","jev","jev","correct_guess","5","5","11","0","0","false"
"random-safe-vs-balanced","0","954","c20","c22","human","human","correct_guess","3","3","7","0","0","false"
"random-safe-vs-balanced","0","955","c20","c22","jev","human","correct_guess","3","4","8","0","0","false"
"random-safe-vs-balanced","0","956","c20","c23","human","jev","correct_guess","6","5","12","0","0","false"
"random-safe-vs-balanced","0","957","c20","c23","jev","jev","correct_guess","5","5","11","0","0","false"
"random-safe-vs-balanced","0","958","c20","c24","human","human","correct_guess","4","4","9","0","0","false"
"random-safe-vs-balanced","0","959","c20","c24","jev","human","correct_guess","4","5","10","0","0","false"
"random-safe-vs-balanced","0","960","c21","c01","human","human","correct_guess","3","3","7","0","0","false"
"random-safe-vs-balanced","0","961","c21","c01","jev","human","correct_guess","3","4","8","0","0","false"
"random-safe-vs-balanced","0","962","c21","c02","human","jev","correct_guess","6","5","12","0","0","false"
"random-safe-vs-balanced","0","963","c21","c02","jev","human","correct_guess","3","4","8","0","0","false"
"random-safe-vs-balanced","0","964","c21","c03","human","jev","correct_guess","6","5","12","0","0","false"
"random-safe-vs-balanced","0","965","c21","c03","jev","jev","correct_guess","5","5","11","0","0","false"
"random-safe-vs-balanced","0","966","c21","c04","human","jev","correct_guess","6","5","12","0","0","false"
"random-safe-vs-balanced","0","967","c21","c04","jev","jev","correct_guess","5","5","11","0","0","false"
"random-safe-vs-balanced","0","968","c21","c05","human","human","correct_guess","5","5","11","0","0","false"
"random-safe-vs-balanced","0","969","c21","c05","jev","jev","correct_guess","5","5","11","0","0","false"
"random-safe-vs-balanced","0","970","c21","c06","human","human","correct_guess","5","5","11","0","0","false"
"random-safe-vs-balanced","0","971","c21","c06","jev","human","correct_guess","4","5","10","0","0","false"
"random-safe-vs-balanced","0","972","c21","c07","human","jev","correct_guess","6","5","12","0","0","false"
"random-safe-vs-balanced","0","973","c21","c07","jev","jev","correct_guess","5","5","11","0","0","false"
"random-safe-vs-balanced","0","974","c21","c08","human","human","correct_guess","5","5","11","0","0","false"
"random-safe-vs-balanced","0","975","c21","c08","jev","jev","correct_guess","5","5","11","0","0","false"
"random-safe-vs-balanced","0","976","c21","c09","human","human","correct_guess","5","5","11","0","0","false"
"random-safe-vs-balanced","0","977","c21","c09","jev","jev","correct_guess","5","5","11","0","0","false"
"random-safe-vs-balanced","0","978","c21","c10","human","jev","correct_guess","6","5","12","0","0","false"
"random-safe-vs-balanced","0","979","c21","c10","jev","jev","correct_guess","5","5","11","0","0","false"
"random-safe-vs-balanced","0","980","c21","c11","human","human","correct_guess","5","5","11","0","0","false"
"random-safe-vs-balanced","0","981","c21","c11","jev","jev","correct_guess","5","5","11","0","0","false"
"random-safe-vs-balanced","0","982","c21","c12","human","jev","correct_guess","6","5","12","0","0","false"
"random-safe-vs-balanced","0","983","c21","c12","jev","jev","correct_guess","5","5","11","0","0","false"
"random-safe-vs-balanced","0","984","c21","c13","human","human","correct_guess","5","5","11","0","0","false"
"random-safe-vs-balanced","0","985","c21","c13","jev","jev","correct_guess","5","5","11","0","0","false"
"random-safe-vs-balanced","0","986","c21","c14","human","jev","correct_guess","6","5","12","0","0","false"
"random-safe-vs-balanced","0","987","c21","c14","jev","jev","correct_guess","5","5","11","0","0","false"
"random-safe-vs-balanced","0","988","c21","c15","human","human","correct_guess","3","3","7","0","0","false"
"random-safe-vs-balanced","0","989","c21","c15","jev","jev","correct_guess","5","5","11","0","0","false"
"random-safe-vs-balanced","0","990","c21","c16","human","jev","correct_guess","6","5","12","0","0","false"
"random-safe-vs-balanced","0","991","c21","c16","jev","jev","correct_guess","5","5","11","0","0","false"
"random-safe-vs-balanced","0","992","c21","c17","human","jev","correct_guess","6","5","12","0","0","false"
"random-safe-vs-balanced","0","993","c21","c17","jev","jev","correct_guess","5","5","11","0","0","false"
"random-safe-vs-balanced","0","994","c21","c18","human","human","correct_guess","4","4","9","0","0","false"
"random-safe-vs-balanced","0","995","c21","c18","jev","jev","correct_guess","5","5","11","0","0","false"
"random-safe-vs-balanced","0","996","c21","c19","human","jev","correct_guess","6","5","12","0","0","false"
"random-safe-vs-balanced","0","997","c21","c19","jev","jev","correct_guess","5","5","11","0","0","false"
"random-safe-vs-balanced","0","998","c21","c20","human","jev","correct_guess","6","5","12","0","0","false"
"random-safe-vs-balanced","0","999","c21","c20","jev","jev","correct_guess","5","5","11","0","0","false"
"random-safe-vs-balanced","0","1000","c21","c21","human","human","correct_guess","4","4","9","0","0","false"
"random-safe-vs-balanced","0","1001","c21","c21","jev","human","correct_guess","4","5","10","0","0","false"
"random-safe-vs-balanced","0","1002","c21","c22","human","jev","correct_guess","6","5","12","0","0","false"
"random-safe-vs-balanced","0","1003","c21","c22","jev","jev","correct_guess","5","5","11","0","0","false"
"random-safe-vs-balanced","0","1004","c21","c23","human","human","correct_guess","5","5","11","0","0","false"
"random-safe-vs-balanced","0","1005","c21","c23","jev","human","correct_guess","4","5","10","0","0","false"
"random-safe-vs-balanced","0","1006","c21","c24","human","human","correct_guess","4","4","9","0","0","false"
"random-safe-vs-balanced","0","1007","c21","c24","jev","human","correct_guess","4","5","10","0","0","false"
"random-safe-vs-balanced","0","1008","c22","c01","human","jev","correct_guess","5","4","10","0","0","false"
"random-safe-vs-balanced","0","1009","c22","c01","jev","jev","correct_guess","4","4","9","0","0","false"
"random-safe-vs-balanced","0","1010","c22","c02","human","human","correct_guess","4","4","9","0","0","false"
"random-safe-vs-balanced","0","1011","c22","c02","jev","human","correct_guess","3","4","8","0","0","false"
"random-safe-vs-balanced","0","1012","c22","c03","human","human","correct_guess","3","3","7","0","0","false"
"random-safe-vs-balanced","0","1013","c22","c03","jev","jev","correct_guess","4","4","9","0","0","false"
"random-safe-vs-balanced","0","1014","c22","c04","human","human","correct_guess","3","3","7","0","0","false"
"random-safe-vs-balanced","0","1015","c22","c04","jev","jev","correct_guess","4","4","9","0","0","false"
"random-safe-vs-balanced","0","1016","c22","c05","human","jev","correct_guess","5","4","10","0","0","false"
"random-safe-vs-balanced","0","1017","c22","c05","jev","jev","correct_guess","4","4","9","0","0","false"
"random-safe-vs-balanced","0","1018","c22","c06","human","jev","correct_guess","5","4","10","0","0","false"
"random-safe-vs-balanced","0","1019","c22","c06","jev","jev","correct_guess","4","4","9","0","0","false"
"random-safe-vs-balanced","0","1020","c22","c07","human","jev","correct_guess","5","4","10","0","0","false"
"random-safe-vs-balanced","0","1021","c22","c07","jev","jev","correct_guess","4","4","9","0","0","false"
"random-safe-vs-balanced","0","1022","c22","c08","human","human","correct_guess","4","4","9","0","0","false"
"random-safe-vs-balanced","0","1023","c22","c08","jev","jev","correct_guess","4","4","9","0","0","false"
"random-safe-vs-balanced","0","1024","c22","c09","human","human","correct_guess","4","4","9","0","0","false"
"random-safe-vs-balanced","0","1025","c22","c09","jev","jev","correct_guess","4","4","9","0","0","false"
"random-safe-vs-balanced","0","1026","c22","c10","human","jev","correct_guess","5","4","10","0","0","false"
"random-safe-vs-balanced","0","1027","c22","c10","jev","jev","correct_guess","4","4","9","0","0","false"
"random-safe-vs-balanced","0","1028","c22","c11","human","jev","correct_guess","5","4","10","0","0","false"
"random-safe-vs-balanced","0","1029","c22","c11","jev","jev","correct_guess","4","4","9","0","0","false"
"random-safe-vs-balanced","0","1030","c22","c12","human","human","correct_guess","3","3","7","0","0","false"
"random-safe-vs-balanced","0","1031","c22","c12","jev","jev","correct_guess","4","4","9","0","0","false"
"random-safe-vs-balanced","0","1032","c22","c13","human","jev","correct_guess","5","4","10","0","0","false"
"random-safe-vs-balanced","0","1033","c22","c13","jev","jev","correct_guess","4","4","9","0","0","false"
"random-safe-vs-balanced","0","1034","c22","c14","human","jev","correct_guess","5","4","10","0","0","false"
"random-safe-vs-balanced","0","1035","c22","c14","jev","jev","correct_guess","4","4","9","0","0","false"
"random-safe-vs-balanced","0","1036","c22","c15","human","human","correct_guess","4","4","9","0","0","false"
"random-safe-vs-balanced","0","1037","c22","c15","jev","jev","correct_guess","4","4","9","0","0","false"
"random-safe-vs-balanced","0","1038","c22","c16","human","jev","correct_guess","5","4","10","0","0","false"
"random-safe-vs-balanced","0","1039","c22","c16","jev","jev","correct_guess","4","4","9","0","0","false"
"random-safe-vs-balanced","0","1040","c22","c17","human","human","correct_guess","4","4","9","0","0","false"
"random-safe-vs-balanced","0","1041","c22","c17","jev","jev","correct_guess","4","4","9","0","0","false"
"random-safe-vs-balanced","0","1042","c22","c18","human","jev","correct_guess","5","4","10","0","0","false"
"random-safe-vs-balanced","0","1043","c22","c18","jev","jev","correct_guess","4","4","9","0","0","false"
"random-safe-vs-balanced","0","1044","c22","c19","human","jev","correct_guess","5","4","10","0","0","false"
"random-safe-vs-balanced","0","1045","c22","c19","jev","jev","correct_guess","4","4","9","0","0","false"
"random-safe-vs-balanced","0","1046","c22","c20","human","jev","correct_guess","5","4","10","0","0","false"
"random-safe-vs-balanced","0","1047","c22","c20","jev","jev","correct_guess","4","4","9","0","0","false"
"random-safe-vs-balanced","0","1048","c22","c21","human","jev","correct_guess","5","4","10","0","0","false"
"random-safe-vs-balanced","0","1049","c22","c21","jev","jev","correct_guess","4","4","9","0","0","false"
"random-safe-vs-balanced","0","1050","c22","c22","human","jev","correct_guess","5","4","10","0","0","false"
"random-safe-vs-balanced","0","1051","c22","c22","jev","jev","correct_guess","4","4","9","0","0","false"
"random-safe-vs-balanced","0","1052","c22","c23","human","jev","correct_guess","5","4","10","0","0","false"
"random-safe-vs-balanced","0","1053","c22","c23","jev","jev","correct_guess","4","4","9","0","0","false"
"random-safe-vs-balanced","0","1054","c22","c24","human","jev","correct_guess","5","4","10","0","0","false"
"random-safe-vs-balanced","0","1055","c22","c24","jev","jev","correct_guess","4","4","9","0","0","false"
"random-safe-vs-balanced","0","1056","c23","c01","human","human","correct_guess","4","4","9","0","0","false"
"random-safe-vs-balanced","0","1057","c23","c01","jev","jev","correct_guess","4","4","9","0","0","false"
"random-safe-vs-balanced","0","1058","c23","c02","human","human","correct_guess","4","4","9","0","0","false"
"random-safe-vs-balanced","0","1059","c23","c02","jev","jev","correct_guess","4","4","9","0","0","false"
"random-safe-vs-balanced","0","1060","c23","c03","human","jev","correct_guess","5","4","10","0","0","false"
"random-safe-vs-balanced","0","1061","c23","c03","jev","jev","correct_guess","4","4","9","0","0","false"
"random-safe-vs-balanced","0","1062","c23","c04","human","human","correct_guess","3","3","7","0","0","false"
"random-safe-vs-balanced","0","1063","c23","c04","jev","jev","correct_guess","4","4","9","0","0","false"
"random-safe-vs-balanced","0","1064","c23","c05","human","jev","correct_guess","5","4","10","0","0","false"
"random-safe-vs-balanced","0","1065","c23","c05","jev","jev","correct_guess","4","4","9","0","0","false"
"random-safe-vs-balanced","0","1066","c23","c06","human","jev","correct_guess","5","4","10","0","0","false"
"random-safe-vs-balanced","0","1067","c23","c06","jev","jev","correct_guess","4","4","9","0","0","false"
"random-safe-vs-balanced","0","1068","c23","c07","human","jev","correct_guess","5","4","10","0","0","false"
"random-safe-vs-balanced","0","1069","c23","c07","jev","jev","correct_guess","4","4","9","0","0","false"
"random-safe-vs-balanced","0","1070","c23","c08","human","jev","correct_guess","5","4","10","0","0","false"
"random-safe-vs-balanced","0","1071","c23","c08","jev","jev","correct_guess","4","4","9","0","0","false"
"random-safe-vs-balanced","0","1072","c23","c09","human","jev","correct_guess","5","4","10","0","0","false"
"random-safe-vs-balanced","0","1073","c23","c09","jev","jev","correct_guess","4","4","9","0","0","false"
"random-safe-vs-balanced","0","1074","c23","c10","human","human","correct_guess","4","4","9","0","0","false"
"random-safe-vs-balanced","0","1075","c23","c10","jev","jev","correct_guess","4","4","9","0","0","false"
"random-safe-vs-balanced","0","1076","c23","c11","human","human","correct_guess","3","3","7","0","0","false"
"random-safe-vs-balanced","0","1077","c23","c11","jev","jev","correct_guess","4","4","9","0","0","false"
"random-safe-vs-balanced","0","1078","c23","c12","human","jev","correct_guess","5","4","10","0","0","false"
"random-safe-vs-balanced","0","1079","c23","c12","jev","jev","correct_guess","4","4","9","0","0","false"
"random-safe-vs-balanced","0","1080","c23","c13","human","jev","correct_guess","5","4","10","0","0","false"
"random-safe-vs-balanced","0","1081","c23","c13","jev","jev","correct_guess","4","4","9","0","0","false"
"random-safe-vs-balanced","0","1082","c23","c14","human","jev","correct_guess","5","4","10","0","0","false"
"random-safe-vs-balanced","0","1083","c23","c14","jev","jev","correct_guess","4","4","9","0","0","false"
"random-safe-vs-balanced","0","1084","c23","c15","human","jev","correct_guess","5","4","10","0","0","false"
"random-safe-vs-balanced","0","1085","c23","c15","jev","jev","correct_guess","4","4","9","0","0","false"
"random-safe-vs-balanced","0","1086","c23","c16","human","jev","correct_guess","5","4","10","0","0","false"
"random-safe-vs-balanced","0","1087","c23","c16","jev","jev","correct_guess","4","4","9","0","0","false"
"random-safe-vs-balanced","0","1088","c23","c17","human","jev","correct_guess","5","4","10","0","0","false"
"random-safe-vs-balanced","0","1089","c23","c17","jev","jev","correct_guess","4","4","9","0","0","false"
"random-safe-vs-balanced","0","1090","c23","c18","human","human","correct_guess","4","4","9","0","0","false"
"random-safe-vs-balanced","0","1091","c23","c18","jev","jev","correct_guess","4","4","9","0","0","false"
"random-safe-vs-balanced","0","1092","c23","c19","human","jev","correct_guess","5","4","10","0","0","false"
"random-safe-vs-balanced","0","1093","c23","c19","jev","jev","correct_guess","4","4","9","0","0","false"
"random-safe-vs-balanced","0","1094","c23","c20","human","human","correct_guess","3","3","7","0","0","false"
"random-safe-vs-balanced","0","1095","c23","c20","jev","jev","correct_guess","4","4","9","0","0","false"
"random-safe-vs-balanced","0","1096","c23","c21","human","jev","correct_guess","5","4","10","0","0","false"
"random-safe-vs-balanced","0","1097","c23","c21","jev","jev","correct_guess","4","4","9","0","0","false"
"random-safe-vs-balanced","0","1098","c23","c22","human","human","correct_guess","4","4","9","0","0","false"
"random-safe-vs-balanced","0","1099","c23","c22","jev","jev","correct_guess","4","4","9","0","0","false"
"random-safe-vs-balanced","0","1100","c23","c23","human","jev","correct_guess","5","4","10","0","0","false"
"random-safe-vs-balanced","0","1101","c23","c23","jev","jev","correct_guess","4","4","9","0","0","false"
"random-safe-vs-balanced","0","1102","c23","c24","human","human","correct_guess","4","4","9","0","0","false"
"random-safe-vs-balanced","0","1103","c23","c24","jev","jev","correct_guess","4","4","9","0","0","false"
"random-safe-vs-balanced","0","1104","c24","c01","human","human","correct_guess","3","3","7","0","0","false"
"random-safe-vs-balanced","0","1105","c24","c01","jev","jev","correct_guess","4","4","9","0","0","false"
"random-safe-vs-balanced","0","1106","c24","c02","human","human","correct_guess","4","4","9","0","0","false"
"random-safe-vs-balanced","0","1107","c24","c02","jev","jev","correct_guess","4","4","9","0","0","false"
"random-safe-vs-balanced","0","1108","c24","c03","human","jev","correct_guess","5","4","10","0","0","false"
"random-safe-vs-balanced","0","1109","c24","c03","jev","jev","correct_guess","4","4","9","0","0","false"
"random-safe-vs-balanced","0","1110","c24","c04","human","human","correct_guess","4","4","9","0","0","false"
"random-safe-vs-balanced","0","1111","c24","c04","jev","jev","correct_guess","4","4","9","0","0","false"
"random-safe-vs-balanced","0","1112","c24","c05","human","jev","correct_guess","5","4","10","0","0","false"
"random-safe-vs-balanced","0","1113","c24","c05","jev","jev","correct_guess","4","4","9","0","0","false"
"random-safe-vs-balanced","0","1114","c24","c06","human","jev","correct_guess","5","4","10","0","0","false"
"random-safe-vs-balanced","0","1115","c24","c06","jev","jev","correct_guess","4","4","9","0","0","false"
"random-safe-vs-balanced","0","1116","c24","c07","human","jev","correct_guess","5","4","10","0","0","false"
"random-safe-vs-balanced","0","1117","c24","c07","jev","jev","correct_guess","4","4","9","0","0","false"
"random-safe-vs-balanced","0","1118","c24","c08","human","jev","correct_guess","5","4","10","0","0","false"
"random-safe-vs-balanced","0","1119","c24","c08","jev","human","correct_guess","3","4","8","0","0","false"
"random-safe-vs-balanced","0","1120","c24","c09","human","human","correct_guess","3","3","7","0","0","false"
"random-safe-vs-balanced","0","1121","c24","c09","jev","jev","correct_guess","4","4","9","0","0","false"
"random-safe-vs-balanced","0","1122","c24","c10","human","jev","correct_guess","5","4","10","0","0","false"
"random-safe-vs-balanced","0","1123","c24","c10","jev","jev","correct_guess","4","4","9","0","0","false"
"random-safe-vs-balanced","0","1124","c24","c11","human","human","correct_guess","4","4","9","0","0","false"
"random-safe-vs-balanced","0","1125","c24","c11","jev","jev","correct_guess","4","4","9","0","0","false"
"random-safe-vs-balanced","0","1126","c24","c12","human","jev","correct_guess","5","4","10","0","0","false"
"random-safe-vs-balanced","0","1127","c24","c12","jev","jev","correct_guess","4","4","9","0","0","false"
"random-safe-vs-balanced","0","1128","c24","c13","human","human","correct_guess","4","4","9","0","0","false"
"random-safe-vs-balanced","0","1129","c24","c13","jev","jev","correct_guess","4","4","9","0","0","false"
"random-safe-vs-balanced","0","1130","c24","c14","human","human","correct_guess","4","4","9","0","0","false"
"random-safe-vs-balanced","0","1131","c24","c14","jev","jev","correct_guess","4","4","9","0","0","false"
"random-safe-vs-balanced","0","1132","c24","c15","human","jev","correct_guess","5","4","10","0","0","false"
"random-safe-vs-balanced","0","1133","c24","c15","jev","jev","correct_guess","4","4","9","0","0","false"
"random-safe-vs-balanced","0","1134","c24","c16","human","jev","correct_guess","5","4","10","0","0","false"
"random-safe-vs-balanced","0","1135","c24","c16","jev","jev","correct_guess","4","4","9","0","0","false"
"random-safe-vs-balanced","0","1136","c24","c17","human","human","correct_guess","3","3","7","0","0","false"
"random-safe-vs-balanced","0","1137","c24","c17","jev","jev","correct_guess","4","4","9","0","0","false"
"random-safe-vs-balanced","0","1138","c24","c18","human","human","correct_guess","4","4","9","0","0","false"
"random-safe-vs-balanced","0","1139","c24","c18","jev","jev","correct_guess","4","4","9","0","0","false"
"random-safe-vs-balanced","0","1140","c24","c19","human","jev","correct_guess","5","4","10","0","0","false"
"random-safe-vs-balanced","0","1141","c24","c19","jev","jev","correct_guess","4","4","9","0","0","false"
"random-safe-vs-balanced","0","1142","c24","c20","human","jev","correct_guess","5","4","10","0","0","false"
"random-safe-vs-balanced","0","1143","c24","c20","jev","jev","correct_guess","4","4","9","0","0","false"
"random-safe-vs-balanced","0","1144","c24","c21","human","human","correct_guess","4","4","9","0","0","false"
"random-safe-vs-balanced","0","1145","c24","c21","jev","jev","correct_guess","4","4","9","0","0","false"
"random-safe-vs-balanced","0","1146","c24","c22","human","jev","correct_guess","5","4","10","0","0","false"
"random-safe-vs-balanced","0","1147","c24","c22","jev","jev","correct_guess","4","4","9","0","0","false"
"random-safe-vs-balanced","0","1148","c24","c23","human","jev","correct_guess","5","4","10","0","0","false"
"random-safe-vs-balanced","0","1149","c24","c23","jev","jev","correct_guess","4","4","9","0","0","false"
"random-safe-vs-balanced","0","1150","c24","c24","human","human","correct_guess","4","4","9","0","0","false"
"random-safe-vs-balanced","0","1151","c24","c24","jev","jev","correct_guess","4","4","9","0","0","false"
"random-risk-vs-balanced","0","0","c01","c01","human","human","correct_guess","0","0","1","0","0","false"
"random-risk-vs-balanced","0","1","c01","c01","jev","jev","wrong_guess","0","1","2","0","0","false"
"random-risk-vs-balanced","0","2","c01","c02","human","jev","wrong_guess","0","0","1","0","0","false"
"random-risk-vs-balanced","0","3","c01","c02","jev","human","correct_guess","3","4","8","0","0","false"
"random-risk-vs-balanced","0","4","c01","c03","human","jev","wrong_guess","0","0","1","0","0","false"
"random-risk-vs-balanced","0","5","c01","c03","jev","jev","wrong_guess","0","1","2","0","0","false"
"random-risk-vs-balanced","0","6","c01","c04","human","jev","wrong_guess","0","0","1","0","0","false"
"random-risk-vs-balanced","0","7","c01","c04","jev","jev","wrong_guess","0","1","2","0","0","false"
"random-risk-vs-balanced","0","8","c01","c05","human","jev","wrong_guess","0","0","1","0","0","false"
"random-risk-vs-balanced","0","9","c01","c05","jev","jev","wrong_guess","0","1","2","0","0","false"
"random-risk-vs-balanced","0","10","c01","c06","human","jev","wrong_guess","0","0","1","0","0","false"
"random-risk-vs-balanced","0","11","c01","c06","jev","jev","wrong_guess","2","3","6","0","0","false"
"random-risk-vs-balanced","0","12","c01","c07","human","jev","wrong_guess","1","1","3","0","0","false"
"random-risk-vs-balanced","0","13","c01","c07","jev","jev","wrong_guess","0","1","2","0","0","false"
"random-risk-vs-balanced","0","14","c01","c08","human","jev","wrong_guess","0","0","1","0","0","false"
"random-risk-vs-balanced","0","15","c01","c08","jev","jev","wrong_guess","1","2","4","0","0","false"
"random-risk-vs-balanced","0","16","c01","c09","human","jev","wrong_guess","0","0","1","0","0","false"
"random-risk-vs-balanced","0","17","c01","c09","jev","jev","wrong_guess","0","1","2","0","0","false"
"random-risk-vs-balanced","0","18","c01","c10","human","jev","wrong_guess","0","0","1","0","0","false"
"random-risk-vs-balanced","0","19","c01","c10","jev","jev","wrong_guess","0","1","2","0","0","false"
"random-risk-vs-balanced","0","20","c01","c11","human","human","correct_guess","4","4","9","0","0","false"
"random-risk-vs-balanced","0","21","c01","c11","jev","human","correct_guess","2","3","6","0","0","false"
"random-risk-vs-balanced","0","22","c01","c12","human","jev","wrong_guess","0","0","1","0","0","false"
"random-risk-vs-balanced","0","23","c01","c12","jev","jev","wrong_guess","0","1","2","0","0","false"
"random-risk-vs-balanced","0","24","c01","c13","human","jev","wrong_guess","1","1","3","0","0","false"
"random-risk-vs-balanced","0","25","c01","c13","jev","jev","wrong_guess","0","1","2","0","0","false"
"random-risk-vs-balanced","0","26","c01","c14","human","jev","wrong_guess","0","0","1","0","0","false"
"random-risk-vs-balanced","0","27","c01","c14","jev","jev","wrong_guess","0","1","2","0","0","false"
"random-risk-vs-balanced","0","28","c01","c15","human","human","correct_guess","5","5","11","0","0","false"
"random-risk-vs-balanced","0","29","c01","c15","jev","jev","wrong_guess","0","1","2","0","0","false"
"random-risk-vs-balanced","0","30","c01","c16","human","jev","wrong_guess","0","0","1","0","0","false"
"random-risk-vs-balanced","0","31","c01","c16","jev","jev","wrong_guess","1","2","4","0","0","false"
"random-risk-vs-balanced","0","32","c01","c17","human","jev","wrong_guess","0","0","1","0","0","false"
"random-risk-vs-balanced","0","33","c01","c17","jev","jev","wrong_guess","0","1","2","0","0","false"
"random-risk-vs-balanced","0","34","c01","c18","human","jev","wrong_guess","0","0","1","0","0","false"
"random-risk-vs-balanced","0","35","c01","c18","jev","jev","wrong_guess","0","1","2","0","0","false"
"random-risk-vs-balanced","0","36","c01","c19","human","jev","wrong_guess","0","0","1","0","0","false"
"random-risk-vs-balanced","0","37","c01","c19","jev","jev","wrong_guess","0","1","2","0","0","false"
"random-risk-vs-balanced","0","38","c01","c20","human","human","correct_guess","3","3","7","0","0","false"
"random-risk-vs-balanced","0","39","c01","c20","jev","jev","wrong_guess","0","1","2","0","0","false"
"random-risk-vs-balanced","0","40","c01","c21","human","jev","wrong_guess","0","0","1","0","0","false"
"random-risk-vs-balanced","0","41","c01","c21","jev","jev","wrong_guess","0","1","2","0","0","false"
"random-risk-vs-balanced","0","42","c01","c22","human","jev","wrong_guess","0","0","1","0","0","false"
"random-risk-vs-balanced","0","43","c01","c22","jev","jev","wrong_guess","0","1","2","0","0","false"
"random-risk-vs-balanced","0","44","c01","c23","human","jev","wrong_guess","1","1","3","0","0","false"
"random-risk-vs-balanced","0","45","c01","c23","jev","jev","wrong_guess","0","1","2","0","0","false"
"random-risk-vs-balanced","0","46","c01","c24","human","jev","wrong_guess","2","2","5","0","0","false"
"random-risk-vs-balanced","0","47","c01","c24","jev","jev","wrong_guess","0","1","2","0","0","false"
"random-risk-vs-balanced","0","48","c02","c01","human","jev","wrong_guess","0","0","1","0","0","false"
"random-risk-vs-balanced","0","49","c02","c01","jev","jev","wrong_guess","0","1","2","0","0","false"
"random-risk-vs-balanced","0","50","c02","c02","human","jev","wrong_guess","0","0","1","0","0","false"
"random-risk-vs-balanced","0","51","c02","c02","jev","human","correct_guess","1","2","4","0","0","false"
"random-risk-vs-balanced","0","52","c02","c03","human","jev","wrong_guess","2","2","5","0","0","false"
"random-risk-vs-balanced","0","53","c02","c03","jev","human","correct_guess","3","4","8","0","0","false"
"random-risk-vs-balanced","0","54","c02","c04","human","jev","wrong_guess","0","0","1","0","0","false"
"random-risk-vs-balanced","0","55","c02","c04","jev","jev","wrong_guess","1","2","4","0","0","false"
"random-risk-vs-balanced","0","56","c02","c05","human","jev","wrong_guess","0","0","1","0","0","false"
"random-risk-vs-balanced","0","57","c02","c05","jev","jev","wrong_guess","0","1","2","0","0","false"
"random-risk-vs-balanced","0","58","c02","c06","human","jev","wrong_guess","1","1","3","0","0","false"
"random-risk-vs-balanced","0","59","c02","c06","jev","jev","wrong_guess","0","1","2","0","0","false"
"random-risk-vs-balanced","0","60","c02","c07","human","jev","wrong_guess","0","0","1","0","0","false"
"random-risk-vs-balanced","0","61","c02","c07","jev","jev","wrong_guess","0","1","2","0","0","false"
"random-risk-vs-balanced","0","62","c02","c08","human","jev","wrong_guess","0","0","1","0","0","false"
"random-risk-vs-balanced","0","63","c02","c08","jev","jev","wrong_guess","0","1","2","0","0","false"
"random-risk-vs-balanced","0","64","c02","c09","human","human","correct_guess","1","1","3","0","0","false"
"random-risk-vs-balanced","0","65","c02","c09","jev","jev","wrong_guess","1","2","4","0","0","false"
"random-risk-vs-balanced","0","66","c02","c10","human","jev","wrong_guess","0","0","1","0","0","false"
"random-risk-vs-balanced","0","67","c02","c10","jev","jev","wrong_guess","0","1","2","0","0","false"
"random-risk-vs-balanced","0","68","c02","c11","human","jev","wrong_guess","0","0","1","0","0","false"
"random-risk-vs-balanced","0","69","c02","c11","jev","jev","wrong_guess","0","1","2","0","0","false"
"random-risk-vs-balanced","0","70","c02","c12","human","jev","wrong_guess","2","2","5","0","0","false"
"random-risk-vs-balanced","0","71","c02","c12","jev","jev","wrong_guess","0","1","2","0","0","false"
"random-risk-vs-balanced","0","72","c02","c13","human","jev","wrong_guess","1","1","3","0","0","false"
"random-risk-vs-balanced","0","73","c02","c13","jev","jev","wrong_guess","0","1","2","0","0","false"
"random-risk-vs-balanced","0","74","c02","c14","human","jev","wrong_guess","2","2","5","0","0","false"
"random-risk-vs-balanced","0","75","c02","c14","jev","jev","wrong_guess","0","1","2","0","0","false"
"random-risk-vs-balanced","0","76","c02","c15","human","jev","wrong_guess","3","3","7","0","0","false"
"random-risk-vs-balanced","0","77","c02","c15","jev","jev","wrong_guess","0","1","2","0","0","false"
"random-risk-vs-balanced","0","78","c02","c16","human","jev","wrong_guess","0","0","1","0","0","false"
"random-risk-vs-balanced","0","79","c02","c16","jev","jev","wrong_guess","2","3","6","0","0","false"
"random-risk-vs-balanced","0","80","c02","c17","human","human","correct_guess","5","5","11","0","0","false"
"random-risk-vs-balanced","0","81","c02","c17","jev","jev","wrong_guess","0","1","2","0","0","false"
"random-risk-vs-balanced","0","82","c02","c18","human","jev","wrong_guess","0","0","1","0","0","false"
"random-risk-vs-balanced","0","83","c02","c18","jev","jev","wrong_guess","0","1","2","0","0","false"
"random-risk-vs-balanced","0","84","c02","c19","human","jev","wrong_guess","0","0","1","0","0","false"
"random-risk-vs-balanced","0","85","c02","c19","jev","jev","wrong_guess","2","3","6","0","0","false"
"random-risk-vs-balanced","0","86","c02","c20","human","jev","wrong_guess","0","0","1","0","0","false"
"random-risk-vs-balanced","0","87","c02","c20","jev","jev","wrong_guess","0","1","2","0","0","false"
"random-risk-vs-balanced","0","88","c02","c21","human","jev","wrong_guess","0","0","1","0","0","false"
"random-risk-vs-balanced","0","89","c02","c21","jev","human","correct_guess","1","2","4","0","0","false"
"random-risk-vs-balanced","0","90","c02","c22","human","jev","wrong_guess","0","0","1","0","0","false"
"random-risk-vs-balanced","0","91","c02","c22","jev","jev","wrong_guess","0","1","2","0","0","false"
"random-risk-vs-balanced","0","92","c02","c23","human","jev","wrong_guess","0","0","1","0","0","false"
"random-risk-vs-balanced","0","93","c02","c23","jev","jev","wrong_guess","0","1","2","0","0","false"
"random-risk-vs-balanced","0","94","c02","c24","human","jev","wrong_guess","0","0","1","0","0","false"
"random-risk-vs-balanced","0","95","c02","c24","jev","jev","wrong_guess","0","1","2","0","0","false"
"random-risk-vs-balanced","0","96","c03","c01","human","jev","wrong_guess","0","0","1","0","0","false"
"random-risk-vs-balanced","0","97","c03","c01","jev","jev","wrong_guess","0","1","2","0","0","false"
"random-risk-vs-balanced","0","98","c03","c02","human","human","correct_guess","0","0","1","0","0","false"
"random-risk-vs-balanced","0","99","c03","c02","jev","human","correct_guess","4","5","10","0","0","false"
"random-risk-vs-balanced","0","100","c03","c03","human","jev","wrong_guess","2","2","5","0","0","false"
"random-risk-vs-balanced","0","101","c03","c03","jev","jev","wrong_guess","0","1","2","0","0","false"
"random-risk-vs-balanced","0","102","c03","c04","human","jev","wrong_guess","0","0","1","0","0","false"
"random-risk-vs-balanced","0","103","c03","c04","jev","jev","wrong_guess","0","1","2","0","0","false"
"random-risk-vs-balanced","0","104","c03","c05","human","jev","wrong_guess","0","0","1","0","0","false"
"random-risk-vs-balanced","0","105","c03","c05","jev","jev","wrong_guess","0","1","2","0","0","false"
"random-risk-vs-balanced","0","106","c03","c06","human","jev","wrong_guess","0","0","1","0","0","false"
"random-risk-vs-balanced","0","107","c03","c06","jev","jev","wrong_guess","0","1","2","0","0","false"
"random-risk-vs-balanced","0","108","c03","c07","human","jev","wrong_guess","0","0","1","0","0","false"
"random-risk-vs-balanced","0","109","c03","c07","jev","jev","wrong_guess","1","2","4","0","0","false"
"random-risk-vs-balanced","0","110","c03","c08","human","jev","wrong_guess","0","0","1","0","0","false"
"random-risk-vs-balanced","0","111","c03","c08","jev","jev","wrong_guess","0","1","2","0","0","false"
"random-risk-vs-balanced","0","112","c03","c09","human","jev","wrong_guess","0","0","1","0","0","false"
"random-risk-vs-balanced","0","113","c03","c09","jev","jev","wrong_guess","0","1","2","0","0","false"
"random-risk-vs-balanced","0","114","c03","c10","human","jev","wrong_guess","0","0","1","0","0","false"
"random-risk-vs-balanced","0","115","c03","c10","jev","jev","wrong_guess","0","1","2","0","0","false"
"random-risk-vs-balanced","0","116","c03","c11","human","human","correct_guess","0","0","1","0","0","false"
"random-risk-vs-balanced","0","117","c03","c11","jev","human","correct_guess","0","1","2","0","0","false"
"random-risk-vs-balanced","0","118","c03","c12","human","jev","wrong_guess","0","0","1","0","0","false"
"random-risk-vs-balanced","0","119","c03","c12","jev","jev","wrong_guess","0","1","2","0","0","false"
"random-risk-vs-balanced","0","120","c03","c13","human","jev","wrong_guess","0","0","1","0","0","false"
"random-risk-vs-balanced","0","121","c03","c13","jev","jev","wrong_guess","0","1","2","0","0","false"
"random-risk-vs-balanced","0","122","c03","c14","human","jev","wrong_guess","2","2","5","0","0","false"
"random-risk-vs-balanced","0","123","c03","c14","jev","jev","wrong_guess","1","2","4","0","0","false"
"random-risk-vs-balanced","0","124","c03","c15","human","jev","wrong_guess","0","0","1","0","0","false"
"random-risk-vs-balanced","0","125","c03","c15","jev","jev","wrong_guess","0","1","2","0","0","false"
"random-risk-vs-balanced","0","126","c03","c16","human","jev","wrong_guess","1","1","3","0","0","false"
"random-risk-vs-balanced","0","127","c03","c16","jev","jev","wrong_guess","0","1","2","0","0","false"
"random-risk-vs-balanced","0","128","c03","c17","human","jev","wrong_guess","0","0","1","0","0","false"
"random-risk-vs-balanced","0","129","c03","c17","jev","jev","wrong_guess","0","1","2","0","0","false"
"random-risk-vs-balanced","0","130","c03","c18","human","jev","wrong_guess","0","0","1","0","0","false"
"random-risk-vs-balanced","0","131","c03","c18","jev","jev","wrong_guess","0","1","2","0","0","false"
"random-risk-vs-balanced","0","132","c03","c19","human","jev","wrong_guess","0","0","1","0","0","false"
"random-risk-vs-balanced","0","133","c03","c19","jev","jev","wrong_guess","0","1","2","0","0","false"
"random-risk-vs-balanced","0","134","c03","c20","human","jev","wrong_guess","0","0","1","0","0","false"
"random-risk-vs-balanced","0","135","c03","c20","jev","jev","wrong_guess","0","1","2","0","0","false"
"random-risk-vs-balanced","0","136","c03","c21","human","jev","wrong_guess","1","1","3","0","0","false"
"random-risk-vs-balanced","0","137","c03","c21","jev","jev","wrong_guess","0","1","2","0","0","false"
"random-risk-vs-balanced","0","138","c03","c22","human","jev","wrong_guess","2","2","5","0","0","false"
"random-risk-vs-balanced","0","139","c03","c22","jev","jev","wrong_guess","0","1","2","0","0","false"
"random-risk-vs-balanced","0","140","c03","c23","human","jev","wrong_guess","1","1","3","0","0","false"
"random-risk-vs-balanced","0","141","c03","c23","jev","human","correct_guess","4","5","10","0","0","false"
"random-risk-vs-balanced","0","142","c03","c24","human","jev","wrong_guess","0","0","1","0","0","false"
"random-risk-vs-balanced","0","143","c03","c24","jev","human","correct_guess","1","2","4","0","0","false"
"random-risk-vs-balanced","0","144","c04","c01","human","jev","wrong_guess","0","0","1","0","0","false"
"random-risk-vs-balanced","0","145","c04","c01","jev","jev","wrong_guess","0","1","2","0","0","false"
"random-risk-vs-balanced","0","146","c04","c02","human","jev","wrong_guess","0","0","1","0","0","false"
"random-risk-vs-balanced","0","147","c04","c02","jev","jev","wrong_guess","0","1","2","0","0","false"
"random-risk-vs-balanced","0","148","c04","c03","human","jev","wrong_guess","0","0","1","0","0","false"
"random-risk-vs-balanced","0","149","c04","c03","jev","human","correct_guess","0","1","2","0","0","false"
"random-risk-vs-balanced","0","150","c04","c04","human","human","correct_guess","0","0","1","0","0","false"
"random-risk-vs-balanced","0","151","c04","c04","jev","jev","wrong_guess","0","1","2","0","0","false"
"random-risk-vs-balanced","0","152","c04","c05","human","jev","wrong_guess","2","2","5","0","0","false"
"random-risk-vs-balanced","0","153","c04","c05","jev","jev","wrong_guess","2","3","6","0","0","false"
"random-risk-vs-balanced","0","154","c04","c06","human","jev","wrong_guess","0","0","1","0","0","false"
"random-risk-vs-balanced","0","155","c04","c06","jev","jev","wrong_guess","1","2","4","0","0","false"
"random-risk-vs-balanced","0","156","c04","c07","human","jev","wrong_guess","0","0","1","0","0","false"
"random-risk-vs-balanced","0","157","c04","c07","jev","jev","wrong_guess","3","4","8","0","0","false"
"random-risk-vs-balanced","0","158","c04","c08","human","jev","wrong_guess","0","0","1","0","0","false"
"random-risk-vs-balanced","0","159","c04","c08","jev","jev","wrong_guess","1","2","4","0","0","false"
"random-risk-vs-balanced","0","160","c04","c09","human","jev","wrong_guess","0","0","1","0","0","false"
"random-risk-vs-balanced","0","161","c04","c09","jev","jev","wrong_guess","0","1","2","0","0","false"
"random-risk-vs-balanced","0","162","c04","c10","human","jev","wrong_guess","0","0","1","0","0","false"
"random-risk-vs-balanced","0","163","c04","c10","jev","jev","wrong_guess","0","1","2","0","0","false"
"random-risk-vs-balanced","0","164","c04","c11","human","jev","wrong_guess","0","0","1","0","0","false"
"random-risk-vs-balanced","0","165","c04","c11","jev","jev","wrong_guess","1","2","4","0","0","false"
"random-risk-vs-balanced","0","166","c04","c12","human","jev","wrong_guess","0","0","1","0","0","false"
"random-risk-vs-balanced","0","167","c04","c12","jev","jev","wrong_guess","0","1","2","0","0","false"
"random-risk-vs-balanced","0","168","c04","c13","human","jev","wrong_guess","0","0","1","0","0","false"
"random-risk-vs-balanced","0","169","c04","c13","jev","jev","wrong_guess","0","1","2","0","0","false"
"random-risk-vs-balanced","0","170","c04","c14","human","jev","wrong_guess","0","0","1","0","0","false"
"random-risk-vs-balanced","0","171","c04","c14","jev","jev","wrong_guess","0","1","2","0","0","false"
"random-risk-vs-balanced","0","172","c04","c15","human","jev","wrong_guess","0","0","1","0","0","false"
"random-risk-vs-balanced","0","173","c04","c15","jev","jev","wrong_guess","0","1","2","0","0","false"
"random-risk-vs-balanced","0","174","c04","c16","human","jev","wrong_guess","0","0","1","0","0","false"
"random-risk-vs-balanced","0","175","c04","c16","jev","jev","wrong_guess","0","1","2","0","0","false"
"random-risk-vs-balanced","0","176","c04","c17","human","jev","wrong_guess","0","0","1","0","0","false"
"random-risk-vs-balanced","0","177","c04","c17","jev","jev","wrong_guess","0","1","2","0","0","false"
"random-risk-vs-balanced","0","178","c04","c18","human","jev","wrong_guess","0","0","1","0","0","false"
"random-risk-vs-balanced","0","179","c04","c18","jev","jev","correct_guess","4","4","9","0","0","false"
"random-risk-vs-balanced","0","180","c04","c19","human","jev","wrong_guess","0","0","1","0","0","false"
"random-risk-vs-balanced","0","181","c04","c19","jev","jev","wrong_guess","1","2","4","0","0","false"
"random-risk-vs-balanced","0","182","c04","c20","human","jev","wrong_guess","1","1","3","0","0","false"
"random-risk-vs-balanced","0","183","c04","c20","jev","jev","wrong_guess","0","1","2","0","0","false"
"random-risk-vs-balanced","0","184","c04","c21","human","jev","wrong_guess","0","0","1","0","0","false"
"random-risk-vs-balanced","0","185","c04","c21","jev","jev","wrong_guess","0","1","2","0","0","false"
"random-risk-vs-balanced","0","186","c04","c22","human","jev","wrong_guess","0","0","1","0","0","false"
"random-risk-vs-balanced","0","187","c04","c22","jev","jev","wrong_guess","1","2","4","0","0","false"
"random-risk-vs-balanced","0","188","c04","c23","human","jev","wrong_guess","1","1","3","0","0","false"
"random-risk-vs-balanced","0","189","c04","c23","jev","jev","wrong_guess","0","1","2","0","0","false"
"random-risk-vs-balanced","0","190","c04","c24","human","jev","wrong_guess","0","0","1","0","0","false"
"random-risk-vs-balanced","0","191","c04","c24","jev","jev","wrong_guess","0","1","2","0","0","false"
"random-risk-vs-balanced","0","192","c05","c01","human","jev","wrong_guess","0","0","1","0","0","false"
"random-risk-vs-balanced","0","193","c05","c01","jev","jev","wrong_guess","0","1","2","0","0","false"
"random-risk-vs-balanced","0","194","c05","c02","human","jev","wrong_guess","0","0","1","0","0","false"
"random-risk-vs-balanced","0","195","c05","c02","jev","jev","wrong_guess","0","1","2","0","0","false"
"random-risk-vs-balanced","0","196","c05","c03","human","jev","wrong_guess","0","0","1","0","0","false"
"random-risk-vs-balanced","0","197","c05","c03","jev","jev","wrong_guess","0","1","2","0","0","false"
"random-risk-vs-balanced","0","198","c05","c04","human","jev","wrong_guess","0","0","1","0","0","false"
"random-risk-vs-balanced","0","199","c05","c04","jev","jev","wrong_guess","1","2","4","0","0","false"
"random-risk-vs-balanced","0","200","c05","c05","human","human","correct_guess","2","2","5","0","0","false"
"random-risk-vs-balanced","0","201","c05","c05","jev","human","correct_guess","3","4","8","0","0","false"
"random-risk-vs-balanced","0","202","c05","c06","human","human","correct_guess","0","0","1","0","0","false"
"random-risk-vs-balanced","0","203","c05","c06","jev","jev","wrong_guess","1","2","4","0","0","false"
"random-risk-vs-balanced","0","204","c05","c07","human","jev","wrong_guess","1","1","3","0","0","false"
"random-risk-vs-balanced","0","205","c05","c07","jev","jev","wrong_guess","0","1","2","0","0","false"
"random-risk-vs-balanced","0","206","c05","c08","human","jev","wrong_guess","1","1","3","0","0","false"
"random-risk-vs-balanced","0","207","c05","c08","jev","jev","wrong_guess","1","2","4","0","0","false"
"random-risk-vs-balanced","0","208","c05","c09","human","jev","wrong_guess","0","0","1","0","0","false"
"random-risk-vs-balanced","0","209","c05","c09","jev","jev","wrong_guess","0","1","2","0","0","false"
"random-risk-vs-balanced","0","210","c05","c10","human","human","correct_guess","4","4","9","0","0","false"
"random-risk-vs-balanced","0","211","c05","c10","jev","jev","wrong_guess","0","1","2","0","0","false"
"random-risk-vs-balanced","0","212","c05","c11","human","jev","wrong_guess","0","0","1","0","0","false"
"random-risk-vs-balanced","0","213","c05","c11","jev","jev","wrong_guess","0","1","2","0","0","false"
"random-risk-vs-balanced","0","214","c05","c12","human","jev","wrong_guess","0","0","1","0","0","false"
"random-risk-vs-balanced","0","215","c05","c12","jev","jev","wrong_guess","0","1","2","0","0","false"
"random-risk-vs-balanced","0","216","c05","c13","human","jev","wrong_guess","0","0","1","0","0","false"
"random-risk-vs-balanced","0","217","c05","c13","jev","jev","wrong_guess","0","1","2","0","0","false"
"random-risk-vs-balanced","0","218","c05","c14","human","jev","wrong_guess","2","2","5","0","0","false"
"random-risk-vs-balanced","0","219","c05","c14","jev","jev","wrong_guess","0","1","2","0","0","false"
"random-risk-vs-balanced","0","220","c05","c15","human","jev","wrong_guess","4","4","9","0","0","false"
"random-risk-vs-balanced","0","221","c05","c15","jev","jev","wrong_guess","0","1","2","0","0","false"
"random-risk-vs-balanced","0","222","c05","c16","human","jev","wrong_guess","1","1","3","0","0","false"
"random-risk-vs-balanced","0","223","c05","c16","jev","jev","wrong_guess","0","1","2","0","0","false"
"random-risk-vs-balanced","0","224","c05","c17","human","jev","wrong_guess","0","0","1","0","0","false"
"random-risk-vs-balanced","0","225","c05","c17","jev","jev","wrong_guess","0","1","2","0","0","false"
"random-risk-vs-balanced","0","226","c05","c18","human","jev","wrong_guess","2","2","5","0","0","false"
"random-risk-vs-balanced","0","227","c05","c18","jev","jev","wrong_guess","0","1","2","0","0","false"
"random-risk-vs-balanced","0","228","c05","c19","human","jev","wrong_guess","0","0","1","0","0","false"
"random-risk-vs-balanced","0","229","c05","c19","jev","jev","wrong_guess","1","2","4","0","0","false"
"random-risk-vs-balanced","0","230","c05","c20","human","human","correct_guess","1","1","3","0","0","false"
"random-risk-vs-balanced","0","231","c05","c20","jev","jev","wrong_guess","0","1","2","0","0","false"
"random-risk-vs-balanced","0","232","c05","c21","human","jev","wrong_guess","0","0","1","0","0","false"
"random-risk-vs-balanced","0","233","c05","c21","jev","jev","wrong_guess","0","1","2","0","0","false"
"random-risk-vs-balanced","0","234","c05","c22","human","jev","wrong_guess","0","0","1","0","0","false"
"random-risk-vs-balanced","0","235","c05","c22","jev","jev","wrong_guess","0","1","2","0","0","false"
"random-risk-vs-balanced","0","236","c05","c23","human","jev","wrong_guess","1","1","3","0","0","false"
"random-risk-vs-balanced","0","237","c05","c23","jev","human","correct_guess","1","2","4","0","0","false"
"random-risk-vs-balanced","0","238","c05","c24","human","jev","wrong_guess","0","0","1","0","0","false"
"random-risk-vs-balanced","0","239","c05","c24","jev","jev","wrong_guess","0","1","2","0","0","false"
"random-risk-vs-balanced","0","240","c06","c01","human","jev","wrong_guess","0","0","1","0","0","false"
"random-risk-vs-balanced","0","241","c06","c01","jev","jev","wrong_guess","0","1","2","0","0","false"
"random-risk-vs-balanced","0","242","c06","c02","human","jev","wrong_guess","2","2","5","0","0","false"
"random-risk-vs-balanced","0","243","c06","c02","jev","jev","wrong_guess","0","1","2","0","0","false"
"random-risk-vs-balanced","0","244","c06","c03","human","human","correct_guess","5","5","11","0","0","false"
"random-risk-vs-balanced","0","245","c06","c03","jev","jev","wrong_guess","0","1","2","0","0","false"
"random-risk-vs-balanced","0","246","c06","c04","human","jev","wrong_guess","0","0","1","0","0","false"
"random-risk-vs-balanced","0","247","c06","c04","jev","human","correct_guess","1","2","4","0","0","false"
"random-risk-vs-balanced","0","248","c06","c05","human","human","correct_guess","4","4","9","0","0","false"
"random-risk-vs-balanced","0","249","c06","c05","jev","jev","wrong_guess","0","1","2","0","0","false"
"random-risk-vs-balanced","0","250","c06","c06","human","jev","wrong_guess","1","1","3","0","0","false"
"random-risk-vs-balanced","0","251","c06","c06","jev","jev","wrong_guess","0","1","2","0","0","false"
"random-risk-vs-balanced","0","252","c06","c07","human","jev","wrong_guess","0","0","1","0","0","false"
"random-risk-vs-balanced","0","253","c06","c07","jev","jev","wrong_guess","0","1","2","0","0","false"
"random-risk-vs-balanced","0","254","c06","c08","human","human","correct_guess","4","4","9","0","0","false"
"random-risk-vs-balanced","0","255","c06","c08","jev","jev","wrong_guess","0","1","2","0","0","false"
"random-risk-vs-balanced","0","256","c06","c09","human","jev","wrong_guess","0","0","1","0","0","false"
"random-risk-vs-balanced","0","257","c06","c09","jev","human","correct_guess","0","1","2","0","0","false"
"random-risk-vs-balanced","0","258","c06","c10","human","jev","wrong_guess","0","0","1","0","0","false"
"random-risk-vs-balanced","0","259","c06","c10","jev","jev","wrong_guess","1","2","4","0","0","false"
"random-risk-vs-balanced","0","260","c06","c11","human","jev","wrong_guess","0","0","1","0","0","false"
"random-risk-vs-balanced","0","261","c06","c11","jev","jev","wrong_guess","0","1","2","0","0","false"
"random-risk-vs-balanced","0","262","c06","c12","human","jev","wrong_guess","0","0","1","0","0","false"
"random-risk-vs-balanced","0","263","c06","c12","jev","human","correct_guess","4","5","10","0","0","false"
"random-risk-vs-balanced","0","264","c06","c13","human","jev","wrong_guess","0","0","1","0","0","false"
"random-risk-vs-balanced","0","265","c06","c13","jev","jev","wrong_guess","0","1","2","0","0","false"
"random-risk-vs-balanced","0","266","c06","c14","human","jev","wrong_guess","1","1","3","0","0","false"
"random-risk-vs-balanced","0","267","c06","c14","jev","human","correct_guess","3","4","8","0","0","false"
"random-risk-vs-balanced","0","268","c06","c15","human","jev","wrong_guess","1","1","3","0","0","false"
"random-risk-vs-balanced","0","269","c06","c15","jev","jev","wrong_guess","0","1","2","0","0","false"
"random-risk-vs-balanced","0","270","c06","c16","human","jev","wrong_guess","2","2","5","0","0","false"
"random-risk-vs-balanced","0","271","c06","c16","jev","jev","wrong_guess","0","1","2","0","0","false"
"random-risk-vs-balanced","0","272","c06","c17","human","jev","wrong_guess","0","0","1","0","0","false"
"random-risk-vs-balanced","0","273","c06","c17","jev","jev","wrong_guess","0","1","2","0","0","false"
"random-risk-vs-balanced","0","274","c06","c18","human","jev","wrong_guess","0","0","1","0","0","false"
"random-risk-vs-balanced","0","275","c06","c18","jev","jev","wrong_guess","1","2","4","0","0","false"
"random-risk-vs-balanced","0","276","c06","c19","human","jev","wrong_guess","0","0","1","0","0","false"
"random-risk-vs-balanced","0","277","c06","c19","jev","jev","wrong_guess","0","1","2","0","0","false"
"random-risk-vs-balanced","0","278","c06","c20","human","jev","wrong_guess","1","1","3","0","0","false"
"random-risk-vs-balanced","0","279","c06","c20","jev","jev","wrong_guess","2","3","6","0","0","false"
"random-risk-vs-balanced","0","280","c06","c21","human","jev","wrong_guess","1","1","3","0","0","false"
"random-risk-vs-balanced","0","281","c06","c21","jev","jev","wrong_guess","2","3","6","0","0","false"
"random-risk-vs-balanced","0","282","c06","c22","human","jev","wrong_guess","5","5","11","0","0","false"
"random-risk-vs-balanced","0","283","c06","c22","jev","jev","wrong_guess","1","2","4","0","0","false"
"random-risk-vs-balanced","0","284","c06","c23","human","jev","wrong_guess","2","2","5","0","0","false"
"random-risk-vs-balanced","0","285","c06","c23","jev","jev","wrong_guess","0","1","2","0","0","false"
"random-risk-vs-balanced","0","286","c06","c24","human","jev","wrong_guess","0","0","1","0","0","false"
"random-risk-vs-balanced","0","287","c06","c24","jev","jev","wrong_guess","0","1","2","0","0","false"
"random-risk-vs-balanced","0","288","c07","c01","human","human","correct_guess","0","0","1","0","0","false"
"random-risk-vs-balanced","0","289","c07","c01","jev","jev","wrong_guess","0","1","2","0","0","false"
"random-risk-vs-balanced","0","290","c07","c02","human","jev","wrong_guess","0","0","1","0","0","false"
"random-risk-vs-balanced","0","291","c07","c02","jev","jev","wrong_guess","0","1","2","0","0","false"
"random-risk-vs-balanced","0","292","c07","c03","human","human","correct_guess","2","2","5","0","0","false"
"random-risk-vs-balanced","0","293","c07","c03","jev","jev","wrong_guess","0","1","2","0","0","false"
"random-risk-vs-balanced","0","294","c07","c04","human","jev","wrong_guess","0","0","1","0","0","false"
"random-risk-vs-balanced","0","295","c07","c04","jev","jev","wrong_guess","0","1","2","0","0","false"
"random-risk-vs-balanced","0","296","c07","c05","human","jev","correct_guess","5","4","10","0","0","false"
"random-risk-vs-balanced","0","297","c07","c05","jev","jev","correct_guess","4","4","9","0","0","false"
"random-risk-vs-balanced","0","298","c07","c06","human","jev","wrong_guess","2","2","5","0","0","false"
"random-risk-vs-balanced","0","299","c07","c06","jev","jev","wrong_guess","0","1","2","0","0","false"
"random-risk-vs-balanced","0","300","c07","c07","human","jev","wrong_guess","2","2","5","0","0","false"
"random-risk-vs-balanced","0","301","c07","c07","jev","jev","wrong_guess","0","1","2","0","0","false"
"random-risk-vs-balanced","0","302","c07","c08","human","jev","wrong_guess","1","1","3","0","0","false"
"random-risk-vs-balanced","0","303","c07","c08","jev","jev","wrong_guess","0","1","2","0","0","false"
"random-risk-vs-balanced","0","304","c07","c09","human","jev","wrong_guess","0","0","1","0","0","false"
"random-risk-vs-balanced","0","305","c07","c09","jev","jev","wrong_guess","1","2","4","0","0","false"
"random-risk-vs-balanced","0","306","c07","c10","human","jev","wrong_guess","0","0","1","0","0","false"
"random-risk-vs-balanced","0","307","c07","c10","jev","jev","wrong_guess","0","1","2","0","0","false"
"random-risk-vs-balanced","0","308","c07","c11","human","jev","wrong_guess","2","2","5","0","0","false"
"random-risk-vs-balanced","0","309","c07","c11","jev","jev","wrong_guess","1","2","4","0","0","false"
"random-risk-vs-balanced","0","310","c07","c12","human","jev","wrong_guess","0","0","1","0","0","false"
"random-risk-vs-balanced","0","311","c07","c12","jev","jev","wrong_guess","0","1","2","0","0","false"
"random-risk-vs-balanced","0","312","c07","c13","human","jev","wrong_guess","0","0","1","0","0","false"
"random-risk-vs-balanced","0","313","c07","c13","jev","jev","wrong_guess","0","1","2","0","0","false"
"random-risk-vs-balanced","0","314","c07","c14","human","jev","wrong_guess","0","0","1","0","0","false"
"random-risk-vs-balanced","0","315","c07","c14","jev","jev","wrong_guess","0","1","2","0","0","false"
"random-risk-vs-balanced","0","316","c07","c15","human","jev","wrong_guess","0","0","1","0","0","false"
"random-risk-vs-balanced","0","317","c07","c15","jev","jev","wrong_guess","0","1","2","0","0","false"
"random-risk-vs-balanced","0","318","c07","c16","human","jev","wrong_guess","1","1","3","0","0","false"
"random-risk-vs-balanced","0","319","c07","c16","jev","jev","wrong_guess","0","1","2","0","0","false"
"random-risk-vs-balanced","0","320","c07","c17","human","jev","wrong_guess","1","1","3","0","0","false"
"random-risk-vs-balanced","0","321","c07","c17","jev","jev","wrong_guess","0","1","2","0","0","false"
"random-risk-vs-balanced","0","322","c07","c18","human","jev","wrong_guess","0","0","1","0","0","false"
"random-risk-vs-balanced","0","323","c07","c18","jev","jev","wrong_guess","0","1","2","0","0","false"
"random-risk-vs-balanced","0","324","c07","c19","human","jev","wrong_guess","0","0","1","0","0","false"
"random-risk-vs-balanced","0","325","c07","c19","jev","jev","wrong_guess","1","2","4","0","0","false"
"random-risk-vs-balanced","0","326","c07","c20","human","jev","wrong_guess","0","0","1","0","0","false"
"random-risk-vs-balanced","0","327","c07","c20","jev","human","correct_guess","0","1","2","0","0","false"
"random-risk-vs-balanced","0","328","c07","c21","human","jev","wrong_guess","2","2","5","0","0","false"
"random-risk-vs-balanced","0","329","c07","c21","jev","jev","wrong_guess","1","2","4","0","0","false"
"random-risk-vs-balanced","0","330","c07","c22","human","jev","wrong_guess","0","0","1","0","0","false"
"random-risk-vs-balanced","0","331","c07","c22","jev","jev","wrong_guess","0","1","2","0","0","false"
"random-risk-vs-balanced","0","332","c07","c23","human","jev","wrong_guess","0","0","1","0","0","false"
"random-risk-vs-balanced","0","333","c07","c23","jev","jev","wrong_guess","0","1","2","0","0","false"
"random-risk-vs-balanced","0","334","c07","c24","human","jev","wrong_guess","2","2","5","0","0","false"
"random-risk-vs-balanced","0","335","c07","c24","jev","jev","wrong_guess","0","1","2","0","0","false"
"random-risk-vs-balanced","0","336","c08","c01","human","human","correct_guess","0","0","1","0","0","false"
"random-risk-vs-balanced","0","337","c08","c01","jev","jev","wrong_guess","0","1","2","0","0","false"
"random-risk-vs-balanced","0","338","c08","c02","human","jev","wrong_guess","2","2","5","0","0","false"
"random-risk-vs-balanced","0","339","c08","c02","jev","jev","wrong_guess","0","1","2","0","0","false"
"random-risk-vs-balanced","0","340","c08","c03","human","jev","wrong_guess","1","1","3","0","0","false"
"random-risk-vs-balanced","0","341","c08","c03","jev","jev","wrong_guess","1","2","4","0","0","false"
"random-risk-vs-balanced","0","342","c08","c04","human","jev","wrong_guess","2","2","5","0","0","false"
"random-risk-vs-balanced","0","343","c08","c04","jev","jev","wrong_guess","0","1","2","0","0","false"
"random-risk-vs-balanced","0","344","c08","c05","human","jev","wrong_guess","0","0","1","0","0","false"
"random-risk-vs-balanced","0","345","c08","c05","jev","jev","wrong_guess","0","1","2","0","0","false"
"random-risk-vs-balanced","0","346","c08","c06","human","human","correct_guess","4","4","9","0","0","false"
"random-risk-vs-balanced","0","347","c08","c06","jev","human","correct_guess","4","5","10","0","0","false"
"random-risk-vs-balanced","0","348","c08","c07","human","jev","wrong_guess","0","0","1","0","0","false"
"random-risk-vs-balanced","0","349","c08","c07","jev","jev","wrong_guess","0","1","2","0","0","false"
"random-risk-vs-balanced","0","350","c08","c08","human","jev","wrong_guess","0","0","1","0","0","false"
"random-risk-vs-balanced","0","351","c08","c08","jev","jev","wrong_guess","1","2","4","0","0","false"
"random-risk-vs-balanced","0","352","c08","c09","human","jev","wrong_guess","0","0","1","0","0","false"
"random-risk-vs-balanced","0","353","c08","c09","jev","jev","wrong_guess","0","1","2","0","0","false"
"random-risk-vs-balanced","0","354","c08","c10","human","jev","wrong_guess","4","4","9","0","0","false"
"random-risk-vs-balanced","0","355","c08","c10","jev","jev","correct_guess","5","5","11","0","0","false"
"random-risk-vs-balanced","0","356","c08","c11","human","human","correct_guess","3","3","7","0","0","false"
"random-risk-vs-balanced","0","357","c08","c11","jev","jev","wrong_guess","0","1","2","0","0","false"
"random-risk-vs-balanced","0","358","c08","c12","human","jev","wrong_guess","0","0","1","0","0","false"
"random-risk-vs-balanced","0","359","c08","c12","jev","jev","wrong_guess","0","1","2","0","0","false"
"random-risk-vs-balanced","0","360","c08","c13","human","jev","wrong_guess","0","0","1","0","0","false"
"random-risk-vs-balanced","0","361","c08","c13","jev","jev","wrong_guess","0","1","2","0","0","false"
"random-risk-vs-balanced","0","362","c08","c14","human","jev","wrong_guess","0","0","1","0","0","false"
"random-risk-vs-balanced","0","363","c08","c14","jev","jev","wrong_guess","3","4","8","0","0","false"
"random-risk-vs-balanced","0","364","c08","c15","human","jev","wrong_guess","0","0","1","0","0","false"
"random-risk-vs-balanced","0","365","c08","c15","jev","jev","wrong_guess","0","1","2","0","0","false"
"random-risk-vs-balanced","0","366","c08","c16","human","jev","wrong_guess","1","1","3","0","0","false"
"random-risk-vs-balanced","0","367","c08","c16","jev","jev","wrong_guess","1","2","4","0","0","false"
"random-risk-vs-balanced","0","368","c08","c17","human","jev","wrong_guess","0","0","1","0","0","false"
"random-risk-vs-balanced","0","369","c08","c17","jev","jev","wrong_guess","0","1","2","0","0","false"
"random-risk-vs-balanced","0","370","c08","c18","human","jev","wrong_guess","1","1","3","0","0","false"
"random-risk-vs-balanced","0","371","c08","c18","jev","jev","wrong_guess","0","1","2","0","0","false"
"random-risk-vs-balanced","0","372","c08","c19","human","jev","wrong_guess","0","0","1","0","0","false"
"random-risk-vs-balanced","0","373","c08","c19","jev","jev","wrong_guess","0","1","2","0","0","false"
"random-risk-vs-balanced","0","374","c08","c20","human","jev","wrong_guess","0","0","1","0","0","false"
"random-risk-vs-balanced","0","375","c08","c20","jev","jev","wrong_guess","0","1","2","0","0","false"
"random-risk-vs-balanced","0","376","c08","c21","human","jev","wrong_guess","0","0","1","0","0","false"
"random-risk-vs-balanced","0","377","c08","c21","jev","human","correct_guess","3","4","8","0","0","false"
"random-risk-vs-balanced","0","378","c08","c22","human","jev","wrong_guess","0","0","1","0","0","false"
"random-risk-vs-balanced","0","379","c08","c22","jev","jev","wrong_guess","0","1","2","0","0","false"
"random-risk-vs-balanced","0","380","c08","c23","human","jev","wrong_guess","0","0","1","0","0","false"
"random-risk-vs-balanced","0","381","c08","c23","jev","jev","wrong_guess","1","2","4","0","0","false"
"random-risk-vs-balanced","0","382","c08","c24","human","jev","wrong_guess","0","0","1","0","0","false"
"random-risk-vs-balanced","0","383","c08","c24","jev","jev","wrong_guess","0","1","2","0","0","false"
"random-risk-vs-balanced","0","384","c09","c01","human","jev","wrong_guess","0","0","1","0","0","false"
"random-risk-vs-balanced","0","385","c09","c01","jev","jev","wrong_guess","0","1","2","0","0","false"
"random-risk-vs-balanced","0","386","c09","c02","human","jev","correct_guess","5","4","10","0","0","false"
"random-risk-vs-balanced","0","387","c09","c02","jev","jev","wrong_guess","0","1","2","0","0","false"
"random-risk-vs-balanced","0","388","c09","c03","human","jev","wrong_guess","1","1","3","0","0","false"
"random-risk-vs-balanced","0","389","c09","c03","jev","jev","wrong_guess","1","2","4","0","0","false"
"random-risk-vs-balanced","0","390","c09","c04","human","jev","wrong_guess","1","1","3","0","0","false"
"random-risk-vs-balanced","0","391","c09","c04","jev","jev","correct_guess","4","4","9","0","0","false"
"random-risk-vs-balanced","0","392","c09","c05","human","jev","wrong_guess","0","0","1","0","0","false"
"random-risk-vs-balanced","0","393","c09","c05","jev","jev","wrong_guess","0","1","2","0","0","false"
"random-risk-vs-balanced","0","394","c09","c06","human","human","correct_guess","1","1","3","0","0","false"
"random-risk-vs-balanced","0","395","c09","c06","jev","jev","wrong_guess","0","1","2","0","0","false"
"random-risk-vs-balanced","0","396","c09","c07","human","jev","wrong_guess","2","2","5","0","0","false"
"random-risk-vs-balanced","0","397","c09","c07","jev","jev","wrong_guess","0","1","2","0","0","false"
"random-risk-vs-balanced","0","398","c09","c08","human","jev","wrong_guess","0","0","1","0","0","false"
"random-risk-vs-balanced","0","399","c09","c08","jev","jev","wrong_guess","1","2","4","0","0","false"
"random-risk-vs-balanced","0","400","c09","c09","human","human","correct_guess","1","1","3","0","0","false"
"random-risk-vs-balanced","0","401","c09","c09","jev","jev","wrong_guess","0","1","2","0","0","false"
"random-risk-vs-balanced","0","402","c09","c10","human","jev","wrong_guess","0","0","1","0","0","false"
"random-risk-vs-balanced","0","403","c09","c10","jev","human","correct_guess","1","2","4","0","0","false"
"random-risk-vs-balanced","0","404","c09","c11","human","jev","wrong_guess","3","3","7","0","0","false"
"random-risk-vs-balanced","0","405","c09","c11","jev","jev","wrong_guess","0","1","2","0","0","false"
"random-risk-vs-balanced","0","406","c09","c12","human","jev","wrong_guess","2","2","5","0","0","false"
"random-risk-vs-balanced","0","407","c09","c12","jev","jev","wrong_guess","0","1","2","0","0","false"
"random-risk-vs-balanced","0","408","c09","c13","human","jev","wrong_guess","0","0","1","0","0","false"
"random-risk-vs-balanced","0","409","c09","c13","jev","jev","wrong_guess","0","1","2","0","0","false"
"random-risk-vs-balanced","0","410","c09","c14","human","jev","wrong_guess","0","0","1","0","0","false"
"random-risk-vs-balanced","0","411","c09","c14","jev","jev","wrong_guess","0","1","2","0","0","false"
"random-risk-vs-balanced","0","412","c09","c15","human","jev","wrong_guess","1","1","3","0","0","false"
"random-risk-vs-balanced","0","413","c09","c15","jev","human","correct_guess","0","1","2","0","0","false"
"random-risk-vs-balanced","0","414","c09","c16","human","human","correct_guess","2","2","5","0","0","false"
"random-risk-vs-balanced","0","415","c09","c16","jev","jev","wrong_guess","0","1","2","0","0","false"
"random-risk-vs-balanced","0","416","c09","c17","human","jev","wrong_guess","0","0","1","0","0","false"
"random-risk-vs-balanced","0","417","c09","c17","jev","human","correct_guess","0","1","2","0","0","false"
"random-risk-vs-balanced","0","418","c09","c18","human","jev","wrong_guess","0","0","1","0","0","false"
"random-risk-vs-balanced","0","419","c09","c18","jev","jev","wrong_guess","0","1","2","0","0","false"
"random-risk-vs-balanced","0","420","c09","c19","human","human","correct_guess","0","0","1","0","0","false"
"random-risk-vs-balanced","0","421","c09","c19","jev","jev","wrong_guess","2","3","6","0","0","false"
"random-risk-vs-balanced","0","422","c09","c20","human","jev","wrong_guess","0","0","1","0","0","false"
"random-risk-vs-balanced","0","423","c09","c20","jev","jev","wrong_guess","0","1","2","0","0","false"
"random-risk-vs-balanced","0","424","c09","c21","human","jev","wrong_guess","0","0","1","0","0","false"
"random-risk-vs-balanced","0","425","c09","c21","jev","jev","wrong_guess","0","1","2","0","0","false"
"random-risk-vs-balanced","0","426","c09","c22","human","jev","wrong_guess","1","1","3","0","0","false"
"random-risk-vs-balanced","0","427","c09","c22","jev","jev","wrong_guess","1","2","4","0","0","false"
"random-risk-vs-balanced","0","428","c09","c23","human","jev","wrong_guess","0","0","1","0","0","false"
"random-risk-vs-balanced","0","429","c09","c23","jev","jev","wrong_guess","0","1","2","0","0","false"
"random-risk-vs-balanced","0","430","c09","c24","human","jev","wrong_guess","0","0","1","0","0","false"
"random-risk-vs-balanced","0","431","c09","c24","jev","jev","wrong_guess","0","1","2","0","0","false"
"random-risk-vs-balanced","0","432","c10","c01","human","jev","wrong_guess","0","0","1","0","0","false"
"random-risk-vs-balanced","0","433","c10","c01","jev","jev","wrong_guess","0","1","2","0","0","false"
"random-risk-vs-balanced","0","434","c10","c02","human","human","correct_guess","1","1","3","0","0","false"
"random-risk-vs-balanced","0","435","c10","c02","jev","jev","wrong_guess","1","2","4","0","0","false"
"random-risk-vs-balanced","0","436","c10","c03","human","jev","wrong_guess","0","0","1","0","0","false"
"random-risk-vs-balanced","0","437","c10","c03","jev","jev","wrong_guess","0","1","2","0","0","false"
"random-risk-vs-balanced","0","438","c10","c04","human","jev","wrong_guess","1","1","3","0","0","false"
"random-risk-vs-balanced","0","439","c10","c04","jev","jev","wrong_guess","0","1","2","0","0","false"
"random-risk-vs-balanced","0","440","c10","c05","human","human","correct_guess","0","0","1","0","0","false"
"random-risk-vs-balanced","0","441","c10","c05","jev","jev","wrong_guess","0","1","2","0","0","false"
"random-risk-vs-balanced","0","442","c10","c06","human","jev","wrong_guess","0","0","1","0","0","false"
"random-risk-vs-balanced","0","443","c10","c06","jev","human","correct_guess","0","1","2","0","0","false"
"random-risk-vs-balanced","0","444","c10","c07","human","jev","wrong_guess","0","0","1","0","0","false"
"random-risk-vs-balanced","0","445","c10","c07","jev","jev","wrong_guess","0","1","2","0","0","false"
"random-risk-vs-balanced","0","446","c10","c08","human","jev","wrong_guess","3","3","7","0","0","false"
"random-risk-vs-balanced","0","447","c10","c08","jev","jev","wrong_guess","0","1","2","0","0","false"
"random-risk-vs-balanced","0","448","c10","c09","human","jev","wrong_guess","0","0","1","0","0","false"
"random-risk-vs-balanced","0","449","c10","c09","jev","jev","wrong_guess","0","1","2","0","0","false"
"random-risk-vs-balanced","0","450","c10","c10","human","jev","wrong_guess","0","0","1","0","0","false"
"random-risk-vs-balanced","0","451","c10","c10","jev","jev","wrong_guess","2","3","6","0","0","false"
"random-risk-vs-balanced","0","452","c10","c11","human","jev","wrong_guess","2","2","5","0","0","false"
"random-risk-vs-balanced","0","453","c10","c11","jev","human","correct_guess","2","3","6","0","0","false"
"random-risk-vs-balanced","0","454","c10","c12","human","human","correct_guess","3","3","7","0","0","false"
"random-risk-vs-balanced","0","455","c10","c12","jev","jev","wrong_guess","0","1","2","0","0","false"
"random-risk-vs-balanced","0","456","c10","c13","human","jev","wrong_guess","0","0","1","0","0","false"
"random-risk-vs-balanced","0","457","c10","c13","jev","jev","wrong_guess","0","1","2","0","0","false"
"random-risk-vs-balanced","0","458","c10","c14","human","jev","wrong_guess","1","1","3","0","0","false"
"random-risk-vs-balanced","0","459","c10","c14","jev","jev","wrong_guess","1","2","4","0","0","false"
"random-risk-vs-balanced","0","460","c10","c15","human","jev","wrong_guess","0","0","1","0","0","false"
"random-risk-vs-balanced","0","461","c10","c15","jev","jev","wrong_guess","1","2","4","0","0","false"
"random-risk-vs-balanced","0","462","c10","c16","human","jev","wrong_guess","0","0","1","0","0","false"
"random-risk-vs-balanced","0","463","c10","c16","jev","human","correct_guess","0","1","2","0","0","false"
"random-risk-vs-balanced","0","464","c10","c17","human","jev","wrong_guess","1","1","3","0","0","false"
"random-risk-vs-balanced","0","465","c10","c17","jev","jev","wrong_guess","0","1","2","0","0","false"
"random-risk-vs-balanced","0","466","c10","c18","human","jev","wrong_guess","1","1","3","0","0","false"
"random-risk-vs-balanced","0","467","c10","c18","jev","jev","wrong_guess","1","2","4","0","0","false"
"random-risk-vs-balanced","0","468","c10","c19","human","jev","wrong_guess","0","0","1","0","0","false"
"random-risk-vs-balanced","0","469","c10","c19","jev","jev","wrong_guess","2","3","6","0","0","false"
"random-risk-vs-balanced","0","470","c10","c20","human","jev","wrong_guess","0","0","1","0","0","false"
"random-risk-vs-balanced","0","471","c10","c20","jev","jev","wrong_guess","0","1","2","0","0","false"
"random-risk-vs-balanced","0","472","c10","c21","human","jev","wrong_guess","0","0","1","0","0","false"
"random-risk-vs-balanced","0","473","c10","c21","jev","jev","wrong_guess","0","1","2","0","0","false"
"random-risk-vs-balanced","0","474","c10","c22","human","jev","wrong_guess","0","0","1","0","0","false"
"random-risk-vs-balanced","0","475","c10","c22","jev","jev","wrong_guess","3","4","8","0","0","false"
"random-risk-vs-balanced","0","476","c10","c23","human","jev","wrong_guess","0","0","1","0","0","false"
"random-risk-vs-balanced","0","477","c10","c23","jev","jev","wrong_guess","0","1","2","0","0","false"
"random-risk-vs-balanced","0","478","c10","c24","human","jev","wrong_guess","0","0","1","0","0","false"
"random-risk-vs-balanced","0","479","c10","c24","jev","jev","wrong_guess","0","1","2","0","0","false"
"random-risk-vs-balanced","0","480","c11","c01","human","jev","wrong_guess","0","0","1","0","0","false"
"random-risk-vs-balanced","0","481","c11","c01","jev","jev","wrong_guess","0","1","2","0","0","false"
"random-risk-vs-balanced","0","482","c11","c02","human","jev","wrong_guess","0","0","1","0","0","false"
"random-risk-vs-balanced","0","483","c11","c02","jev","jev","wrong_guess","0","1","2","0","0","false"
"random-risk-vs-balanced","0","484","c11","c03","human","jev","wrong_guess","0","0","1","0","0","false"
"random-risk-vs-balanced","0","485","c11","c03","jev","jev","wrong_guess","1","2","4","0","0","false"
"random-risk-vs-balanced","0","486","c11","c04","human","jev","wrong_guess","0","0","1","0","0","false"
"random-risk-vs-balanced","0","487","c11","c04","jev","jev","wrong_guess","2","3","6","0","0","false"
"random-risk-vs-balanced","0","488","c11","c05","human","jev","wrong_guess","1","1","3","0","0","false"
"random-risk-vs-balanced","0","489","c11","c05","jev","jev","wrong_guess","0","1","2","0","0","false"
"random-risk-vs-balanced","0","490","c11","c06","human","jev","wrong_guess","0","0","1","0","0","false"
"random-risk-vs-balanced","0","491","c11","c06","jev","jev","wrong_guess","1","2","4","0","0","false"
"random-risk-vs-balanced","0","492","c11","c07","human","jev","wrong_guess","0","0","1","0","0","false"
"random-risk-vs-balanced","0","493","c11","c07","jev","jev","wrong_guess","2","3","6","0","0","false"
"random-risk-vs-balanced","0","494","c11","c08","human","jev","wrong_guess","0","0","1","0","0","false"
"random-risk-vs-balanced","0","495","c11","c08","jev","jev","wrong_guess","0","1","2","0","0","false"
"random-risk-vs-balanced","0","496","c11","c09","human","jev","wrong_guess","0","0","1","0","0","false"
"random-risk-vs-balanced","0","497","c11","c09","jev","jev","wrong_guess","0","1","2","0","0","false"
"random-risk-vs-balanced","0","498","c11","c10","human","human","correct_guess","3","3","7","0","0","false"
"random-risk-vs-balanced","0","499","c11","c10","jev","jev","wrong_guess","0","1","2","0","0","false"
"random-risk-vs-balanced","0","500","c11","c11","human","human","correct_guess","5","5","11","0","0","false"
"random-risk-vs-balanced","0","501","c11","c11","jev","jev","wrong_guess","2","3","6","0","0","false"
"random-risk-vs-balanced","0","502","c11","c12","human","jev","wrong_guess","5","5","11","0","0","false"
"random-risk-vs-balanced","0","503","c11","c12","jev","jev","wrong_guess","1","2","4","0","0","false"
"random-risk-vs-balanced","0","504","c11","c13","human","jev","wrong_guess","0","0","1","0","0","false"
"random-risk-vs-balanced","0","505","c11","c13","jev","jev","wrong_guess","1","2","4","0","0","false"
"random-risk-vs-balanced","0","506","c11","c14","human","jev","wrong_guess","0","0","1","0","0","false"
"random-risk-vs-balanced","0","507","c11","c14","jev","human","correct_guess","2","3","6","0","0","false"
"random-risk-vs-balanced","0","508","c11","c15","human","jev","wrong_guess","0","0","1","0","0","false"
"random-risk-vs-balanced","0","509","c11","c15","jev","jev","wrong_guess","0","1","2","0","0","false"
"random-risk-vs-balanced","0","510","c11","c16","human","jev","wrong_guess","1","1","3","0","0","false"
"random-risk-vs-balanced","0","511","c11","c16","jev","jev","wrong_guess","0","1","2","0","0","false"
"random-risk-vs-balanced","0","512","c11","c17","human","jev","wrong_guess","0","0","1","0","0","false"
"random-risk-vs-balanced","0","513","c11","c17","jev","jev","wrong_guess","0","1","2","0","0","false"
"random-risk-vs-balanced","0","514","c11","c18","human","jev","wrong_guess","1","1","3","0","0","false"
"random-risk-vs-balanced","0","515","c11","c18","jev","jev","wrong_guess","0","1","2","0","0","false"
"random-risk-vs-balanced","0","516","c11","c19","human","jev","wrong_guess","1","1","3","0","0","false"
"random-risk-vs-balanced","0","517","c11","c19","jev","jev","wrong_guess","0","1","2","0","0","false"
"random-risk-vs-balanced","0","518","c11","c20","human","jev","wrong_guess","0","0","1","0","0","false"
"random-risk-vs-balanced","0","519","c11","c20","jev","jev","wrong_guess","0","1","2","0","0","false"
"random-risk-vs-balanced","0","520","c11","c21","human","jev","wrong_guess","0","0","1","0","0","false"
"random-risk-vs-balanced","0","521","c11","c21","jev","jev","wrong_guess","0","1","2","0","0","false"
"random-risk-vs-balanced","0","522","c11","c22","human","jev","wrong_guess","0","0","1","0","0","false"
"random-risk-vs-balanced","0","523","c11","c22","jev","human","correct_guess","0","1","2","0","0","false"
"random-risk-vs-balanced","0","524","c11","c23","human","jev","wrong_guess","0","0","1","0","0","false"
"random-risk-vs-balanced","0","525","c11","c23","jev","jev","wrong_guess","0","1","2","0","0","false"
"random-risk-vs-balanced","0","526","c11","c24","human","human","correct_guess","0","0","1","0","0","false"
"random-risk-vs-balanced","0","527","c11","c24","jev","jev","wrong_guess","0","1","2","0","0","false"
"random-risk-vs-balanced","0","528","c12","c01","human","jev","wrong_guess","1","1","3","0","0","false"
"random-risk-vs-balanced","0","529","c12","c01","jev","jev","wrong_guess","0","1","2","0","0","false"
"random-risk-vs-balanced","0","530","c12","c02","human","human","correct_guess","0","0","1","0","0","false"
"random-risk-vs-balanced","0","531","c12","c02","jev","jev","wrong_guess","0","1","2","0","0","false"
"random-risk-vs-balanced","0","532","c12","c03","human","jev","wrong_guess","0","0","1","0","0","false"
"random-risk-vs-balanced","0","533","c12","c03","jev","jev","wrong_guess","0","1","2","0","0","false"
"random-risk-vs-balanced","0","534","c12","c04","human","jev","wrong_guess","0","0","1","0","0","false"
"random-risk-vs-balanced","0","535","c12","c04","jev","jev","wrong_guess","0","1","2","0","0","false"
"random-risk-vs-balanced","0","536","c12","c05","human","jev","wrong_guess","2","2","5","0","0","false"
"random-risk-vs-balanced","0","537","c12","c05","jev","jev","wrong_guess","0","1","2","0","0","false"
"random-risk-vs-balanced","0","538","c12","c06","human","jev","wrong_guess","0","0","1","0","0","false"
"random-risk-vs-balanced","0","539","c12","c06","jev","jev","wrong_guess","0","1","2","0","0","false"
"random-risk-vs-balanced","0","540","c12","c07","human","jev","wrong_guess","0","0","1","0","0","false"
"random-risk-vs-balanced","0","541","c12","c07","jev","jev","wrong_guess","1","2","4","0","0","false"
"random-risk-vs-balanced","0","542","c12","c08","human","jev","wrong_guess","0","0","1","0","0","false"
"random-risk-vs-balanced","0","543","c12","c08","jev","jev","wrong_guess","0","1","2","0","0","false"
"random-risk-vs-balanced","0","544","c12","c09","human","jev","wrong_guess","0","0","1","0","0","false"
"random-risk-vs-balanced","0","545","c12","c09","jev","jev","correct_guess","5","5","11","0","0","false"
"random-risk-vs-balanced","0","546","c12","c10","human","human","correct_guess","0","0","1","0","0","false"
"random-risk-vs-balanced","0","547","c12","c10","jev","human","correct_guess","0","1","2","0","0","false"
"random-risk-vs-balanced","0","548","c12","c11","human","jev","wrong_guess","0","0","1","0","0","false"
"random-risk-vs-balanced","0","549","c12","c11","jev","human","correct_guess","0","1","2","0","0","false"
"random-risk-vs-balanced","0","550","c12","c12","human","human","correct_guess","2","2","5","0","0","false"
"random-risk-vs-balanced","0","551","c12","c12","jev","jev","wrong_guess","3","4","8","0","0","false"
"random-risk-vs-balanced","0","552","c12","c13","human","jev","wrong_guess","0","0","1","0","0","false"
"random-risk-vs-balanced","0","553","c12","c13","jev","jev","wrong_guess","0","1","2","0","0","false"
"random-risk-vs-balanced","0","554","c12","c14","human","jev","wrong_guess","0","0","1","0","0","false"
"random-risk-vs-balanced","0","555","c12","c14","jev","human","correct_guess","0","1","2","0","0","false"
"random-risk-vs-balanced","0","556","c12","c15","human","jev","wrong_guess","0","0","1","0","0","false"
"random-risk-vs-balanced","0","557","c12","c15","jev","human","correct_guess","0","1","2","0","0","false"
"random-risk-vs-balanced","0","558","c12","c16","human","jev","wrong_guess","0","0","1","0","0","false"
"random-risk-vs-balanced","0","559","c12","c16","jev","jev","wrong_guess","0","1","2","0","0","false"
"random-risk-vs-balanced","0","560","c12","c17","human","jev","wrong_guess","1","1","3","0","0","false"
"random-risk-vs-balanced","0","561","c12","c17","jev","jev","wrong_guess","0","1","2","0","0","false"
"random-risk-vs-balanced","0","562","c12","c18","human","jev","wrong_guess","0","0","1","0","0","false"
"random-risk-vs-balanced","0","563","c12","c18","jev","jev","wrong_guess","1","2","4","0","0","false"
"random-risk-vs-balanced","0","564","c12","c19","human","jev","wrong_guess","0","0","1","0","0","false"
"random-risk-vs-balanced","0","565","c12","c19","jev","jev","wrong_guess","2","3","6","0","0","false"
"random-risk-vs-balanced","0","566","c12","c20","human","jev","wrong_guess","0","0","1","0","0","false"
"random-risk-vs-balanced","0","567","c12","c20","jev","jev","wrong_guess","0","1","2","0","0","false"
"random-risk-vs-balanced","0","568","c12","c21","human","jev","wrong_guess","0","0","1","0","0","false"
"random-risk-vs-balanced","0","569","c12","c21","jev","jev","wrong_guess","0","1","2","0","0","false"
"random-risk-vs-balanced","0","570","c12","c22","human","jev","wrong_guess","1","1","3","0","0","false"
"random-risk-vs-balanced","0","571","c12","c22","jev","jev","wrong_guess","0","1","2","0","0","false"
"random-risk-vs-balanced","0","572","c12","c23","human","human","correct_guess","0","0","1","0","0","false"
"random-risk-vs-balanced","0","573","c12","c23","jev","jev","wrong_guess","0","1","2","0","0","false"
"random-risk-vs-balanced","0","574","c12","c24","human","jev","wrong_guess","0","0","1","0","0","false"
"random-risk-vs-balanced","0","575","c12","c24","jev","jev","wrong_guess","0","1","2","0","0","false"
"random-risk-vs-balanced","0","576","c13","c01","human","human","correct_guess","4","4","9","0","0","false"
"random-risk-vs-balanced","0","577","c13","c01","jev","jev","wrong_guess","0","1","2","0","0","false"
"random-risk-vs-balanced","0","578","c13","c02","human","jev","wrong_guess","1","1","3","0","0","false"
"random-risk-vs-balanced","0","579","c13","c02","jev","human","correct_guess","3","4","8","0","0","false"
"random-risk-vs-balanced","0","580","c13","c03","human","jev","wrong_guess","1","1","3","0","0","false"
"random-risk-vs-balanced","0","581","c13","c03","jev","jev","wrong_guess","0","1","2","0","0","false"
"random-risk-vs-balanced","0","582","c13","c04","human","jev","wrong_guess","0","0","1","0","0","false"
"random-risk-vs-balanced","0","583","c13","c04","jev","jev","wrong_guess","0","1","2","0","0","false"
"random-risk-vs-balanced","0","584","c13","c05","human","jev","wrong_guess","0","0","1","0","0","false"
"random-risk-vs-balanced","0","585","c13","c05","jev","jev","wrong_guess","0","1","2","0","0","false"
"random-risk-vs-balanced","0","586","c13","c06","human","jev","wrong_guess","0","0","1","0","0","false"
"random-risk-vs-balanced","0","587","c13","c06","jev","jev","wrong_guess","0","1","2","0","0","false"
"random-risk-vs-balanced","0","588","c13","c07","human","jev","wrong_guess","0","0","1","0","0","false"
"random-risk-vs-balanced","0","589","c13","c07","jev","jev","wrong_guess","2","3","6","0","0","false"
"random-risk-vs-balanced","0","590","c13","c08","human","jev","wrong_guess","0","0","1","0","0","false"
"random-risk-vs-balanced","0","591","c13","c08","jev","jev","wrong_guess","0","1","2","0","0","false"
"random-risk-vs-balanced","0","592","c13","c09","human","jev","wrong_guess","2","2","5","0","0","false"
"random-risk-vs-balanced","0","593","c13","c09","jev","jev","wrong_guess","0","1","2","0","0","false"
"random-risk-vs-balanced","0","594","c13","c10","human","jev","wrong_guess","1","1","3","0","0","false"
"random-risk-vs-balanced","0","595","c13","c10","jev","jev","wrong_guess","0","1","2","0","0","false"
"random-risk-vs-balanced","0","596","c13","c11","human","jev","wrong_guess","0","0","1","0","0","false"
"random-risk-vs-balanced","0","597","c13","c11","jev","jev","wrong_guess","1","2","4","0","0","false"
"random-risk-vs-balanced","0","598","c13","c12","human","jev","wrong_guess","0","0","1","0","0","false"
"random-risk-vs-balanced","0","599","c13","c12","jev","jev","wrong_guess","0","1","2","0","0","false"
"random-risk-vs-balanced","0","600","c13","c13","human","jev","wrong_guess","1","1","3","0","0","false"
"random-risk-vs-balanced","0","601","c13","c13","jev","jev","wrong_guess","0","1","2","0","0","false"
"random-risk-vs-balanced","0","602","c13","c14","human","jev","wrong_guess","1","1","3","0","0","false"
"random-risk-vs-balanced","0","603","c13","c14","jev","jev","wrong_guess","3","4","8","0","0","false"
"random-risk-vs-balanced","0","604","c13","c15","human","jev","wrong_guess","0","0","1","0","0","false"
"random-risk-vs-balanced","0","605","c13","c15","jev","jev","wrong_guess","0","1","2","0","0","false"
"random-risk-vs-balanced","0","606","c13","c16","human","human","correct_guess","5","5","11","0","0","false"
"random-risk-vs-balanced","0","607","c13","c16","jev","jev","wrong_guess","0","1","2","0","0","false"
"random-risk-vs-balanced","0","608","c13","c17","human","jev","wrong_guess","0","0","1","0","0","false"
"random-risk-vs-balanced","0","609","c13","c17","jev","jev","wrong_guess","1","2","4","0","0","false"
"random-risk-vs-balanced","0","610","c13","c18","human","jev","wrong_guess","0","0","1","0","0","false"
"random-risk-vs-balanced","0","611","c13","c18","jev","jev","wrong_guess","0","1","2","0","0","false"
"random-risk-vs-balanced","0","612","c13","c19","human","jev","wrong_guess","0","0","1","0","0","false"
"random-risk-vs-balanced","0","613","c13","c19","jev","jev","wrong_guess","0","1","2","0","0","false"
"random-risk-vs-balanced","0","614","c13","c20","human","jev","wrong_guess","0","0","1","0","0","false"
"random-risk-vs-balanced","0","615","c13","c20","jev","jev","wrong_guess","4","5","10","0","0","false"
"random-risk-vs-balanced","0","616","c13","c21","human","human","correct_guess","4","4","9","0","0","false"
"random-risk-vs-balanced","0","617","c13","c21","jev","jev","wrong_guess","2","3","6","0","0","false"
"random-risk-vs-balanced","0","618","c13","c22","human","jev","wrong_guess","1","1","3","0","0","false"
"random-risk-vs-balanced","0","619","c13","c22","jev","jev","wrong_guess","0","1","2","0","0","false"
"random-risk-vs-balanced","0","620","c13","c23","human","human","correct_guess","5","5","11","0","0","false"
"random-risk-vs-balanced","0","621","c13","c23","jev","jev","wrong_guess","3","4","8","0","0","false"
"random-risk-vs-balanced","0","622","c13","c24","human","jev","wrong_guess","0","0","1","0","0","false"
"random-risk-vs-balanced","0","623","c13","c24","jev","jev","wrong_guess","0","1","2","0","0","false"
"random-risk-vs-balanced","0","624","c14","c01","human","jev","wrong_guess","0","0","1","0","0","false"
"random-risk-vs-balanced","0","625","c14","c01","jev","jev","wrong_guess","0","1","2","0","0","false"
"random-risk-vs-balanced","0","626","c14","c02","human","jev","wrong_guess","0","0","1","0","0","false"
"random-risk-vs-balanced","0","627","c14","c02","jev","jev","wrong_guess","0","1","2","0","0","false"
"random-risk-vs-balanced","0","628","c14","c03","human","jev","wrong_guess","1","1","3","0","0","false"
"random-risk-vs-balanced","0","629","c14","c03","jev","jev","wrong_guess","0","1","2","0","0","false"
"random-risk-vs-balanced","0","630","c14","c04","human","jev","wrong_guess","0","0","1","0","0","false"
"random-risk-vs-balanced","0","631","c14","c04","jev","jev","wrong_guess","1","2","4","0","0","false"
"random-risk-vs-balanced","0","632","c14","c05","human","jev","wrong_guess","0","0","1","0","0","false"
"random-risk-vs-balanced","0","633","c14","c05","jev","jev","wrong_guess","0","1","2","0","0","false"
"random-risk-vs-balanced","0","634","c14","c06","human","jev","wrong_guess","0","0","1","0","0","false"
"random-risk-vs-balanced","0","635","c14","c06","jev","jev","wrong_guess","0","1","2","0","0","false"
"random-risk-vs-balanced","0","636","c14","c07","human","jev","wrong_guess","1","1","3","0","0","false"
"random-risk-vs-balanced","0","637","c14","c07","jev","jev","wrong_guess","0","1","2","0","0","false"
"random-risk-vs-balanced","0","638","c14","c08","human","jev","wrong_guess","0","0","1","0","0","false"
"random-risk-vs-balanced","0","639","c14","c08","jev","jev","wrong_guess","1","2","4","0","0","false"
"random-risk-vs-balanced","0","640","c14","c09","human","jev","wrong_guess","0","0","1","0","0","false"
"random-risk-vs-balanced","0","641","c14","c09","jev","jev","wrong_guess","2","3","6","0","0","false"
"random-risk-vs-balanced","0","642","c14","c10","human","jev","wrong_guess","0","0","1","0","0","false"
"random-risk-vs-balanced","0","643","c14","c10","jev","jev","wrong_guess","1","2","4","0","0","false"
"random-risk-vs-balanced","0","644","c14","c11","human","jev","wrong_guess","0","0","1","0","0","false"
"random-risk-vs-balanced","0","645","c14","c11","jev","jev","wrong_guess","0","1","2","0","0","false"
"random-risk-vs-balanced","0","646","c14","c12","human","human","correct_guess","1","1","3","0","0","false"
"random-risk-vs-balanced","0","647","c14","c12","jev","jev","wrong_guess","0","1","2","0","0","false"
"random-risk-vs-balanced","0","648","c14","c13","human","jev","wrong_guess","0","0","1","0","0","false"
"random-risk-vs-balanced","0","649","c14","c13","jev","human","correct_guess","2","3","6","0","0","false"
"random-risk-vs-balanced","0","650","c14","c14","human","jev","wrong_guess","1","1","3","0","0","false"
"random-risk-vs-balanced","0","651","c14","c14","jev","jev","wrong_guess","0","1","2","0","0","false"
"random-risk-vs-balanced","0","652","c14","c15","human","jev","wrong_guess","0","0","1","0","0","false"
"random-risk-vs-balanced","0","653","c14","c15","jev","jev","wrong_guess","3","4","8","0","0","false"
"random-risk-vs-balanced","0","654","c14","c16","human","jev","wrong_guess","0","0","1","0","0","false"
"random-risk-vs-balanced","0","655","c14","c16","jev","jev","wrong_guess","1","2","4","0","0","false"
"random-risk-vs-balanced","0","656","c14","c17","human","jev","wrong_guess","1","1","3","0","0","false"
"random-risk-vs-balanced","0","657","c14","c17","jev","jev","wrong_guess","0","1","2","0","0","false"
"random-risk-vs-balanced","0","658","c14","c18","human","jev","wrong_guess","1","1","3","0","0","false"
"random-risk-vs-balanced","0","659","c14","c18","jev","jev","wrong_guess","0","1","2","0","0","false"
"random-risk-vs-balanced","0","660","c14","c19","human","jev","wrong_guess","0","0","1","0","0","false"
"random-risk-vs-balanced","0","661","c14","c19","jev","jev","wrong_guess","0","1","2","0","0","false"
"random-risk-vs-balanced","0","662","c14","c20","human","jev","wrong_guess","0","0","1","0","0","false"
"random-risk-vs-balanced","0","663","c14","c20","jev","jev","wrong_guess","0","1","2","0","0","false"
"random-risk-vs-balanced","0","664","c14","c21","human","jev","wrong_guess","0","0","1","0","0","false"
"random-risk-vs-balanced","0","665","c14","c21","jev","jev","wrong_guess","0","1","2","0","0","false"
"random-risk-vs-balanced","0","666","c14","c22","human","jev","wrong_guess","3","3","7","0","0","false"
"random-risk-vs-balanced","0","667","c14","c22","jev","jev","wrong_guess","0","1","2","0","0","false"
"random-risk-vs-balanced","0","668","c14","c23","human","jev","wrong_guess","0","0","1","0","0","false"
"random-risk-vs-balanced","0","669","c14","c23","jev","jev","wrong_guess","0","1","2","0","0","false"
"random-risk-vs-balanced","0","670","c14","c24","human","human","correct_guess","3","3","7","0","0","false"
"random-risk-vs-balanced","0","671","c14","c24","jev","jev","wrong_guess","0","1","2","0","0","false"
"random-risk-vs-balanced","0","672","c15","c01","human","jev","wrong_guess","1","1","3","0","0","false"
"random-risk-vs-balanced","0","673","c15","c01","jev","jev","wrong_guess","1","2","4","0","0","false"
"random-risk-vs-balanced","0","674","c15","c02","human","jev","wrong_guess","0","0","1","0","0","false"
"random-risk-vs-balanced","0","675","c15","c02","jev","jev","wrong_guess","0","1","2","0","0","false"
"random-risk-vs-balanced","0","676","c15","c03","human","human","correct_guess","2","2","5","0","0","false"
"random-risk-vs-balanced","0","677","c15","c03","jev","jev","wrong_guess","0","1","2","0","0","false"
"random-risk-vs-balanced","0","678","c15","c04","human","jev","wrong_guess","1","1","3","0","0","false"
"random-risk-vs-balanced","0","679","c15","c04","jev","jev","correct_guess","4","4","9","0","0","false"
"random-risk-vs-balanced","0","680","c15","c05","human","jev","wrong_guess","0","0","1","0","0","false"
"random-risk-vs-balanced","0","681","c15","c05","jev","jev","correct_guess","4","4","9","0","0","false"
"random-risk-vs-balanced","0","682","c15","c06","human","jev","wrong_guess","0","0","1","0","0","false"
"random-risk-vs-balanced","0","683","c15","c06","jev","jev","wrong_guess","0","1","2","0","0","false"
"random-risk-vs-balanced","0","684","c15","c07","human","jev","wrong_guess","0","0","1","0","0","false"
"random-risk-vs-balanced","0","685","c15","c07","jev","jev","wrong_guess","0","1","2","0","0","false"
"random-risk-vs-balanced","0","686","c15","c08","human","jev","wrong_guess","0","0","1","0","0","false"
"random-risk-vs-balanced","0","687","c15","c08","jev","jev","wrong_guess","0","1","2","0","0","false"
"random-risk-vs-balanced","0","688","c15","c09","human","jev","wrong_guess","0","0","1","0","0","false"
"random-risk-vs-balanced","0","689","c15","c09","jev","jev","wrong_guess","1","2","4","0","0","false"
"random-risk-vs-balanced","0","690","c15","c10","human","jev","wrong_guess","1","1","3","0","0","false"
"random-risk-vs-balanced","0","691","c15","c10","jev","jev","wrong_guess","0","1","2","0","0","false"
"random-risk-vs-balanced","0","692","c15","c11","human","jev","wrong_guess","0","0","1","0","0","false"
"random-risk-vs-balanced","0","693","c15","c11","jev","jev","wrong_guess","0","1","2","0","0","false"
"random-risk-vs-balanced","0","694","c15","c12","human","human","correct_guess","4","4","9","0","0","false"
"random-risk-vs-balanced","0","695","c15","c12","jev","jev","wrong_guess","1","2","4","0","0","false"
"random-risk-vs-balanced","0","696","c15","c13","human","jev","wrong_guess","0","0","1","0","0","false"
"random-risk-vs-balanced","0","697","c15","c13","jev","jev","wrong_guess","0","1","2","0","0","false"
"random-risk-vs-balanced","0","698","c15","c14","human","human","correct_guess","3","3","7","0","0","false"
"random-risk-vs-balanced","0","699","c15","c14","jev","jev","wrong_guess","0","1","2","0","0","false"
"random-risk-vs-balanced","0","700","c15","c15","human","jev","wrong_guess","3","3","7","0","0","false"
"random-risk-vs-balanced","0","701","c15","c15","jev","jev","wrong_guess","1","2","4","0","0","false"
"random-risk-vs-balanced","0","702","c15","c16","human","jev","wrong_guess","1","1","3","0","0","false"
"random-risk-vs-balanced","0","703","c15","c16","jev","jev","wrong_guess","0","1","2","0","0","false"
"random-risk-vs-balanced","0","704","c15","c17","human","jev","wrong_guess","0","0","1","0","0","false"
"random-risk-vs-balanced","0","705","c15","c17","jev","jev","wrong_guess","0","1","2","0","0","false"
"random-risk-vs-balanced","0","706","c15","c18","human","jev","wrong_guess","4","4","9","0","0","false"
"random-risk-vs-balanced","0","707","c15","c18","jev","jev","wrong_guess","0","1","2","0","0","false"
"random-risk-vs-balanced","0","708","c15","c19","human","jev","wrong_guess","0","0","1","0","0","false"
"random-risk-vs-balanced","0","709","c15","c19","jev","jev","wrong_guess","1","2","4","0","0","false"
"random-risk-vs-balanced","0","710","c15","c20","human","jev","wrong_guess","1","1","3","0","0","false"
"random-risk-vs-balanced","0","711","c15","c20","jev","jev","wrong_guess","0","1","2","0","0","false"
"random-risk-vs-balanced","0","712","c15","c21","human","jev","wrong_guess","0","0","1","0","0","false"
"random-risk-vs-balanced","0","713","c15","c21","jev","jev","wrong_guess","0","1","2","0","0","false"
"random-risk-vs-balanced","0","714","c15","c22","human","jev","wrong_guess","0","0","1","0","0","false"
"random-risk-vs-balanced","0","715","c15","c22","jev","human","correct_guess","0","1","2","0","0","false"
"random-risk-vs-balanced","0","716","c15","c23","human","jev","wrong_guess","0","0","1","0","0","false"
"random-risk-vs-balanced","0","717","c15","c23","jev","jev","wrong_guess","1","2","4","0","0","false"
"random-risk-vs-balanced","0","718","c15","c24","human","jev","wrong_guess","1","1","3","0","0","false"
"random-risk-vs-balanced","0","719","c15","c24","jev","jev","wrong_guess","0","1","2","0","0","false"
"random-risk-vs-balanced","0","720","c16","c01","human","jev","wrong_guess","0","0","1","0","0","false"
"random-risk-vs-balanced","0","721","c16","c01","jev","jev","wrong_guess","0","1","2","0","0","false"
"random-risk-vs-balanced","0","722","c16","c02","human","jev","wrong_guess","1","1","3","0","0","false"
"random-risk-vs-balanced","0","723","c16","c02","jev","jev","wrong_guess","0","1","2","0","0","false"
"random-risk-vs-balanced","0","724","c16","c03","human","jev","wrong_guess","0","0","1","0","0","false"
"random-risk-vs-balanced","0","725","c16","c03","jev","jev","wrong_guess","2","3","6","0","0","false"
"random-risk-vs-balanced","0","726","c16","c04","human","jev","wrong_guess","0","0","1","0","0","false"
"random-risk-vs-balanced","0","727","c16","c04","jev","jev","wrong_guess","1","2","4","0","0","false"
"random-risk-vs-balanced","0","728","c16","c05","human","jev","wrong_guess","0","0","1","0","0","false"
"random-risk-vs-balanced","0","729","c16","c05","jev","jev","wrong_guess","0","1","2","0","0","false"
"random-risk-vs-balanced","0","730","c16","c06","human","jev","wrong_guess","1","1","3","0","0","false"
"random-risk-vs-balanced","0","731","c16","c06","jev","jev","wrong_guess","0","1","2","0","0","false"
"random-risk-vs-balanced","0","732","c16","c07","human","jev","wrong_guess","0","0","1","0","0","false"
"random-risk-vs-balanced","0","733","c16","c07","jev","jev","wrong_guess","0","1","2","0","0","false"
"random-risk-vs-balanced","0","734","c16","c08","human","jev","wrong_guess","0","0","1","0","0","false"
"random-risk-vs-balanced","0","735","c16","c08","jev","jev","wrong_guess","1","2","4","0","0","false"
"random-risk-vs-balanced","0","736","c16","c09","human","jev","wrong_guess","0","0","1","0","0","false"
"random-risk-vs-balanced","0","737","c16","c09","jev","jev","wrong_guess","0","1","2","0","0","false"
"random-risk-vs-balanced","0","738","c16","c10","human","human","correct_guess","4","4","9","0","0","false"
"random-risk-vs-balanced","0","739","c16","c10","jev","jev","wrong_guess","0","1","2","0","0","false"
"random-risk-vs-balanced","0","740","c16","c11","human","human","correct_guess","0","0","1","0","0","false"
"random-risk-vs-balanced","0","741","c16","c11","jev","jev","wrong_guess","0","1","2","0","0","false"
"random-risk-vs-balanced","0","742","c16","c12","human","jev","wrong_guess","0","0","1","0","0","false"
"random-risk-vs-balanced","0","743","c16","c12","jev","jev","wrong_guess","0","1","2","0","0","false"
"random-risk-vs-balanced","0","744","c16","c13","human","jev","wrong_guess","1","1","3","0","0","false"
"random-risk-vs-balanced","0","745","c16","c13","jev","jev","wrong_guess","0","1","2","0","0","false"
"random-risk-vs-balanced","0","746","c16","c14","human","jev","wrong_guess","0","0","1","0","0","false"
"random-risk-vs-balanced","0","747","c16","c14","jev","jev","wrong_guess","1","2","4","0","0","false"
"random-risk-vs-balanced","0","748","c16","c15","human","human","correct_guess","4","4","9","0","0","false"
"random-risk-vs-balanced","0","749","c16","c15","jev","jev","wrong_guess","0","1","2","0","0","false"
"random-risk-vs-balanced","0","750","c16","c16","human","jev","wrong_guess","0","0","1","0","0","false"
"random-risk-vs-balanced","0","751","c16","c16","jev","jev","wrong_guess","3","4","8","0","0","false"
"random-risk-vs-balanced","0","752","c16","c17","human","jev","wrong_guess","0","0","1","0","0","false"
"random-risk-vs-balanced","0","753","c16","c17","jev","jev","wrong_guess","0","1","2","0","0","false"
"random-risk-vs-balanced","0","754","c16","c18","human","jev","wrong_guess","0","0","1","0","0","false"
"random-risk-vs-balanced","0","755","c16","c18","jev","jev","wrong_guess","0","1","2","0","0","false"
"random-risk-vs-balanced","0","756","c16","c19","human","human","correct_guess","3","3","7","0","0","false"
"random-risk-vs-balanced","0","757","c16","c19","jev","jev","wrong_guess","1","2","4","0","0","false"
"random-risk-vs-balanced","0","758","c16","c20","human","jev","correct_guess","5","4","10","0","0","false"
"random-risk-vs-balanced","0","759","c16","c20","jev","jev","wrong_guess","1","2","4","0","0","false"
"random-risk-vs-balanced","0","760","c16","c21","human","jev","wrong_guess","3","3","7","0","0","false"
"random-risk-vs-balanced","0","761","c16","c21","jev","jev","wrong_guess","0","1","2","0","0","false"
"random-risk-vs-balanced","0","762","c16","c22","human","human","correct_guess","3","3","7","0","0","false"
"random-risk-vs-balanced","0","763","c16","c22","jev","jev","wrong_guess","0","1","2","0","0","false"
"random-risk-vs-balanced","0","764","c16","c23","human","jev","wrong_guess","0","0","1","0","0","false"
"random-risk-vs-balanced","0","765","c16","c23","jev","jev","wrong_guess","1","2","4","0","0","false"
"random-risk-vs-balanced","0","766","c16","c24","human","jev","wrong_guess","0","0","1","0","0","false"
"random-risk-vs-balanced","0","767","c16","c24","jev","jev","wrong_guess","0","1","2","0","0","false"
"random-risk-vs-balanced","0","768","c17","c01","human","jev","wrong_guess","0","0","1","0","0","false"
"random-risk-vs-balanced","0","769","c17","c01","jev","jev","wrong_guess","2","3","6","0","0","false"
"random-risk-vs-balanced","0","770","c17","c02","human","jev","wrong_guess","0","0","1","0","0","false"
"random-risk-vs-balanced","0","771","c17","c02","jev","jev","wrong_guess","0","1","2","0","0","false"
"random-risk-vs-balanced","0","772","c17","c03","human","jev","wrong_guess","2","2","5","0","0","false"
"random-risk-vs-balanced","0","773","c17","c03","jev","human","correct_guess","0","1","2","0","0","false"
"random-risk-vs-balanced","0","774","c17","c04","human","human","correct_guess","1","1","3","0","0","false"
"random-risk-vs-balanced","0","775","c17","c04","jev","jev","wrong_guess","0","1","2","0","0","false"
"random-risk-vs-balanced","0","776","c17","c05","human","jev","wrong_guess","1","1","3","0","0","false"
"random-risk-vs-balanced","0","777","c17","c05","jev","human","correct_guess","0","1","2","0","0","false"
"random-risk-vs-balanced","0","778","c17","c06","human","jev","wrong_guess","1","1","3","0","0","false"
"random-risk-vs-balanced","0","779","c17","c06","jev","jev","wrong_guess","0","1","2","0","0","false"
"random-risk-vs-balanced","0","780","c17","c07","human","jev","wrong_guess","2","2","5","0","0","false"
"random-risk-vs-balanced","0","781","c17","c07","jev","jev","wrong_guess","0","1","2","0","0","false"
"random-risk-vs-balanced","0","782","c17","c08","human","jev","wrong_guess","1","1","3","0","0","false"
"random-risk-vs-balanced","0","783","c17","c08","jev","jev","wrong_guess","0","1","2","0","0","false"
"random-risk-vs-balanced","0","784","c17","c09","human","jev","wrong_guess","1","1","3","0","0","false"
"random-risk-vs-balanced","0","785","c17","c09","jev","jev","wrong_guess","0","1","2","0","0","false"
"random-risk-vs-balanced","0","786","c17","c10","human","jev","wrong_guess","3","3","7","0","0","false"
"random-risk-vs-balanced","0","787","c17","c10","jev","jev","wrong_guess","1","2","4","0","0","false"
"random-risk-vs-balanced","0","788","c17","c11","human","jev","wrong_guess","1","1","3","0","0","false"
"random-risk-vs-balanced","0","789","c17","c11","jev","jev","correct_guess","5","5","11","0","0","false"
"random-risk-vs-balanced","0","790","c17","c12","human","jev","wrong_guess","0","0","1","0","0","false"
"random-risk-vs-balanced","0","791","c17","c12","jev","jev","wrong_guess","1","2","4","0","0","false"
"random-risk-vs-balanced","0","792","c17","c13","human","jev","wrong_guess","0","0","1","0","0","false"
"random-risk-vs-balanced","0","793","c17","c13","jev","jev","wrong_guess","0","1","2","0","0","false"
"random-risk-vs-balanced","0","794","c17","c14","human","jev","wrong_guess","3","3","7","0","0","false"
"random-risk-vs-balanced","0","795","c17","c14","jev","jev","wrong_guess","0","1","2","0","0","false"
"random-risk-vs-balanced","0","796","c17","c15","human","jev","wrong_guess","0","0","1","0","0","false"
"random-risk-vs-balanced","0","797","c17","c15","jev","jev","wrong_guess","0","1","2","0","0","false"
"random-risk-vs-balanced","0","798","c17","c16","human","jev","wrong_guess","0","0","1","0","0","false"
"random-risk-vs-balanced","0","799","c17","c16","jev","jev","wrong_guess","0","1","2","0","0","false"
"random-risk-vs-balanced","0","800","c17","c17","human","jev","wrong_guess","2","2","5","0","0","false"
"random-risk-vs-balanced","0","801","c17","c17","jev","human","correct_guess","0","1","2","0","0","false"
"random-risk-vs-balanced","0","802","c17","c18","human","jev","wrong_guess","0","0","1","0","0","false"
"random-risk-vs-balanced","0","803","c17","c18","jev","jev","wrong_guess","0","1","2","0","0","false"
"random-risk-vs-balanced","0","804","c17","c19","human","jev","wrong_guess","0","0","1","0","0","false"
"random-risk-vs-balanced","0","805","c17","c19","jev","jev","wrong_guess","0","1","2","0","0","false"
"random-risk-vs-balanced","0","806","c17","c20","human","human","correct_guess","0","0","1","0","0","false"
"random-risk-vs-balanced","0","807","c17","c20","jev","jev","wrong_guess","1","2","4","0","0","false"
"random-risk-vs-balanced","0","808","c17","c21","human","jev","wrong_guess","1","1","3","0","0","false"
"random-risk-vs-balanced","0","809","c17","c21","jev","jev","wrong_guess","0","1","2","0","0","false"
"random-risk-vs-balanced","0","810","c17","c22","human","jev","wrong_guess","0","0","1","0","0","false"
"random-risk-vs-balanced","0","811","c17","c22","jev","jev","wrong_guess","3","4","8","0","0","false"
"random-risk-vs-balanced","0","812","c17","c23","human","jev","wrong_guess","1","1","3","0","0","false"
"random-risk-vs-balanced","0","813","c17","c23","jev","jev","wrong_guess","1","2","4","0","0","false"
"random-risk-vs-balanced","0","814","c17","c24","human","jev","wrong_guess","0","0","1","0","0","false"
"random-risk-vs-balanced","0","815","c17","c24","jev","jev","wrong_guess","0","1","2","0","0","false"
"random-risk-vs-balanced","0","816","c18","c01","human","jev","wrong_guess","0","0","1","0","0","false"
"random-risk-vs-balanced","0","817","c18","c01","jev","jev","wrong_guess","0","1","2","0","0","false"
"random-risk-vs-balanced","0","818","c18","c02","human","jev","wrong_guess","0","0","1","0","0","false"
"random-risk-vs-balanced","0","819","c18","c02","jev","jev","wrong_guess","3","4","8","0","0","false"
"random-risk-vs-balanced","0","820","c18","c03","human","jev","wrong_guess","0","0","1","0","0","false"
"random-risk-vs-balanced","0","821","c18","c03","jev","jev","wrong_guess","1","2","4","0","0","false"
"random-risk-vs-balanced","0","822","c18","c04","human","jev","wrong_guess","0","0","1","0","0","false"
"random-risk-vs-balanced","0","823","c18","c04","jev","jev","wrong_guess","0","1","2","0","0","false"
"random-risk-vs-balanced","0","824","c18","c05","human","human","correct_guess","4","4","9","0","0","false"
"random-risk-vs-balanced","0","825","c18","c05","jev","jev","wrong_guess","0","1","2","0","0","false"
"random-risk-vs-balanced","0","826","c18","c06","human","jev","wrong_guess","1","1","3","0","0","false"
"random-risk-vs-balanced","0","827","c18","c06","jev","jev","wrong_guess","1","2","4","0","0","false"
"random-risk-vs-balanced","0","828","c18","c07","human","human","correct_guess","0","0","1","0","0","false"
"random-risk-vs-balanced","0","829","c18","c07","jev","jev","wrong_guess","1","2","4","0","0","false"
"random-risk-vs-balanced","0","830","c18","c08","human","human","correct_guess","2","2","5","0","0","false"
"random-risk-vs-balanced","0","831","c18","c08","jev","jev","correct_guess","5","5","11","0","0","false"
"random-risk-vs-balanced","0","832","c18","c09","human","jev","wrong_guess","0","0","1","0","0","false"
"random-risk-vs-balanced","0","833","c18","c09","jev","jev","wrong_guess","0","1","2","0","0","false"
"random-risk-vs-balanced","0","834","c18","c10","human","jev","wrong_guess","1","1","3","0","0","false"
"random-risk-vs-balanced","0","835","c18","c10","jev","jev","wrong_guess","0","1","2","0","0","false"
"random-risk-vs-balanced","0","836","c18","c11","human","jev","wrong_guess","0","0","1","0","0","false"
"random-risk-vs-balanced","0","837","c18","c11","jev","jev","wrong_guess","0","1","2","0","0","false"
"random-risk-vs-balanced","0","838","c18","c12","human","jev","wrong_guess","1","1","3","0","0","false"
"random-risk-vs-balanced","0","839","c18","c12","jev","jev","wrong_guess","0","1","2","0","0","false"
"random-risk-vs-balanced","0","840","c18","c13","human","jev","wrong_guess","0","0","1","0","0","false"
"random-risk-vs-balanced","0","841","c18","c13","jev","jev","wrong_guess","0","1","2","0","0","false"
"random-risk-vs-balanced","0","842","c18","c14","human","jev","wrong_guess","0","0","1","0","0","false"
"random-risk-vs-balanced","0","843","c18","c14","jev","jev","wrong_guess","0","1","2","0","0","false"
"random-risk-vs-balanced","0","844","c18","c15","human","jev","wrong_guess","0","0","1","0","0","false"
"random-risk-vs-balanced","0","845","c18","c15","jev","jev","correct_guess","5","5","11","0","0","false"
"random-risk-vs-balanced","0","846","c18","c16","human","jev","wrong_guess","0","0","1","0","0","false"
"random-risk-vs-balanced","0","847","c18","c16","jev","jev","wrong_guess","0","1","2","0","0","false"
"random-risk-vs-balanced","0","848","c18","c17","human","jev","wrong_guess","1","1","3","0","0","false"
"random-risk-vs-balanced","0","849","c18","c17","jev","jev","wrong_guess","0","1","2","0","0","false"
"random-risk-vs-balanced","0","850","c18","c18","human","jev","wrong_guess","1","1","3","0","0","false"
"random-risk-vs-balanced","0","851","c18","c18","jev","jev","wrong_guess","0","1","2","0","0","false"
"random-risk-vs-balanced","0","852","c18","c19","human","jev","wrong_guess","0","0","1","0","0","false"
"random-risk-vs-balanced","0","853","c18","c19","jev","jev","wrong_guess","1","2","4","0","0","false"
"random-risk-vs-balanced","0","854","c18","c20","human","jev","wrong_guess","0","0","1","0","0","false"
"random-risk-vs-balanced","0","855","c18","c20","jev","jev","wrong_guess","0","1","2","0","0","false"
"random-risk-vs-balanced","0","856","c18","c21","human","jev","wrong_guess","0","0","1","0","0","false"
"random-risk-vs-balanced","0","857","c18","c21","jev","jev","wrong_guess","1","2","4","0","0","false"
"random-risk-vs-balanced","0","858","c18","c22","human","jev","wrong_guess","1","1","3","0","0","false"
"random-risk-vs-balanced","0","859","c18","c22","jev","jev","wrong_guess","0","1","2","0","0","false"
"random-risk-vs-balanced","0","860","c18","c23","human","jev","wrong_guess","0","0","1","0","0","false"
"random-risk-vs-balanced","0","861","c18","c23","jev","human","correct_guess","2","3","6","0","0","false"
"random-risk-vs-balanced","0","862","c18","c24","human","human","correct_guess","4","4","9","0","0","false"
"random-risk-vs-balanced","0","863","c18","c24","jev","jev","wrong_guess","0","1","2","0","0","false"
"random-risk-vs-balanced","0","864","c19","c01","human","jev","wrong_guess","3","3","7","0","0","false"
"random-risk-vs-balanced","0","865","c19","c01","jev","jev","wrong_guess","0","1","2","0","0","false"
"random-risk-vs-balanced","0","866","c19","c02","human","jev","wrong_guess","0","0","1","0","0","false"
"random-risk-vs-balanced","0","867","c19","c02","jev","jev","wrong_guess","1","2","4","0","0","false"
"random-risk-vs-balanced","0","868","c19","c03","human","jev","wrong_guess","0","0","1","0","0","false"
"random-risk-vs-balanced","0","869","c19","c03","jev","jev","wrong_guess","2","3","6","0","0","false"
"random-risk-vs-balanced","0","870","c19","c04","human","jev","wrong_guess","0","0","1","0","0","false"
"random-risk-vs-balanced","0","871","c19","c04","jev","jev","wrong_guess","0","1","2","0","0","false"
"random-risk-vs-balanced","0","872","c19","c05","human","jev","wrong_guess","0","0","1","0","0","false"
"random-risk-vs-balanced","0","873","c19","c05","jev","jev","wrong_guess","0","1","2","0","0","false"
"random-risk-vs-balanced","0","874","c19","c06","human","jev","wrong_guess","0","0","1","0","0","false"
"random-risk-vs-balanced","0","875","c19","c06","jev","jev","wrong_guess","2","3","6","0","0","false"
"random-risk-vs-balanced","0","876","c19","c07","human","jev","wrong_guess","0","0","1","0","0","false"
"random-risk-vs-balanced","0","877","c19","c07","jev","jev","wrong_guess","2","3","6","0","0","false"
"random-risk-vs-balanced","0","878","c19","c08","human","jev","wrong_guess","0","0","1","0","0","false"
"random-risk-vs-balanced","0","879","c19","c08","jev","jev","wrong_guess","0","1","2","0","0","false"
"random-risk-vs-balanced","0","880","c19","c09","human","human","correct_guess","3","3","7","0","0","false"
"random-risk-vs-balanced","0","881","c19","c09","jev","human","correct_guess","3","4","8","0","0","false"
"random-risk-vs-balanced","0","882","c19","c10","human","jev","wrong_guess","0","0","1","0","0","false"
"random-risk-vs-balanced","0","883","c19","c10","jev","jev","wrong_guess","0","1","2","0","0","false"
"random-risk-vs-balanced","0","884","c19","c11","human","jev","wrong_guess","0","0","1","0","0","false"
"random-risk-vs-balanced","0","885","c19","c11","jev","jev","wrong_guess","0","1","2","0","0","false"
"random-risk-vs-balanced","0","886","c19","c12","human","jev","wrong_guess","1","1","3","0","0","false"
"random-risk-vs-balanced","0","887","c19","c12","jev","jev","wrong_guess","2","3","6","0","0","false"
"random-risk-vs-balanced","0","888","c19","c13","human","jev","wrong_guess","0","0","1","0","0","false"
"random-risk-vs-balanced","0","889","c19","c13","jev","jev","wrong_guess","0","1","2","0","0","false"
"random-risk-vs-balanced","0","890","c19","c14","human","jev","wrong_guess","0","0","1","0","0","false"
"random-risk-vs-balanced","0","891","c19","c14","jev","human","correct_guess","4","5","10","0","0","false"
"random-risk-vs-balanced","0","892","c19","c15","human","human","correct_guess","2","2","5","0","0","false"
"random-risk-vs-balanced","0","893","c19","c15","jev","jev","wrong_guess","0","1","2","0","0","false"
"random-risk-vs-balanced","0","894","c19","c16","human","jev","wrong_guess","3","3","7","0","0","false"
"random-risk-vs-balanced","0","895","c19","c16","jev","jev","wrong_guess","0","1","2","0","0","false"
"random-risk-vs-balanced","0","896","c19","c17","human","jev","wrong_guess","1","1","3","0","0","false"
"random-risk-vs-balanced","0","897","c19","c17","jev","jev","wrong_guess","1","2","4","0","0","false"
"random-risk-vs-balanced","0","898","c19","c18","human","jev","wrong_guess","0","0","1","0","0","false"
"random-risk-vs-balanced","0","899","c19","c18","jev","jev","wrong_guess","0","1","2","0","0","false"
"random-risk-vs-balanced","0","900","c19","c19","human","jev","wrong_guess","1","1","3","0","0","false"
"random-risk-vs-balanced","0","901","c19","c19","jev","jev","wrong_guess","1","2","4","0","0","false"
"random-risk-vs-balanced","0","902","c19","c20","human","jev","wrong_guess","0","0","1","0","0","false"
"random-risk-vs-balanced","0","903","c19","c20","jev","jev","wrong_guess","0","1","2","0","0","false"
"random-risk-vs-balanced","0","904","c19","c21","human","jev","wrong_guess","0","0","1","0","0","false"
"random-risk-vs-balanced","0","905","c19","c21","jev","jev","wrong_guess","0","1","2","0","0","false"
"random-risk-vs-balanced","0","906","c19","c22","human","jev","wrong_guess","0","0","1","0","0","false"
"random-risk-vs-balanced","0","907","c19","c22","jev","jev","wrong_guess","0","1","2","0","0","false"
"random-risk-vs-balanced","0","908","c19","c23","human","jev","wrong_guess","0","0","1","0","0","false"
"random-risk-vs-balanced","0","909","c19","c23","jev","jev","wrong_guess","0","1","2","0","0","false"
"random-risk-vs-balanced","0","910","c19","c24","human","jev","wrong_guess","0","0","1","0","0","false"
"random-risk-vs-balanced","0","911","c19","c24","jev","jev","wrong_guess","0","1","2","0","0","false"
"random-risk-vs-balanced","0","912","c20","c01","human","jev","wrong_guess","0","0","1","0","0","false"
"random-risk-vs-balanced","0","913","c20","c01","jev","jev","wrong_guess","0","1","2","0","0","false"
"random-risk-vs-balanced","0","914","c20","c02","human","human","correct_guess","4","4","9","0","0","false"
"random-risk-vs-balanced","0","915","c20","c02","jev","jev","wrong_guess","0","1","2","0","0","false"
"random-risk-vs-balanced","0","916","c20","c03","human","jev","wrong_guess","0","0","1","0","0","false"
"random-risk-vs-balanced","0","917","c20","c03","jev","jev","wrong_guess","0","1","2","0","0","false"
"random-risk-vs-balanced","0","918","c20","c04","human","jev","wrong_guess","0","0","1","0","0","false"
"random-risk-vs-balanced","0","919","c20","c04","jev","jev","wrong_guess","0","1","2","0","0","false"
"random-risk-vs-balanced","0","920","c20","c05","human","jev","wrong_guess","1","1","3","0","0","false"
"random-risk-vs-balanced","0","921","c20","c05","jev","jev","wrong_guess","1","2","4","0","0","false"
"random-risk-vs-balanced","0","922","c20","c06","human","jev","wrong_guess","0","0","1","0","0","false"
"random-risk-vs-balanced","0","923","c20","c06","jev","jev","wrong_guess","0","1","2","0","0","false"
"random-risk-vs-balanced","0","924","c20","c07","human","jev","wrong_guess","1","1","3","0","0","false"
"random-risk-vs-balanced","0","925","c20","c07","jev","jev","wrong_guess","0","1","2","0","0","false"
"random-risk-vs-balanced","0","926","c20","c08","human","jev","wrong_guess","4","4","9","0","0","false"
"random-risk-vs-balanced","0","927","c20","c08","jev","jev","wrong_guess","0","1","2","0","0","false"
"random-risk-vs-balanced","0","928","c20","c09","human","jev","wrong_guess","0","0","1","0","0","false"
"random-risk-vs-balanced","0","929","c20","c09","jev","jev","wrong_guess","4","5","10","0","0","false"
"random-risk-vs-balanced","0","930","c20","c10","human","jev","wrong_guess","0","0","1","0","0","false"
"random-risk-vs-balanced","0","931","c20","c10","jev","jev","wrong_guess","0","1","2","0","0","false"
"random-risk-vs-balanced","0","932","c20","c11","human","human","correct_guess","2","2","5","0","0","false"
"random-risk-vs-balanced","0","933","c20","c11","jev","jev","wrong_guess","0","1","2","0","0","false"
"random-risk-vs-balanced","0","934","c20","c12","human","jev","wrong_guess","4","4","9","0","0","false"
"random-risk-vs-balanced","0","935","c20","c12","jev","jev","wrong_guess","0","1","2","0","0","false"
"random-risk-vs-balanced","0","936","c20","c13","human","jev","wrong_guess","1","1","3","0","0","false"
"random-risk-vs-balanced","0","937","c20","c13","jev","jev","wrong_guess","1","2","4","0","0","false"
"random-risk-vs-balanced","0","938","c20","c14","human","jev","wrong_guess","0","0","1","0","0","false"
"random-risk-vs-balanced","0","939","c20","c14","jev","jev","wrong_guess","0","1","2","0","0","false"
"random-risk-vs-balanced","0","940","c20","c15","human","jev","wrong_guess","2","2","5","0","0","false"
"random-risk-vs-balanced","0","941","c20","c15","jev","human","correct_guess","3","4","8","0","0","false"
"random-risk-vs-balanced","0","942","c20","c16","human","jev","wrong_guess","2","2","5","0","0","false"
"random-risk-vs-balanced","0","943","c20","c16","jev","jev","wrong_guess","0","1","2","0","0","false"
"random-risk-vs-balanced","0","944","c20","c17","human","jev","wrong_guess","1","1","3","0","0","false"
"random-risk-vs-balanced","0","945","c20","c17","jev","jev","wrong_guess","0","1","2","0","0","false"
"random-risk-vs-balanced","0","946","c20","c18","human","jev","wrong_guess","0","0","1","0","0","false"
"random-risk-vs-balanced","0","947","c20","c18","jev","jev","wrong_guess","0","1","2","0","0","false"
"random-risk-vs-balanced","0","948","c20","c19","human","jev","wrong_guess","1","1","3","0","0","false"
"random-risk-vs-balanced","0","949","c20","c19","jev","jev","wrong_guess","0","1","2","0","0","false"
"random-risk-vs-balanced","0","950","c20","c20","human","jev","wrong_guess","2","2","5","0","0","false"
"random-risk-vs-balanced","0","951","c20","c20","jev","jev","wrong_guess","0","1","2","0","0","false"
"random-risk-vs-balanced","0","952","c20","c21","human","jev","wrong_guess","0","0","1","0","0","false"
"random-risk-vs-balanced","0","953","c20","c21","jev","jev","wrong_guess","0","1","2","0","0","false"
"random-risk-vs-balanced","0","954","c20","c22","human","jev","wrong_guess","0","0","1","0","0","false"
"random-risk-vs-balanced","0","955","c20","c22","jev","jev","wrong_guess","1","2","4","0","0","false"
"random-risk-vs-balanced","0","956","c20","c23","human","jev","wrong_guess","0","0","1","0","0","false"
"random-risk-vs-balanced","0","957","c20","c23","jev","jev","wrong_guess","0","1","2","0","0","false"
"random-risk-vs-balanced","0","958","c20","c24","human","jev","wrong_guess","0","0","1","0","0","false"
"random-risk-vs-balanced","0","959","c20","c24","jev","jev","wrong_guess","1","2","4","0","0","false"
"random-risk-vs-balanced","0","960","c21","c01","human","jev","wrong_guess","0","0","1","0","0","false"
"random-risk-vs-balanced","0","961","c21","c01","jev","jev","wrong_guess","0","1","2","0","0","false"
"random-risk-vs-balanced","0","962","c21","c02","human","jev","wrong_guess","0","0","1","0","0","false"
"random-risk-vs-balanced","0","963","c21","c02","jev","jev","wrong_guess","3","4","8","0","0","false"
"random-risk-vs-balanced","0","964","c21","c03","human","jev","wrong_guess","0","0","1","0","0","false"
"random-risk-vs-balanced","0","965","c21","c03","jev","jev","wrong_guess","0","1","2","0","0","false"
"random-risk-vs-balanced","0","966","c21","c04","human","jev","wrong_guess","1","1","3","0","0","false"
"random-risk-vs-balanced","0","967","c21","c04","jev","jev","wrong_guess","0","1","2","0","0","false"
"random-risk-vs-balanced","0","968","c21","c05","human","jev","wrong_guess","0","0","1","0","0","false"
"random-risk-vs-balanced","0","969","c21","c05","jev","jev","wrong_guess","1","2","4","0","0","false"
"random-risk-vs-balanced","0","970","c21","c06","human","jev","wrong_guess","0","0","1","0","0","false"
"random-risk-vs-balanced","0","971","c21","c06","jev","jev","wrong_guess","1","2","4","0","0","false"
"random-risk-vs-balanced","0","972","c21","c07","human","jev","wrong_guess","0","0","1","0","0","false"
"random-risk-vs-balanced","0","973","c21","c07","jev","jev","wrong_guess","1","2","4","0","0","false"
"random-risk-vs-balanced","0","974","c21","c08","human","jev","wrong_guess","1","1","3","0","0","false"
"random-risk-vs-balanced","0","975","c21","c08","jev","jev","wrong_guess","2","3","6","0","0","false"
"random-risk-vs-balanced","0","976","c21","c09","human","jev","wrong_guess","0","0","1","0","0","false"
"random-risk-vs-balanced","0","977","c21","c09","jev","jev","wrong_guess","1","2","4","0","0","false"
"random-risk-vs-balanced","0","978","c21","c10","human","jev","wrong_guess","0","0","1","0","0","false"
"random-risk-vs-balanced","0","979","c21","c10","jev","jev","wrong_guess","0","1","2","0","0","false"
"random-risk-vs-balanced","0","980","c21","c11","human","jev","wrong_guess","0","0","1","0","0","false"
"random-risk-vs-balanced","0","981","c21","c11","jev","jev","wrong_guess","0","1","2","0","0","false"
"random-risk-vs-balanced","0","982","c21","c12","human","jev","wrong_guess","0","0","1","0","0","false"
"random-risk-vs-balanced","0","983","c21","c12","jev","jev","wrong_guess","0","1","2","0","0","false"
"random-risk-vs-balanced","0","984","c21","c13","human","jev","wrong_guess","0","0","1","0","0","false"
"random-risk-vs-balanced","0","985","c21","c13","jev","jev","wrong_guess","0","1","2","0","0","false"
"random-risk-vs-balanced","0","986","c21","c14","human","jev","wrong_guess","2","2","5","0","0","false"
"random-risk-vs-balanced","0","987","c21","c14","jev","jev","wrong_guess","0","1","2","0","0","false"
"random-risk-vs-balanced","0","988","c21","c15","human","jev","wrong_guess","0","0","1","0","0","false"
"random-risk-vs-balanced","0","989","c21","c15","jev","jev","wrong_guess","0","1","2","0","0","false"
"random-risk-vs-balanced","0","990","c21","c16","human","jev","wrong_guess","0","0","1","0","0","false"
"random-risk-vs-balanced","0","991","c21","c16","jev","human","correct_guess","3","4","8","0","0","false"
"random-risk-vs-balanced","0","992","c21","c17","human","jev","wrong_guess","1","1","3","0","0","false"
"random-risk-vs-balanced","0","993","c21","c17","jev","jev","wrong_guess","0","1","2","0","0","false"
"random-risk-vs-balanced","0","994","c21","c18","human","jev","wrong_guess","0","0","1","0","0","false"
"random-risk-vs-balanced","0","995","c21","c18","jev","jev","wrong_guess","0","1","2","0","0","false"
"random-risk-vs-balanced","0","996","c21","c19","human","jev","wrong_guess","1","1","3","0","0","false"
"random-risk-vs-balanced","0","997","c21","c19","jev","jev","wrong_guess","0","1","2","0","0","false"
"random-risk-vs-balanced","0","998","c21","c20","human","jev","wrong_guess","0","0","1","0","0","false"
"random-risk-vs-balanced","0","999","c21","c20","jev","jev","wrong_guess","0","1","2","0","0","false"
"random-risk-vs-balanced","0","1000","c21","c21","human","jev","wrong_guess","0","0","1","0","0","false"
"random-risk-vs-balanced","0","1001","c21","c21","jev","jev","wrong_guess","1","2","4","0","0","false"
"random-risk-vs-balanced","0","1002","c21","c22","human","jev","wrong_guess","0","0","1","0","0","false"
"random-risk-vs-balanced","0","1003","c21","c22","jev","jev","wrong_guess","0","1","2","0","0","false"
"random-risk-vs-balanced","0","1004","c21","c23","human","jev","wrong_guess","1","1","3","0","0","false"
"random-risk-vs-balanced","0","1005","c21","c23","jev","jev","wrong_guess","0","1","2","0","0","false"
"random-risk-vs-balanced","0","1006","c21","c24","human","human","correct_guess","0","0","1","0","0","false"
"random-risk-vs-balanced","0","1007","c21","c24","jev","human","correct_guess","3","4","8","0","0","false"
"random-risk-vs-balanced","0","1008","c22","c01","human","jev","wrong_guess","1","1","3","0","0","false"
"random-risk-vs-balanced","0","1009","c22","c01","jev","jev","wrong_guess","0","1","2","0","0","false"
"random-risk-vs-balanced","0","1010","c22","c02","human","jev","wrong_guess","0","0","1","0","0","false"
"random-risk-vs-balanced","0","1011","c22","c02","jev","jev","wrong_guess","0","1","2","0","0","false"
"random-risk-vs-balanced","0","1012","c22","c03","human","jev","wrong_guess","0","0","1","0","0","false"
"random-risk-vs-balanced","0","1013","c22","c03","jev","jev","wrong_guess","1","2","4","0","0","false"
"random-risk-vs-balanced","0","1014","c22","c04","human","human","correct_guess","1","1","3","0","0","false"
"random-risk-vs-balanced","0","1015","c22","c04","jev","jev","wrong_guess","0","1","2","0","0","false"
"random-risk-vs-balanced","0","1016","c22","c05","human","jev","wrong_guess","1","1","3","0","0","false"
"random-risk-vs-balanced","0","1017","c22","c05","jev","jev","correct_guess","4","4","9","0","0","false"
"random-risk-vs-balanced","0","1018","c22","c06","human","jev","wrong_guess","0","0","1","0","0","false"
"random-risk-vs-balanced","0","1019","c22","c06","jev","jev","wrong_guess","0","1","2","0","0","false"
"random-risk-vs-balanced","0","1020","c22","c07","human","jev","wrong_guess","0","0","1","0","0","false"
"random-risk-vs-balanced","0","1021","c22","c07","jev","human","correct_guess","1","2","4","0","0","false"
"random-risk-vs-balanced","0","1022","c22","c08","human","jev","wrong_guess","0","0","1","0","0","false"
"random-risk-vs-balanced","0","1023","c22","c08","jev","jev","wrong_guess","0","1","2","0","0","false"
"random-risk-vs-balanced","0","1024","c22","c09","human","jev","wrong_guess","0","0","1","0","0","false"
"random-risk-vs-balanced","0","1025","c22","c09","jev","jev","wrong_guess","0","1","2","0","0","false"
"random-risk-vs-balanced","0","1026","c22","c10","human","jev","wrong_guess","0","0","1","0","0","false"
"random-risk-vs-balanced","0","1027","c22","c10","jev","jev","wrong_guess","1","2","4","0","0","false"
"random-risk-vs-balanced","0","1028","c22","c11","human","jev","wrong_guess","3","3","7","0","0","false"
"random-risk-vs-balanced","0","1029","c22","c11","jev","jev","wrong_guess","2","3","6","0","0","false"
"random-risk-vs-balanced","0","1030","c22","c12","human","jev","wrong_guess","0","0","1","0","0","false"
"random-risk-vs-balanced","0","1031","c22","c12","jev","jev","wrong_guess","0","1","2","0","0","false"
"random-risk-vs-balanced","0","1032","c22","c13","human","jev","wrong_guess","0","0","1","0","0","false"
"random-risk-vs-balanced","0","1033","c22","c13","jev","jev","correct_guess","4","4","9","0","0","false"
"random-risk-vs-balanced","0","1034","c22","c14","human","jev","wrong_guess","0","0","1","0","0","false"
"random-risk-vs-balanced","0","1035","c22","c14","jev","jev","wrong_guess","0","1","2","0","0","false"
"random-risk-vs-balanced","0","1036","c22","c15","human","jev","wrong_guess","0","0","1","0","0","false"
"random-risk-vs-balanced","0","1037","c22","c15","jev","jev","wrong_guess","0","1","2","0","0","false"
"random-risk-vs-balanced","0","1038","c22","c16","human","jev","wrong_guess","0","0","1","0","0","false"
"random-risk-vs-balanced","0","1039","c22","c16","jev","jev","wrong_guess","1","2","4","0","0","false"
"random-risk-vs-balanced","0","1040","c22","c17","human","human","correct_guess","4","4","9","0","0","false"
"random-risk-vs-balanced","0","1041","c22","c17","jev","jev","wrong_guess","0","1","2","0","0","false"
"random-risk-vs-balanced","0","1042","c22","c18","human","human","correct_guess","3","3","7","0","0","false"
"random-risk-vs-balanced","0","1043","c22","c18","jev","jev","wrong_guess","1","2","4","0","0","false"
"random-risk-vs-balanced","0","1044","c22","c19","human","jev","wrong_guess","0","0","1","0","0","false"
"random-risk-vs-balanced","0","1045","c22","c19","jev","human","correct_guess","0","1","2","0","0","false"
"random-risk-vs-balanced","0","1046","c22","c20","human","jev","wrong_guess","0","0","1","0","0","false"
"random-risk-vs-balanced","0","1047","c22","c20","jev","jev","wrong_guess","0","1","2","0","0","false"
"random-risk-vs-balanced","0","1048","c22","c21","human","jev","wrong_guess","1","1","3","0","0","false"
"random-risk-vs-balanced","0","1049","c22","c21","jev","jev","wrong_guess","0","1","2","0","0","false"
"random-risk-vs-balanced","0","1050","c22","c22","human","jev","wrong_guess","0","0","1","0","0","false"
"random-risk-vs-balanced","0","1051","c22","c22","jev","jev","wrong_guess","0","1","2","0","0","false"
"random-risk-vs-balanced","0","1052","c22","c23","human","jev","wrong_guess","0","0","1","0","0","false"
"random-risk-vs-balanced","0","1053","c22","c23","jev","jev","wrong_guess","0","1","2","0","0","false"
"random-risk-vs-balanced","0","1054","c22","c24","human","jev","wrong_guess","1","1","3","0","0","false"
"random-risk-vs-balanced","0","1055","c22","c24","jev","jev","wrong_guess","1","2","4","0","0","false"
"random-risk-vs-balanced","0","1056","c23","c01","human","jev","wrong_guess","1","1","3","0","0","false"
"random-risk-vs-balanced","0","1057","c23","c01","jev","jev","wrong_guess","0","1","2","0","0","false"
"random-risk-vs-balanced","0","1058","c23","c02","human","jev","wrong_guess","0","0","1","0","0","false"
"random-risk-vs-balanced","0","1059","c23","c02","jev","human","correct_guess","3","4","8","0","0","false"
"random-risk-vs-balanced","0","1060","c23","c03","human","jev","wrong_guess","3","3","7","0","0","false"
"random-risk-vs-balanced","0","1061","c23","c03","jev","jev","wrong_guess","0","1","2","0","0","false"
"random-risk-vs-balanced","0","1062","c23","c04","human","jev","wrong_guess","0","0","1","0","0","false"
"random-risk-vs-balanced","0","1063","c23","c04","jev","jev","wrong_guess","0","1","2","0","0","false"
"random-risk-vs-balanced","0","1064","c23","c05","human","jev","correct_guess","5","4","10","0","0","false"
"random-risk-vs-balanced","0","1065","c23","c05","jev","jev","wrong_guess","0","1","2","0","0","false"
"random-risk-vs-balanced","0","1066","c23","c06","human","jev","wrong_guess","0","0","1","0","0","false"
"random-risk-vs-balanced","0","1067","c23","c06","jev","jev","wrong_guess","0","1","2","0","0","false"
"random-risk-vs-balanced","0","1068","c23","c07","human","jev","wrong_guess","0","0","1","0","0","false"
"random-risk-vs-balanced","0","1069","c23","c07","jev","jev","wrong_guess","0","1","2","0","0","false"
"random-risk-vs-balanced","0","1070","c23","c08","human","jev","wrong_guess","0","0","1","0","0","false"
"random-risk-vs-balanced","0","1071","c23","c08","jev","jev","wrong_guess","0","1","2","0","0","false"
"random-risk-vs-balanced","0","1072","c23","c09","human","jev","wrong_guess","0","0","1","0","0","false"
"random-risk-vs-balanced","0","1073","c23","c09","jev","jev","wrong_guess","0","1","2","0","0","false"
"random-risk-vs-balanced","0","1074","c23","c10","human","jev","wrong_guess","0","0","1","0","0","false"
"random-risk-vs-balanced","0","1075","c23","c10","jev","jev","wrong_guess","2","3","6","0","0","false"
"random-risk-vs-balanced","0","1076","c23","c11","human","jev","wrong_guess","0","0","1","0","0","false"
"random-risk-vs-balanced","0","1077","c23","c11","jev","jev","wrong_guess","2","3","6","0","0","false"
"random-risk-vs-balanced","0","1078","c23","c12","human","jev","wrong_guess","0","0","1","0","0","false"
"random-risk-vs-balanced","0","1079","c23","c12","jev","human","correct_guess","0","1","2","0","0","false"
"random-risk-vs-balanced","0","1080","c23","c13","human","jev","wrong_guess","0","0","1","0","0","false"
"random-risk-vs-balanced","0","1081","c23","c13","jev","jev","wrong_guess","1","2","4","0","0","false"
"random-risk-vs-balanced","0","1082","c23","c14","human","jev","wrong_guess","0","0","1","0","0","false"
"random-risk-vs-balanced","0","1083","c23","c14","jev","jev","wrong_guess","0","1","2","0","0","false"
"random-risk-vs-balanced","0","1084","c23","c15","human","jev","wrong_guess","0","0","1","0","0","false"
"random-risk-vs-balanced","0","1085","c23","c15","jev","jev","wrong_guess","0","1","2","0","0","false"
"random-risk-vs-balanced","0","1086","c23","c16","human","jev","wrong_guess","0","0","1","0","0","false"
"random-risk-vs-balanced","0","1087","c23","c16","jev","jev","correct_guess","4","4","9","0","0","false"
"random-risk-vs-balanced","0","1088","c23","c17","human","jev","wrong_guess","0","0","1","0","0","false"
"random-risk-vs-balanced","0","1089","c23","c17","jev","jev","wrong_guess","0","1","2","0","0","false"
"random-risk-vs-balanced","0","1090","c23","c18","human","jev","wrong_guess","0","0","1","0","0","false"
"random-risk-vs-balanced","0","1091","c23","c18","jev","jev","wrong_guess","0","1","2","0","0","false"
"random-risk-vs-balanced","0","1092","c23","c19","human","jev","wrong_guess","0","0","1","0","0","false"
"random-risk-vs-balanced","0","1093","c23","c19","jev","jev","wrong_guess","0","1","2","0","0","false"
"random-risk-vs-balanced","0","1094","c23","c20","human","jev","wrong_guess","0","0","1","0","0","false"
"random-risk-vs-balanced","0","1095","c23","c20","jev","jev","wrong_guess","0","1","2","0","0","false"
"random-risk-vs-balanced","0","1096","c23","c21","human","jev","wrong_guess","0","0","1","0","0","false"
"random-risk-vs-balanced","0","1097","c23","c21","jev","jev","wrong_guess","2","3","6","0","0","false"
"random-risk-vs-balanced","0","1098","c23","c22","human","jev","wrong_guess","0","0","1","0","0","false"
"random-risk-vs-balanced","0","1099","c23","c22","jev","jev","correct_guess","4","4","9","0","0","false"
"random-risk-vs-balanced","0","1100","c23","c23","human","jev","wrong_guess","0","0","1","0","0","false"
"random-risk-vs-balanced","0","1101","c23","c23","jev","human","correct_guess","0","1","2","0","0","false"
"random-risk-vs-balanced","0","1102","c23","c24","human","human","correct_guess","4","4","9","0","0","false"
"random-risk-vs-balanced","0","1103","c23","c24","jev","jev","wrong_guess","0","1","2","0","0","false"
"random-risk-vs-balanced","0","1104","c24","c01","human","jev","wrong_guess","0","0","1","0","0","false"
"random-risk-vs-balanced","0","1105","c24","c01","jev","jev","wrong_guess","0","1","2","0","0","false"
"random-risk-vs-balanced","0","1106","c24","c02","human","jev","wrong_guess","0","0","1","0","0","false"
"random-risk-vs-balanced","0","1107","c24","c02","jev","jev","wrong_guess","0","1","2","0","0","false"
"random-risk-vs-balanced","0","1108","c24","c03","human","jev","wrong_guess","0","0","1","0","0","false"
"random-risk-vs-balanced","0","1109","c24","c03","jev","jev","wrong_guess","0","1","2","0","0","false"
"random-risk-vs-balanced","0","1110","c24","c04","human","jev","wrong_guess","0","0","1","0","0","false"
"random-risk-vs-balanced","0","1111","c24","c04","jev","jev","wrong_guess","0","1","2","0","0","false"
"random-risk-vs-balanced","0","1112","c24","c05","human","jev","wrong_guess","0","0","1","0","0","false"
"random-risk-vs-balanced","0","1113","c24","c05","jev","jev","wrong_guess","1","2","4","0","0","false"
"random-risk-vs-balanced","0","1114","c24","c06","human","jev","wrong_guess","0","0","1","0","0","false"
"random-risk-vs-balanced","0","1115","c24","c06","jev","jev","correct_guess","4","4","9","0","0","false"
"random-risk-vs-balanced","0","1116","c24","c07","human","jev","wrong_guess","1","1","3","0","0","false"
"random-risk-vs-balanced","0","1117","c24","c07","jev","jev","wrong_guess","1","2","4","0","0","false"
"random-risk-vs-balanced","0","1118","c24","c08","human","jev","wrong_guess","1","1","3","0","0","false"
"random-risk-vs-balanced","0","1119","c24","c08","jev","jev","wrong_guess","1","2","4","0","0","false"
"random-risk-vs-balanced","0","1120","c24","c09","human","jev","wrong_guess","0","0","1","0","0","false"
"random-risk-vs-balanced","0","1121","c24","c09","jev","jev","wrong_guess","1","2","4","0","0","false"
"random-risk-vs-balanced","0","1122","c24","c10","human","jev","wrong_guess","0","0","1","0","0","false"
"random-risk-vs-balanced","0","1123","c24","c10","jev","jev","correct_guess","4","4","9","0","0","false"
"random-risk-vs-balanced","0","1124","c24","c11","human","jev","correct_guess","5","4","10","0","0","false"
"random-risk-vs-balanced","0","1125","c24","c11","jev","jev","wrong_guess","0","1","2","0","0","false"
"random-risk-vs-balanced","0","1126","c24","c12","human","jev","wrong_guess","0","0","1","0","0","false"
"random-risk-vs-balanced","0","1127","c24","c12","jev","jev","wrong_guess","0","1","2","0","0","false"
"random-risk-vs-balanced","0","1128","c24","c13","human","jev","wrong_guess","0","0","1","0","0","false"
"random-risk-vs-balanced","0","1129","c24","c13","jev","jev","wrong_guess","0","1","2","0","0","false"
"random-risk-vs-balanced","0","1130","c24","c14","human","jev","correct_guess","5","4","10","0","0","false"
"random-risk-vs-balanced","0","1131","c24","c14","jev","jev","wrong_guess","0","1","2","0","0","false"
"random-risk-vs-balanced","0","1132","c24","c15","human","jev","wrong_guess","1","1","3","0","0","false"
"random-risk-vs-balanced","0","1133","c24","c15","jev","jev","wrong_guess","1","2","4","0","0","false"
"random-risk-vs-balanced","0","1134","c24","c16","human","jev","correct_guess","5","4","10","0","0","false"
"random-risk-vs-balanced","0","1135","c24","c16","jev","jev","wrong_guess","0","1","2","0","0","false"
"random-risk-vs-balanced","0","1136","c24","c17","human","jev","wrong_guess","2","2","5","0","0","false"
"random-risk-vs-balanced","0","1137","c24","c17","jev","jev","wrong_guess","0","1","2","0","0","false"
"random-risk-vs-balanced","0","1138","c24","c18","human","jev","wrong_guess","0","0","1","0","0","false"
"random-risk-vs-balanced","0","1139","c24","c18","jev","jev","wrong_guess","0","1","2","0","0","false"
"random-risk-vs-balanced","0","1140","c24","c19","human","jev","wrong_guess","2","2","5","0","0","false"
"random-risk-vs-balanced","0","1141","c24","c19","jev","jev","wrong_guess","0","1","2","0","0","false"
"random-risk-vs-balanced","0","1142","c24","c20","human","jev","wrong_guess","0","0","1","0","0","false"
"random-risk-vs-balanced","0","1143","c24","c20","jev","jev","wrong_guess","0","1","2","0","0","false"
"random-risk-vs-balanced","0","1144","c24","c21","human","jev","wrong_guess","1","1","3","0","0","false"
"random-risk-vs-balanced","0","1145","c24","c21","jev","jev","wrong_guess","1","2","4","0","0","false"
"random-risk-vs-balanced","0","1146","c24","c22","human","jev","wrong_guess","1","1","3","0","0","false"
"random-risk-vs-balanced","0","1147","c24","c22","jev","jev","wrong_guess","0","1","2","0","0","false"
"random-risk-vs-balanced","0","1148","c24","c23","human","human","correct_guess","0","0","1","0","0","false"
"random-risk-vs-balanced","0","1149","c24","c23","jev","jev","wrong_guess","0","1","2","0","0","false"
"random-risk-vs-balanced","0","1150","c24","c24","human","jev","wrong_guess","0","0","1","0","0","false"
"random-risk-vs-balanced","0","1151","c24","c24","jev","human","correct_guess","1","2","4","0","0","false"
"balanced-vs-balanced","0","0","c01","c01","human","human","correct_guess","5","5","11","0","0","false"
"balanced-vs-balanced","0","1","c01","c01","jev","jev","correct_guess","5","5","11","0","0","false"
"balanced-vs-balanced","0","2","c01","c02","human","human","correct_guess","5","5","11","0","0","false"
"balanced-vs-balanced","0","3","c01","c02","jev","jev","correct_guess","5","5","11","0","0","false"
"balanced-vs-balanced","0","4","c01","c03","human","human","correct_guess","5","5","11","0","0","false"
"balanced-vs-balanced","0","5","c01","c03","jev","jev","correct_guess","5","5","11","0","0","false"
"balanced-vs-balanced","0","6","c01","c04","human","human","correct_guess","4","4","9","0","0","false"
"balanced-vs-balanced","0","7","c01","c04","jev","human","correct_guess","4","5","10","0","0","false"
"balanced-vs-balanced","0","8","c01","c05","human","human","correct_guess","4","4","9","0","0","false"
"balanced-vs-balanced","0","9","c01","c05","jev","human","correct_guess","4","5","10","0","0","false"
"balanced-vs-balanced","0","10","c01","c06","human","human","correct_guess","5","5","11","0","0","false"
"balanced-vs-balanced","0","11","c01","c06","jev","jev","correct_guess","5","5","11","0","0","false"
"balanced-vs-balanced","0","12","c01","c07","human","human","correct_guess","4","4","9","0","0","false"
"balanced-vs-balanced","0","13","c01","c07","jev","human","correct_guess","4","5","10","0","0","false"
"balanced-vs-balanced","0","14","c01","c08","human","human","correct_guess","5","5","11","0","0","false"
"balanced-vs-balanced","0","15","c01","c08","jev","jev","correct_guess","5","5","11","0","0","false"
"balanced-vs-balanced","0","16","c01","c09","human","human","correct_guess","4","4","9","0","0","false"
"balanced-vs-balanced","0","17","c01","c09","jev","human","correct_guess","4","5","10","0","0","false"
"balanced-vs-balanced","0","18","c01","c10","human","jev","correct_guess","6","5","12","0","0","false"
"balanced-vs-balanced","0","19","c01","c10","jev","jev","correct_guess","5","5","11","0","0","false"
"balanced-vs-balanced","0","20","c01","c11","human","human","correct_guess","5","5","11","0","0","false"
"balanced-vs-balanced","0","21","c01","c11","jev","jev","correct_guess","5","5","11","0","0","false"
"balanced-vs-balanced","0","22","c01","c12","human","human","correct_guess","5","5","11","0","0","false"
"balanced-vs-balanced","0","23","c01","c12","jev","jev","correct_guess","5","5","11","0","0","false"
"balanced-vs-balanced","0","24","c01","c13","human","human","correct_guess","5","5","11","0","0","false"
"balanced-vs-balanced","0","25","c01","c13","jev","jev","correct_guess","5","5","11","0","0","false"
"balanced-vs-balanced","0","26","c01","c14","human","jev","correct_guess","6","5","12","0","0","false"
"balanced-vs-balanced","0","27","c01","c14","jev","jev","correct_guess","5","5","11","0","0","false"
"balanced-vs-balanced","0","28","c01","c15","human","human","correct_guess","4","4","9","0","0","false"
"balanced-vs-balanced","0","29","c01","c15","jev","human","correct_guess","4","5","10","0","0","false"
"balanced-vs-balanced","0","30","c01","c16","human","human","correct_guess","4","4","9","0","0","false"
"balanced-vs-balanced","0","31","c01","c16","jev","human","correct_guess","4","5","10","0","0","false"
"balanced-vs-balanced","0","32","c01","c17","human","human","correct_guess","5","5","11","0","0","false"
"balanced-vs-balanced","0","33","c01","c17","jev","jev","correct_guess","5","5","11","0","0","false"
"balanced-vs-balanced","0","34","c01","c18","human","human","correct_guess","5","5","11","0","0","false"
"balanced-vs-balanced","0","35","c01","c18","jev","jev","correct_guess","5","5","11","0","0","false"
"balanced-vs-balanced","0","36","c01","c19","human","human","correct_guess","5","5","11","0","0","false"
"balanced-vs-balanced","0","37","c01","c19","jev","jev","correct_guess","5","5","11","0","0","false"
"balanced-vs-balanced","0","38","c01","c20","human","human","correct_guess","5","5","11","0","0","false"
"balanced-vs-balanced","0","39","c01","c20","jev","jev","correct_guess","5","5","11","0","0","false"
"balanced-vs-balanced","0","40","c01","c21","human","human","correct_guess","5","5","11","0","0","false"
"balanced-vs-balanced","0","41","c01","c21","jev","jev","correct_guess","5","5","11","0","0","false"
"balanced-vs-balanced","0","42","c01","c22","human","human","correct_guess","4","4","9","0","0","false"
"balanced-vs-balanced","0","43","c01","c22","jev","human","correct_guess","4","5","10","0","0","false"
"balanced-vs-balanced","0","44","c01","c23","human","human","correct_guess","4","4","9","0","0","false"
"balanced-vs-balanced","0","45","c01","c23","jev","human","correct_guess","4","5","10","0","0","false"
"balanced-vs-balanced","0","46","c01","c24","human","human","correct_guess","4","4","9","0","0","false"
"balanced-vs-balanced","0","47","c01","c24","jev","human","correct_guess","4","5","10","0","0","false"
"balanced-vs-balanced","0","48","c02","c01","human","human","correct_guess","5","5","11","0","0","false"
"balanced-vs-balanced","0","49","c02","c01","jev","jev","correct_guess","5","5","11","0","0","false"
"balanced-vs-balanced","0","50","c02","c02","human","human","correct_guess","5","5","11","0","0","false"
"balanced-vs-balanced","0","51","c02","c02","jev","jev","correct_guess","5","5","11","0","0","false"
"balanced-vs-balanced","0","52","c02","c03","human","human","correct_guess","5","5","11","0","0","false"
"balanced-vs-balanced","0","53","c02","c03","jev","jev","correct_guess","5","5","11","0","0","false"
"balanced-vs-balanced","0","54","c02","c04","human","human","correct_guess","4","4","9","0","0","false"
"balanced-vs-balanced","0","55","c02","c04","jev","human","correct_guess","4","5","10","0","0","false"
"balanced-vs-balanced","0","56","c02","c05","human","human","correct_guess","4","4","9","0","0","false"
"balanced-vs-balanced","0","57","c02","c05","jev","human","correct_guess","4","5","10","0","0","false"
"balanced-vs-balanced","0","58","c02","c06","human","human","correct_guess","5","5","11","0","0","false"
"balanced-vs-balanced","0","59","c02","c06","jev","jev","correct_guess","5","5","11","0","0","false"
"balanced-vs-balanced","0","60","c02","c07","human","human","correct_guess","4","4","9","0","0","false"
"balanced-vs-balanced","0","61","c02","c07","jev","human","correct_guess","4","5","10","0","0","false"
"balanced-vs-balanced","0","62","c02","c08","human","human","correct_guess","5","5","11","0","0","false"
"balanced-vs-balanced","0","63","c02","c08","jev","jev","correct_guess","5","5","11","0","0","false"
"balanced-vs-balanced","0","64","c02","c09","human","human","correct_guess","4","4","9","0","0","false"
"balanced-vs-balanced","0","65","c02","c09","jev","human","correct_guess","4","5","10","0","0","false"
"balanced-vs-balanced","0","66","c02","c10","human","jev","correct_guess","6","5","12","0","0","false"
"balanced-vs-balanced","0","67","c02","c10","jev","jev","correct_guess","5","5","11","0","0","false"
"balanced-vs-balanced","0","68","c02","c11","human","human","correct_guess","5","5","11","0","0","false"
"balanced-vs-balanced","0","69","c02","c11","jev","jev","correct_guess","5","5","11","0","0","false"
"balanced-vs-balanced","0","70","c02","c12","human","human","correct_guess","5","5","11","0","0","false"
"balanced-vs-balanced","0","71","c02","c12","jev","jev","correct_guess","5","5","11","0","0","false"
"balanced-vs-balanced","0","72","c02","c13","human","human","correct_guess","5","5","11","0","0","false"
"balanced-vs-balanced","0","73","c02","c13","jev","jev","correct_guess","5","5","11","0","0","false"
"balanced-vs-balanced","0","74","c02","c14","human","jev","correct_guess","6","5","12","0","0","false"
"balanced-vs-balanced","0","75","c02","c14","jev","jev","correct_guess","5","5","11","0","0","false"
"balanced-vs-balanced","0","76","c02","c15","human","human","correct_guess","4","4","9","0","0","false"
"balanced-vs-balanced","0","77","c02","c15","jev","human","correct_guess","4","5","10","0","0","false"
"balanced-vs-balanced","0","78","c02","c16","human","human","correct_guess","4","4","9","0","0","false"
"balanced-vs-balanced","0","79","c02","c16","jev","human","correct_guess","4","5","10","0","0","false"
"balanced-vs-balanced","0","80","c02","c17","human","human","correct_guess","5","5","11","0","0","false"
"balanced-vs-balanced","0","81","c02","c17","jev","jev","correct_guess","5","5","11","0","0","false"
"balanced-vs-balanced","0","82","c02","c18","human","human","correct_guess","5","5","11","0","0","false"
"balanced-vs-balanced","0","83","c02","c18","jev","jev","correct_guess","5","5","11","0","0","false"
"balanced-vs-balanced","0","84","c02","c19","human","human","correct_guess","5","5","11","0","0","false"
"balanced-vs-balanced","0","85","c02","c19","jev","jev","correct_guess","5","5","11","0","0","false"
"balanced-vs-balanced","0","86","c02","c20","human","human","correct_guess","5","5","11","0","0","false"
"balanced-vs-balanced","0","87","c02","c20","jev","jev","correct_guess","5","5","11","0","0","false"
"balanced-vs-balanced","0","88","c02","c21","human","human","correct_guess","5","5","11","0","0","false"
"balanced-vs-balanced","0","89","c02","c21","jev","jev","correct_guess","5","5","11","0","0","false"
"balanced-vs-balanced","0","90","c02","c22","human","human","correct_guess","4","4","9","0","0","false"
"balanced-vs-balanced","0","91","c02","c22","jev","human","correct_guess","4","5","10","0","0","false"
"balanced-vs-balanced","0","92","c02","c23","human","human","correct_guess","4","4","9","0","0","false"
"balanced-vs-balanced","0","93","c02","c23","jev","human","correct_guess","4","5","10","0","0","false"
"balanced-vs-balanced","0","94","c02","c24","human","human","correct_guess","4","4","9","0","0","false"
"balanced-vs-balanced","0","95","c02","c24","jev","human","correct_guess","4","5","10","0","0","false"
"balanced-vs-balanced","0","96","c03","c01","human","human","correct_guess","5","5","11","0","0","false"
"balanced-vs-balanced","0","97","c03","c01","jev","jev","correct_guess","5","5","11","0","0","false"
"balanced-vs-balanced","0","98","c03","c02","human","human","correct_guess","5","5","11","0","0","false"
"balanced-vs-balanced","0","99","c03","c02","jev","jev","correct_guess","5","5","11","0","0","false"
"balanced-vs-balanced","0","100","c03","c03","human","human","correct_guess","5","5","11","0","0","false"
"balanced-vs-balanced","0","101","c03","c03","jev","jev","correct_guess","5","5","11","0","0","false"
"balanced-vs-balanced","0","102","c03","c04","human","human","correct_guess","4","4","9","0","0","false"
"balanced-vs-balanced","0","103","c03","c04","jev","human","correct_guess","4","5","10","0","0","false"
"balanced-vs-balanced","0","104","c03","c05","human","human","correct_guess","4","4","9","0","0","false"
"balanced-vs-balanced","0","105","c03","c05","jev","human","correct_guess","4","5","10","0","0","false"
"balanced-vs-balanced","0","106","c03","c06","human","human","correct_guess","5","5","11","0","0","false"
"balanced-vs-balanced","0","107","c03","c06","jev","jev","correct_guess","5","5","11","0","0","false"
"balanced-vs-balanced","0","108","c03","c07","human","human","correct_guess","4","4","9","0","0","false"
"balanced-vs-balanced","0","109","c03","c07","jev","human","correct_guess","4","5","10","0","0","false"
"balanced-vs-balanced","0","110","c03","c08","human","human","correct_guess","5","5","11","0","0","false"
"balanced-vs-balanced","0","111","c03","c08","jev","jev","correct_guess","5","5","11","0","0","false"
"balanced-vs-balanced","0","112","c03","c09","human","human","correct_guess","4","4","9","0","0","false"
"balanced-vs-balanced","0","113","c03","c09","jev","human","correct_guess","4","5","10","0","0","false"
"balanced-vs-balanced","0","114","c03","c10","human","jev","correct_guess","6","5","12","0","0","false"
"balanced-vs-balanced","0","115","c03","c10","jev","jev","correct_guess","5","5","11","0","0","false"
"balanced-vs-balanced","0","116","c03","c11","human","human","correct_guess","5","5","11","0","0","false"
"balanced-vs-balanced","0","117","c03","c11","jev","jev","correct_guess","5","5","11","0","0","false"
"balanced-vs-balanced","0","118","c03","c12","human","human","correct_guess","5","5","11","0","0","false"
"balanced-vs-balanced","0","119","c03","c12","jev","jev","correct_guess","5","5","11","0","0","false"
"balanced-vs-balanced","0","120","c03","c13","human","human","correct_guess","5","5","11","0","0","false"
"balanced-vs-balanced","0","121","c03","c13","jev","jev","correct_guess","5","5","11","0","0","false"
"balanced-vs-balanced","0","122","c03","c14","human","jev","correct_guess","6","5","12","0","0","false"
"balanced-vs-balanced","0","123","c03","c14","jev","jev","correct_guess","5","5","11","0","0","false"
"balanced-vs-balanced","0","124","c03","c15","human","human","correct_guess","4","4","9","0","0","false"
"balanced-vs-balanced","0","125","c03","c15","jev","human","correct_guess","4","5","10","0","0","false"
"balanced-vs-balanced","0","126","c03","c16","human","human","correct_guess","4","4","9","0","0","false"
"balanced-vs-balanced","0","127","c03","c16","jev","human","correct_guess","4","5","10","0","0","false"
"balanced-vs-balanced","0","128","c03","c17","human","human","correct_guess","5","5","11","0","0","false"
"balanced-vs-balanced","0","129","c03","c17","jev","jev","correct_guess","5","5","11","0","0","false"
"balanced-vs-balanced","0","130","c03","c18","human","human","correct_guess","5","5","11","0","0","false"
"balanced-vs-balanced","0","131","c03","c18","jev","jev","correct_guess","5","5","11","0","0","false"
"balanced-vs-balanced","0","132","c03","c19","human","human","correct_guess","5","5","11","0","0","false"
"balanced-vs-balanced","0","133","c03","c19","jev","jev","correct_guess","5","5","11","0","0","false"
"balanced-vs-balanced","0","134","c03","c20","human","human","correct_guess","5","5","11","0","0","false"
"balanced-vs-balanced","0","135","c03","c20","jev","jev","correct_guess","5","5","11","0","0","false"
"balanced-vs-balanced","0","136","c03","c21","human","human","correct_guess","5","5","11","0","0","false"
"balanced-vs-balanced","0","137","c03","c21","jev","jev","correct_guess","5","5","11","0","0","false"
"balanced-vs-balanced","0","138","c03","c22","human","human","correct_guess","4","4","9","0","0","false"
"balanced-vs-balanced","0","139","c03","c22","jev","human","correct_guess","4","5","10","0","0","false"
"balanced-vs-balanced","0","140","c03","c23","human","human","correct_guess","4","4","9","0","0","false"
"balanced-vs-balanced","0","141","c03","c23","jev","human","correct_guess","4","5","10","0","0","false"
"balanced-vs-balanced","0","142","c03","c24","human","human","correct_guess","4","4","9","0","0","false"
"balanced-vs-balanced","0","143","c03","c24","jev","human","correct_guess","4","5","10","0","0","false"
"balanced-vs-balanced","0","144","c04","c01","human","jev","correct_guess","5","4","10","0","0","false"
"balanced-vs-balanced","0","145","c04","c01","jev","jev","correct_guess","4","4","9","0","0","false"
"balanced-vs-balanced","0","146","c04","c02","human","jev","correct_guess","5","4","10","0","0","false"
"balanced-vs-balanced","0","147","c04","c02","jev","jev","correct_guess","4","4","9","0","0","false"
"balanced-vs-balanced","0","148","c04","c03","human","jev","correct_guess","5","4","10","0","0","false"
"balanced-vs-balanced","0","149","c04","c03","jev","jev","correct_guess","4","4","9","0","0","false"
"balanced-vs-balanced","0","150","c04","c04","human","human","correct_guess","4","4","9","0","0","false"
"balanced-vs-balanced","0","151","c04","c04","jev","jev","correct_guess","4","4","9","0","0","false"
"balanced-vs-balanced","0","152","c04","c05","human","human","correct_guess","4","4","9","0","0","false"
"balanced-vs-balanced","0","153","c04","c05","jev","jev","correct_guess","4","4","9","0","0","false"
"balanced-vs-balanced","0","154","c04","c06","human","jev","correct_guess","5","4","10","0","0","false"
"balanced-vs-balanced","0","155","c04","c06","jev","jev","correct_guess","4","4","9","0","0","false"
"balanced-vs-balanced","0","156","c04","c07","human","human","correct_guess","4","4","9","0","0","false"
"balanced-vs-balanced","0","157","c04","c07","jev","jev","correct_guess","4","4","9","0","0","false"
"balanced-vs-balanced","0","158","c04","c08","human","jev","correct_guess","5","4","10","0","0","false"
"balanced-vs-balanced","0","159","c04","c08","jev","jev","correct_guess","4","4","9","0","0","false"
"balanced-vs-balanced","0","160","c04","c09","human","human","correct_guess","4","4","9","0","0","false"
"balanced-vs-balanced","0","161","c04","c09","jev","jev","correct_guess","4","4","9","0","0","false"
"balanced-vs-balanced","0","162","c04","c10","human","jev","correct_guess","5","4","10","0","0","false"
"balanced-vs-balanced","0","163","c04","c10","jev","jev","correct_guess","4","4","9","0","0","false"
"balanced-vs-balanced","0","164","c04","c11","human","jev","correct_guess","5","4","10","0","0","false"
"balanced-vs-balanced","0","165","c04","c11","jev","jev","correct_guess","4","4","9","0","0","false"
"balanced-vs-balanced","0","166","c04","c12","human","jev","correct_guess","5","4","10","0","0","false"
"balanced-vs-balanced","0","167","c04","c12","jev","jev","correct_guess","4","4","9","0","0","false"
"balanced-vs-balanced","0","168","c04","c13","human","jev","correct_guess","5","4","10","0","0","false"
"balanced-vs-balanced","0","169","c04","c13","jev","jev","correct_guess","4","4","9","0","0","false"
"balanced-vs-balanced","0","170","c04","c14","human","jev","correct_guess","5","4","10","0","0","false"
"balanced-vs-balanced","0","171","c04","c14","jev","jev","correct_guess","4","4","9","0","0","false"
"balanced-vs-balanced","0","172","c04","c15","human","human","correct_guess","4","4","9","0","0","false"
"balanced-vs-balanced","0","173","c04","c15","jev","jev","correct_guess","4","4","9","0","0","false"
"balanced-vs-balanced","0","174","c04","c16","human","human","correct_guess","4","4","9","0","0","false"
"balanced-vs-balanced","0","175","c04","c16","jev","jev","correct_guess","4","4","9","0","0","false"
"balanced-vs-balanced","0","176","c04","c17","human","jev","correct_guess","5","4","10","0","0","false"
"balanced-vs-balanced","0","177","c04","c17","jev","jev","correct_guess","4","4","9","0","0","false"
"balanced-vs-balanced","0","178","c04","c18","human","jev","correct_guess","5","4","10","0","0","false"
"balanced-vs-balanced","0","179","c04","c18","jev","jev","correct_guess","4","4","9","0","0","false"
"balanced-vs-balanced","0","180","c04","c19","human","jev","correct_guess","5","4","10","0","0","false"
"balanced-vs-balanced","0","181","c04","c19","jev","jev","correct_guess","4","4","9","0","0","false"
"balanced-vs-balanced","0","182","c04","c20","human","jev","correct_guess","5","4","10","0","0","false"
"balanced-vs-balanced","0","183","c04","c20","jev","jev","correct_guess","4","4","9","0","0","false"
"balanced-vs-balanced","0","184","c04","c21","human","jev","correct_guess","5","4","10","0","0","false"
"balanced-vs-balanced","0","185","c04","c21","jev","jev","correct_guess","4","4","9","0","0","false"
"balanced-vs-balanced","0","186","c04","c22","human","human","correct_guess","4","4","9","0","0","false"
"balanced-vs-balanced","0","187","c04","c22","jev","jev","correct_guess","4","4","9","0","0","false"
"balanced-vs-balanced","0","188","c04","c23","human","human","correct_guess","4","4","9","0","0","false"
"balanced-vs-balanced","0","189","c04","c23","jev","jev","correct_guess","4","4","9","0","0","false"
"balanced-vs-balanced","0","190","c04","c24","human","human","correct_guess","4","4","9","0","0","false"
"balanced-vs-balanced","0","191","c04","c24","jev","jev","correct_guess","4","4","9","0","0","false"
"balanced-vs-balanced","0","192","c05","c01","human","jev","correct_guess","5","4","10","0","0","false"
"balanced-vs-balanced","0","193","c05","c01","jev","jev","correct_guess","4","4","9","0","0","false"
"balanced-vs-balanced","0","194","c05","c02","human","jev","correct_guess","5","4","10","0","0","false"
"balanced-vs-balanced","0","195","c05","c02","jev","jev","correct_guess","4","4","9","0","0","false"
"balanced-vs-balanced","0","196","c05","c03","human","jev","correct_guess","5","4","10","0","0","false"
"balanced-vs-balanced","0","197","c05","c03","jev","jev","correct_guess","4","4","9","0","0","false"
"balanced-vs-balanced","0","198","c05","c04","human","human","correct_guess","4","4","9","0","0","false"
"balanced-vs-balanced","0","199","c05","c04","jev","jev","correct_guess","4","4","9","0","0","false"
"balanced-vs-balanced","0","200","c05","c05","human","human","correct_guess","4","4","9","0","0","false"
"balanced-vs-balanced","0","201","c05","c05","jev","jev","correct_guess","4","4","9","0","0","false"
"balanced-vs-balanced","0","202","c05","c06","human","jev","correct_guess","5","4","10","0","0","false"
"balanced-vs-balanced","0","203","c05","c06","jev","jev","correct_guess","4","4","9","0","0","false"
"balanced-vs-balanced","0","204","c05","c07","human","human","correct_guess","4","4","9","0","0","false"
"balanced-vs-balanced","0","205","c05","c07","jev","jev","correct_guess","4","4","9","0","0","false"
"balanced-vs-balanced","0","206","c05","c08","human","jev","correct_guess","5","4","10","0","0","false"
"balanced-vs-balanced","0","207","c05","c08","jev","jev","correct_guess","4","4","9","0","0","false"
"balanced-vs-balanced","0","208","c05","c09","human","human","correct_guess","4","4","9","0","0","false"
"balanced-vs-balanced","0","209","c05","c09","jev","jev","correct_guess","4","4","9","0","0","false"
"balanced-vs-balanced","0","210","c05","c10","human","jev","correct_guess","5","4","10","0","0","false"
"balanced-vs-balanced","0","211","c05","c10","jev","jev","correct_guess","4","4","9","0","0","false"
"balanced-vs-balanced","0","212","c05","c11","human","jev","correct_guess","5","4","10","0","0","false"
"balanced-vs-balanced","0","213","c05","c11","jev","jev","correct_guess","4","4","9","0","0","false"
"balanced-vs-balanced","0","214","c05","c12","human","jev","correct_guess","5","4","10","0","0","false"
"balanced-vs-balanced","0","215","c05","c12","jev","jev","correct_guess","4","4","9","0","0","false"
"balanced-vs-balanced","0","216","c05","c13","human","jev","correct_guess","5","4","10","0","0","false"
"balanced-vs-balanced","0","217","c05","c13","jev","jev","correct_guess","4","4","9","0","0","false"
"balanced-vs-balanced","0","218","c05","c14","human","jev","correct_guess","5","4","10","0","0","false"
"balanced-vs-balanced","0","219","c05","c14","jev","jev","correct_guess","4","4","9","0","0","false"
"balanced-vs-balanced","0","220","c05","c15","human","human","correct_guess","4","4","9","0","0","false"
"balanced-vs-balanced","0","221","c05","c15","jev","jev","correct_guess","4","4","9","0","0","false"
"balanced-vs-balanced","0","222","c05","c16","human","human","correct_guess","4","4","9","0","0","false"
"balanced-vs-balanced","0","223","c05","c16","jev","jev","correct_guess","4","4","9","0","0","false"
"balanced-vs-balanced","0","224","c05","c17","human","jev","correct_guess","5","4","10","0","0","false"
"balanced-vs-balanced","0","225","c05","c17","jev","jev","correct_guess","4","4","9","0","0","false"
"balanced-vs-balanced","0","226","c05","c18","human","jev","correct_guess","5","4","10","0","0","false"
"balanced-vs-balanced","0","227","c05","c18","jev","jev","correct_guess","4","4","9","0","0","false"
"balanced-vs-balanced","0","228","c05","c19","human","jev","correct_guess","5","4","10","0","0","false"
"balanced-vs-balanced","0","229","c05","c19","jev","jev","correct_guess","4","4","9","0","0","false"
"balanced-vs-balanced","0","230","c05","c20","human","jev","correct_guess","5","4","10","0","0","false"
"balanced-vs-balanced","0","231","c05","c20","jev","jev","correct_guess","4","4","9","0","0","false"
"balanced-vs-balanced","0","232","c05","c21","human","jev","correct_guess","5","4","10","0","0","false"
"balanced-vs-balanced","0","233","c05","c21","jev","jev","correct_guess","4","4","9","0","0","false"
"balanced-vs-balanced","0","234","c05","c22","human","human","correct_guess","4","4","9","0","0","false"
"balanced-vs-balanced","0","235","c05","c22","jev","jev","correct_guess","4","4","9","0","0","false"
"balanced-vs-balanced","0","236","c05","c23","human","human","correct_guess","4","4","9","0","0","false"
"balanced-vs-balanced","0","237","c05","c23","jev","jev","correct_guess","4","4","9","0","0","false"
"balanced-vs-balanced","0","238","c05","c24","human","human","correct_guess","4","4","9","0","0","false"
"balanced-vs-balanced","0","239","c05","c24","jev","jev","correct_guess","4","4","9","0","0","false"
"balanced-vs-balanced","0","240","c06","c01","human","human","correct_guess","5","5","11","0","0","false"
"balanced-vs-balanced","0","241","c06","c01","jev","jev","correct_guess","5","5","11","0","0","false"
"balanced-vs-balanced","0","242","c06","c02","human","human","correct_guess","5","5","11","0","0","false"
"balanced-vs-balanced","0","243","c06","c02","jev","jev","correct_guess","5","5","11","0","0","false"
"balanced-vs-balanced","0","244","c06","c03","human","human","correct_guess","5","5","11","0","0","false"
"balanced-vs-balanced","0","245","c06","c03","jev","jev","correct_guess","5","5","11","0","0","false"
"balanced-vs-balanced","0","246","c06","c04","human","human","correct_guess","4","4","9","0","0","false"
"balanced-vs-balanced","0","247","c06","c04","jev","human","correct_guess","4","5","10","0","0","false"
"balanced-vs-balanced","0","248","c06","c05","human","human","correct_guess","4","4","9","0","0","false"
"balanced-vs-balanced","0","249","c06","c05","jev","human","correct_guess","4","5","10","0","0","false"
"balanced-vs-balanced","0","250","c06","c06","human","human","correct_guess","5","5","11","0","0","false"
"balanced-vs-balanced","0","251","c06","c06","jev","jev","correct_guess","5","5","11","0","0","false"
"balanced-vs-balanced","0","252","c06","c07","human","human","correct_guess","4","4","9","0","0","false"
"balanced-vs-balanced","0","253","c06","c07","jev","human","correct_guess","4","5","10","0","0","false"
"balanced-vs-balanced","0","254","c06","c08","human","human","correct_guess","5","5","11","0","0","false"
"balanced-vs-balanced","0","255","c06","c08","jev","jev","correct_guess","5","5","11","0","0","false"
"balanced-vs-balanced","0","256","c06","c09","human","human","correct_guess","4","4","9","0","0","false"
"balanced-vs-balanced","0","257","c06","c09","jev","human","correct_guess","4","5","10","0","0","false"
"balanced-vs-balanced","0","258","c06","c10","human","jev","correct_guess","6","5","12","0","0","false"
"balanced-vs-balanced","0","259","c06","c10","jev","jev","correct_guess","5","5","11","0","0","false"
"balanced-vs-balanced","0","260","c06","c11","human","human","correct_guess","5","5","11","0","0","false"
"balanced-vs-balanced","0","261","c06","c11","jev","jev","correct_guess","5","5","11","0","0","false"
"balanced-vs-balanced","0","262","c06","c12","human","human","correct_guess","5","5","11","0","0","false"
"balanced-vs-balanced","0","263","c06","c12","jev","jev","correct_guess","5","5","11","0","0","false"
"balanced-vs-balanced","0","264","c06","c13","human","human","correct_guess","5","5","11","0","0","false"
"balanced-vs-balanced","0","265","c06","c13","jev","jev","correct_guess","5","5","11","0","0","false"
"balanced-vs-balanced","0","266","c06","c14","human","jev","correct_guess","6","5","12","0","0","false"
"balanced-vs-balanced","0","267","c06","c14","jev","jev","correct_guess","5","5","11","0","0","false"
"balanced-vs-balanced","0","268","c06","c15","human","human","correct_guess","4","4","9","0","0","false"
"balanced-vs-balanced","0","269","c06","c15","jev","human","correct_guess","4","5","10","0","0","false"
"balanced-vs-balanced","0","270","c06","c16","human","human","correct_guess","4","4","9","0","0","false"
"balanced-vs-balanced","0","271","c06","c16","jev","human","correct_guess","4","5","10","0","0","false"
"balanced-vs-balanced","0","272","c06","c17","human","human","correct_guess","5","5","11","0","0","false"
"balanced-vs-balanced","0","273","c06","c17","jev","jev","correct_guess","5","5","11","0","0","false"
"balanced-vs-balanced","0","274","c06","c18","human","human","correct_guess","5","5","11","0","0","false"
"balanced-vs-balanced","0","275","c06","c18","jev","jev","correct_guess","5","5","11","0","0","false"
"balanced-vs-balanced","0","276","c06","c19","human","human","correct_guess","5","5","11","0","0","false"
"balanced-vs-balanced","0","277","c06","c19","jev","jev","correct_guess","5","5","11","0","0","false"
"balanced-vs-balanced","0","278","c06","c20","human","human","correct_guess","5","5","11","0","0","false"
"balanced-vs-balanced","0","279","c06","c20","jev","jev","correct_guess","5","5","11","0","0","false"
"balanced-vs-balanced","0","280","c06","c21","human","human","correct_guess","5","5","11","0","0","false"
"balanced-vs-balanced","0","281","c06","c21","jev","jev","correct_guess","5","5","11","0","0","false"
"balanced-vs-balanced","0","282","c06","c22","human","human","correct_guess","4","4","9","0","0","false"
"balanced-vs-balanced","0","283","c06","c22","jev","human","correct_guess","4","5","10","0","0","false"
"balanced-vs-balanced","0","284","c06","c23","human","human","correct_guess","4","4","9","0","0","false"
"balanced-vs-balanced","0","285","c06","c23","jev","human","correct_guess","4","5","10","0","0","false"
"balanced-vs-balanced","0","286","c06","c24","human","human","correct_guess","4","4","9","0","0","false"
"balanced-vs-balanced","0","287","c06","c24","jev","human","correct_guess","4","5","10","0","0","false"
"balanced-vs-balanced","0","288","c07","c01","human","jev","correct_guess","5","4","10","0","0","false"
"balanced-vs-balanced","0","289","c07","c01","jev","jev","correct_guess","4","4","9","0","0","false"
"balanced-vs-balanced","0","290","c07","c02","human","jev","correct_guess","5","4","10","0","0","false"
"balanced-vs-balanced","0","291","c07","c02","jev","jev","correct_guess","4","4","9","0","0","false"
"balanced-vs-balanced","0","292","c07","c03","human","jev","correct_guess","5","4","10","0","0","false"
"balanced-vs-balanced","0","293","c07","c03","jev","jev","correct_guess","4","4","9","0","0","false"
"balanced-vs-balanced","0","294","c07","c04","human","human","correct_guess","4","4","9","0","0","false"
"balanced-vs-balanced","0","295","c07","c04","jev","jev","correct_guess","4","4","9","0","0","false"
"balanced-vs-balanced","0","296","c07","c05","human","human","correct_guess","4","4","9","0","0","false"
"balanced-vs-balanced","0","297","c07","c05","jev","jev","correct_guess","4","4","9","0","0","false"
"balanced-vs-balanced","0","298","c07","c06","human","jev","correct_guess","5","4","10","0","0","false"
"balanced-vs-balanced","0","299","c07","c06","jev","jev","correct_guess","4","4","9","0","0","false"
"balanced-vs-balanced","0","300","c07","c07","human","human","correct_guess","4","4","9","0","0","false"
"balanced-vs-balanced","0","301","c07","c07","jev","jev","correct_guess","4","4","9","0","0","false"
"balanced-vs-balanced","0","302","c07","c08","human","jev","correct_guess","5","4","10","0","0","false"
"balanced-vs-balanced","0","303","c07","c08","jev","jev","correct_guess","4","4","9","0","0","false"
"balanced-vs-balanced","0","304","c07","c09","human","human","correct_guess","4","4","9","0","0","false"
"balanced-vs-balanced","0","305","c07","c09","jev","jev","correct_guess","4","4","9","0","0","false"
"balanced-vs-balanced","0","306","c07","c10","human","jev","correct_guess","5","4","10","0","0","false"
"balanced-vs-balanced","0","307","c07","c10","jev","jev","correct_guess","4","4","9","0","0","false"
"balanced-vs-balanced","0","308","c07","c11","human","jev","correct_guess","5","4","10","0","0","false"
"balanced-vs-balanced","0","309","c07","c11","jev","jev","correct_guess","4","4","9","0","0","false"
"balanced-vs-balanced","0","310","c07","c12","human","jev","correct_guess","5","4","10","0","0","false"
"balanced-vs-balanced","0","311","c07","c12","jev","jev","correct_guess","4","4","9","0","0","false"
"balanced-vs-balanced","0","312","c07","c13","human","jev","correct_guess","5","4","10","0","0","false"
"balanced-vs-balanced","0","313","c07","c13","jev","jev","correct_guess","4","4","9","0","0","false"
"balanced-vs-balanced","0","314","c07","c14","human","jev","correct_guess","5","4","10","0","0","false"
"balanced-vs-balanced","0","315","c07","c14","jev","jev","correct_guess","4","4","9","0","0","false"
"balanced-vs-balanced","0","316","c07","c15","human","human","correct_guess","4","4","9","0","0","false"
"balanced-vs-balanced","0","317","c07","c15","jev","jev","correct_guess","4","4","9","0","0","false"
"balanced-vs-balanced","0","318","c07","c16","human","human","correct_guess","4","4","9","0","0","false"
"balanced-vs-balanced","0","319","c07","c16","jev","jev","correct_guess","4","4","9","0","0","false"
"balanced-vs-balanced","0","320","c07","c17","human","jev","correct_guess","5","4","10","0","0","false"
"balanced-vs-balanced","0","321","c07","c17","jev","jev","correct_guess","4","4","9","0","0","false"
"balanced-vs-balanced","0","322","c07","c18","human","jev","correct_guess","5","4","10","0","0","false"
"balanced-vs-balanced","0","323","c07","c18","jev","jev","correct_guess","4","4","9","0","0","false"
"balanced-vs-balanced","0","324","c07","c19","human","jev","correct_guess","5","4","10","0","0","false"
"balanced-vs-balanced","0","325","c07","c19","jev","jev","correct_guess","4","4","9","0","0","false"
"balanced-vs-balanced","0","326","c07","c20","human","jev","correct_guess","5","4","10","0","0","false"
"balanced-vs-balanced","0","327","c07","c20","jev","jev","correct_guess","4","4","9","0","0","false"
"balanced-vs-balanced","0","328","c07","c21","human","jev","correct_guess","5","4","10","0","0","false"
"balanced-vs-balanced","0","329","c07","c21","jev","jev","correct_guess","4","4","9","0","0","false"
"balanced-vs-balanced","0","330","c07","c22","human","human","correct_guess","4","4","9","0","0","false"
"balanced-vs-balanced","0","331","c07","c22","jev","jev","correct_guess","4","4","9","0","0","false"
"balanced-vs-balanced","0","332","c07","c23","human","human","correct_guess","4","4","9","0","0","false"
"balanced-vs-balanced","0","333","c07","c23","jev","jev","correct_guess","4","4","9","0","0","false"
"balanced-vs-balanced","0","334","c07","c24","human","human","correct_guess","4","4","9","0","0","false"
"balanced-vs-balanced","0","335","c07","c24","jev","jev","correct_guess","4","4","9","0","0","false"
"balanced-vs-balanced","0","336","c08","c01","human","human","correct_guess","5","5","11","0","0","false"
"balanced-vs-balanced","0","337","c08","c01","jev","jev","correct_guess","5","5","11","0","0","false"
"balanced-vs-balanced","0","338","c08","c02","human","human","correct_guess","5","5","11","0","0","false"
"balanced-vs-balanced","0","339","c08","c02","jev","jev","correct_guess","5","5","11","0","0","false"
"balanced-vs-balanced","0","340","c08","c03","human","human","correct_guess","5","5","11","0","0","false"
"balanced-vs-balanced","0","341","c08","c03","jev","jev","correct_guess","5","5","11","0","0","false"
"balanced-vs-balanced","0","342","c08","c04","human","human","correct_guess","4","4","9","0","0","false"
"balanced-vs-balanced","0","343","c08","c04","jev","human","correct_guess","4","5","10","0","0","false"
"balanced-vs-balanced","0","344","c08","c05","human","human","correct_guess","4","4","9","0","0","false"
"balanced-vs-balanced","0","345","c08","c05","jev","human","correct_guess","4","5","10","0","0","false"
"balanced-vs-balanced","0","346","c08","c06","human","human","correct_guess","5","5","11","0","0","false"
"balanced-vs-balanced","0","347","c08","c06","jev","jev","correct_guess","5","5","11","0","0","false"
"balanced-vs-balanced","0","348","c08","c07","human","human","correct_guess","4","4","9","0","0","false"
"balanced-vs-balanced","0","349","c08","c07","jev","human","correct_guess","4","5","10","0","0","false"
"balanced-vs-balanced","0","350","c08","c08","human","human","correct_guess","5","5","11","0","0","false"
"balanced-vs-balanced","0","351","c08","c08","jev","jev","correct_guess","5","5","11","0","0","false"
"balanced-vs-balanced","0","352","c08","c09","human","human","correct_guess","4","4","9","0","0","false"
"balanced-vs-balanced","0","353","c08","c09","jev","human","correct_guess","4","5","10","0","0","false"
"balanced-vs-balanced","0","354","c08","c10","human","jev","correct_guess","6","5","12","0","0","false"
"balanced-vs-balanced","0","355","c08","c10","jev","jev","correct_guess","5","5","11","0","0","false"
"balanced-vs-balanced","0","356","c08","c11","human","human","correct_guess","5","5","11","0","0","false"
"balanced-vs-balanced","0","357","c08","c11","jev","jev","correct_guess","5","5","11","0","0","false"
"balanced-vs-balanced","0","358","c08","c12","human","human","correct_guess","5","5","11","0","0","false"
"balanced-vs-balanced","0","359","c08","c12","jev","jev","correct_guess","5","5","11","0","0","false"
"balanced-vs-balanced","0","360","c08","c13","human","human","correct_guess","5","5","11","0","0","false"
"balanced-vs-balanced","0","361","c08","c13","jev","jev","correct_guess","5","5","11","0","0","false"
"balanced-vs-balanced","0","362","c08","c14","human","jev","correct_guess","6","5","12","0","0","false"
"balanced-vs-balanced","0","363","c08","c14","jev","jev","correct_guess","5","5","11","0","0","false"
"balanced-vs-balanced","0","364","c08","c15","human","human","correct_guess","4","4","9","0","0","false"
"balanced-vs-balanced","0","365","c08","c15","jev","human","correct_guess","4","5","10","0","0","false"
"balanced-vs-balanced","0","366","c08","c16","human","human","correct_guess","4","4","9","0","0","false"
"balanced-vs-balanced","0","367","c08","c16","jev","human","correct_guess","4","5","10","0","0","false"
"balanced-vs-balanced","0","368","c08","c17","human","human","correct_guess","5","5","11","0","0","false"
"balanced-vs-balanced","0","369","c08","c17","jev","jev","correct_guess","5","5","11","0","0","false"
"balanced-vs-balanced","0","370","c08","c18","human","human","correct_guess","5","5","11","0","0","false"
"balanced-vs-balanced","0","371","c08","c18","jev","jev","correct_guess","5","5","11","0","0","false"
"balanced-vs-balanced","0","372","c08","c19","human","human","correct_guess","5","5","11","0","0","false"
"balanced-vs-balanced","0","373","c08","c19","jev","jev","correct_guess","5","5","11","0","0","false"
"balanced-vs-balanced","0","374","c08","c20","human","human","correct_guess","5","5","11","0","0","false"
"balanced-vs-balanced","0","375","c08","c20","jev","jev","correct_guess","5","5","11","0","0","false"
"balanced-vs-balanced","0","376","c08","c21","human","human","correct_guess","5","5","11","0","0","false"
"balanced-vs-balanced","0","377","c08","c21","jev","jev","correct_guess","5","5","11","0","0","false"
"balanced-vs-balanced","0","378","c08","c22","human","human","correct_guess","4","4","9","0","0","false"
"balanced-vs-balanced","0","379","c08","c22","jev","human","correct_guess","4","5","10","0","0","false"
"balanced-vs-balanced","0","380","c08","c23","human","human","correct_guess","4","4","9","0","0","false"
"balanced-vs-balanced","0","381","c08","c23","jev","human","correct_guess","4","5","10","0","0","false"
"balanced-vs-balanced","0","382","c08","c24","human","human","correct_guess","4","4","9","0","0","false"
"balanced-vs-balanced","0","383","c08","c24","jev","human","correct_guess","4","5","10","0","0","false"
"balanced-vs-balanced","0","384","c09","c01","human","jev","correct_guess","5","4","10","0","0","false"
"balanced-vs-balanced","0","385","c09","c01","jev","jev","correct_guess","4","4","9","0","0","false"
"balanced-vs-balanced","0","386","c09","c02","human","jev","correct_guess","5","4","10","0","0","false"
"balanced-vs-balanced","0","387","c09","c02","jev","jev","correct_guess","4","4","9","0","0","false"
"balanced-vs-balanced","0","388","c09","c03","human","jev","correct_guess","5","4","10","0","0","false"
"balanced-vs-balanced","0","389","c09","c03","jev","jev","correct_guess","4","4","9","0","0","false"
"balanced-vs-balanced","0","390","c09","c04","human","human","correct_guess","4","4","9","0","0","false"
"balanced-vs-balanced","0","391","c09","c04","jev","jev","correct_guess","4","4","9","0","0","false"
"balanced-vs-balanced","0","392","c09","c05","human","human","correct_guess","4","4","9","0","0","false"
"balanced-vs-balanced","0","393","c09","c05","jev","jev","correct_guess","4","4","9","0","0","false"
"balanced-vs-balanced","0","394","c09","c06","human","jev","correct_guess","5","4","10","0","0","false"
"balanced-vs-balanced","0","395","c09","c06","jev","jev","correct_guess","4","4","9","0","0","false"
"balanced-vs-balanced","0","396","c09","c07","human","human","correct_guess","4","4","9","0","0","false"
"balanced-vs-balanced","0","397","c09","c07","jev","jev","correct_guess","4","4","9","0","0","false"
"balanced-vs-balanced","0","398","c09","c08","human","jev","correct_guess","5","4","10","0","0","false"
"balanced-vs-balanced","0","399","c09","c08","jev","jev","correct_guess","4","4","9","0","0","false"
"balanced-vs-balanced","0","400","c09","c09","human","human","correct_guess","4","4","9","0","0","false"
"balanced-vs-balanced","0","401","c09","c09","jev","jev","correct_guess","4","4","9","0","0","false"
"balanced-vs-balanced","0","402","c09","c10","human","jev","correct_guess","5","4","10","0","0","false"
"balanced-vs-balanced","0","403","c09","c10","jev","jev","correct_guess","4","4","9","0","0","false"
"balanced-vs-balanced","0","404","c09","c11","human","jev","correct_guess","5","4","10","0","0","false"
"balanced-vs-balanced","0","405","c09","c11","jev","jev","correct_guess","4","4","9","0","0","false"
"balanced-vs-balanced","0","406","c09","c12","human","jev","correct_guess","5","4","10","0","0","false"
"balanced-vs-balanced","0","407","c09","c12","jev","jev","correct_guess","4","4","9","0","0","false"
"balanced-vs-balanced","0","408","c09","c13","human","jev","correct_guess","5","4","10","0","0","false"
"balanced-vs-balanced","0","409","c09","c13","jev","jev","correct_guess","4","4","9","0","0","false"
"balanced-vs-balanced","0","410","c09","c14","human","jev","correct_guess","5","4","10","0","0","false"
"balanced-vs-balanced","0","411","c09","c14","jev","jev","correct_guess","4","4","9","0","0","false"
"balanced-vs-balanced","0","412","c09","c15","human","human","correct_guess","4","4","9","0","0","false"
"balanced-vs-balanced","0","413","c09","c15","jev","jev","correct_guess","4","4","9","0","0","false"
"balanced-vs-balanced","0","414","c09","c16","human","human","correct_guess","4","4","9","0","0","false"
"balanced-vs-balanced","0","415","c09","c16","jev","jev","correct_guess","4","4","9","0","0","false"
"balanced-vs-balanced","0","416","c09","c17","human","jev","correct_guess","5","4","10","0","0","false"
"balanced-vs-balanced","0","417","c09","c17","jev","jev","correct_guess","4","4","9","0","0","false"
"balanced-vs-balanced","0","418","c09","c18","human","jev","correct_guess","5","4","10","0","0","false"
"balanced-vs-balanced","0","419","c09","c18","jev","jev","correct_guess","4","4","9","0","0","false"
"balanced-vs-balanced","0","420","c09","c19","human","jev","correct_guess","5","4","10","0","0","false"
"balanced-vs-balanced","0","421","c09","c19","jev","jev","correct_guess","4","4","9","0","0","false"
"balanced-vs-balanced","0","422","c09","c20","human","jev","correct_guess","5","4","10","0","0","false"
"balanced-vs-balanced","0","423","c09","c20","jev","jev","correct_guess","4","4","9","0","0","false"
"balanced-vs-balanced","0","424","c09","c21","human","jev","correct_guess","5","4","10","0","0","false"
"balanced-vs-balanced","0","425","c09","c21","jev","jev","correct_guess","4","4","9","0","0","false"
"balanced-vs-balanced","0","426","c09","c22","human","human","correct_guess","4","4","9","0","0","false"
"balanced-vs-balanced","0","427","c09","c22","jev","jev","correct_guess","4","4","9","0","0","false"
"balanced-vs-balanced","0","428","c09","c23","human","human","correct_guess","4","4","9","0","0","false"
"balanced-vs-balanced","0","429","c09","c23","jev","jev","correct_guess","4","4","9","0","0","false"
"balanced-vs-balanced","0","430","c09","c24","human","human","correct_guess","4","4","9","0","0","false"
"balanced-vs-balanced","0","431","c09","c24","jev","jev","correct_guess","4","4","9","0","0","false"
"balanced-vs-balanced","0","432","c10","c01","human","human","correct_guess","5","5","11","0","0","false"
"balanced-vs-balanced","0","433","c10","c01","jev","human","correct_guess","5","6","12","0","0","false"
"balanced-vs-balanced","0","434","c10","c02","human","human","correct_guess","5","5","11","0","0","false"
"balanced-vs-balanced","0","435","c10","c02","jev","human","correct_guess","5","6","12","0","0","false"
"balanced-vs-balanced","0","436","c10","c03","human","human","correct_guess","5","5","11","0","0","false"
"balanced-vs-balanced","0","437","c10","c03","jev","human","correct_guess","5","6","12","0","0","false"
"balanced-vs-balanced","0","438","c10","c04","human","human","correct_guess","4","4","9","0","0","false"
"balanced-vs-balanced","0","439","c10","c04","jev","human","correct_guess","4","5","10","0","0","false"
"balanced-vs-balanced","0","440","c10","c05","human","human","correct_guess","4","4","9","0","0","false"
"balanced-vs-balanced","0","441","c10","c05","jev","human","correct_guess","4","5","10","0","0","false"
"balanced-vs-balanced","0","442","c10","c06","human","human","correct_guess","5","5","11","0","0","false"
"balanced-vs-balanced","0","443","c10","c06","jev","human","correct_guess","5","6","12","0","0","false"
"balanced-vs-balanced","0","444","c10","c07","human","human","correct_guess","4","4","9","0","0","false"
"balanced-vs-balanced","0","445","c10","c07","jev","human","correct_guess","4","5","10","0","0","false"
"balanced-vs-balanced","0","446","c10","c08","human","human","correct_guess","5","5","11","0","0","false"
"balanced-vs-balanced","0","447","c10","c08","jev","human","correct_guess","5","6","12","0","0","false"
"balanced-vs-balanced","0","448","c10","c09","human","human","correct_guess","4","4","9","0","0","false"
"balanced-vs-balanced","0","449","c10","c09","jev","human","correct_guess","4","5","10","0","0","false"
"balanced-vs-balanced","0","450","c10","c10","human","human","correct_guess","6","6","13","0","0","false"
"balanced-vs-balanced","0","451","c10","c10","jev","jev","correct_guess","6","6","13","0","0","false"
"balanced-vs-balanced","0","452","c10","c11","human","human","correct_guess","5","5","11","0","0","false"
"balanced-vs-balanced","0","453","c10","c11","jev","human","correct_guess","5","6","12","0","0","false"
"balanced-vs-balanced","0","454","c10","c12","human","human","correct_guess","5","5","11","0","0","false"
"balanced-vs-balanced","0","455","c10","c12","jev","human","correct_guess","5","6","12","0","0","false"
"balanced-vs-balanced","0","456","c10","c13","human","human","correct_guess","5","5","11","0","0","false"
"balanced-vs-balanced","0","457","c10","c13","jev","human","correct_guess","5","6","12","0","0","false"
"balanced-vs-balanced","0","458","c10","c14","human","human","correct_guess","6","6","13","0","0","false"
"balanced-vs-balanced","0","459","c10","c14","jev","jev","correct_guess","6","6","13","0","0","false"
"balanced-vs-balanced","0","460","c10","c15","human","human","correct_guess","4","4","9","0","0","false"
"balanced-vs-balanced","0","461","c10","c15","jev","human","correct_guess","4","5","10","0","0","false"
"balanced-vs-balanced","0","462","c10","c16","human","human","correct_guess","4","4","9","0","0","false"
"balanced-vs-balanced","0","463","c10","c16","jev","human","correct_guess","4","5","10","0","0","false"
"balanced-vs-balanced","0","464","c10","c17","human","human","correct_guess","5","5","11","0","0","false"
"balanced-vs-balanced","0","465","c10","c17","jev","human","correct_guess","5","6","12","0","0","false"
"balanced-vs-balanced","0","466","c10","c18","human","human","correct_guess","5","5","11","0","0","false"
"balanced-vs-balanced","0","467","c10","c18","jev","human","correct_guess","5","6","12","0","0","false"
"balanced-vs-balanced","0","468","c10","c19","human","human","correct_guess","5","5","11","0","0","false"
"balanced-vs-balanced","0","469","c10","c19","jev","human","correct_guess","5","6","12","0","0","false"
"balanced-vs-balanced","0","470","c10","c20","human","human","correct_guess","5","5","11","0","0","false"
"balanced-vs-balanced","0","471","c10","c20","jev","human","correct_guess","5","6","12","0","0","false"
"balanced-vs-balanced","0","472","c10","c21","human","human","correct_guess","5","5","11","0","0","false"
"balanced-vs-balanced","0","473","c10","c21","jev","human","correct_guess","5","6","12","0","0","false"
"balanced-vs-balanced","0","474","c10","c22","human","human","correct_guess","4","4","9","0","0","false"
"balanced-vs-balanced","0","475","c10","c22","jev","human","correct_guess","4","5","10","0","0","false"
"balanced-vs-balanced","0","476","c10","c23","human","human","correct_guess","4","4","9","0","0","false"
"balanced-vs-balanced","0","477","c10","c23","jev","human","correct_guess","4","5","10","0","0","false"
"balanced-vs-balanced","0","478","c10","c24","human","human","correct_guess","4","4","9","0","0","false"
"balanced-vs-balanced","0","479","c10","c24","jev","human","correct_guess","4","5","10","0","0","false"
"balanced-vs-balanced","0","480","c11","c01","human","human","correct_guess","5","5","11","0","0","false"
"balanced-vs-balanced","0","481","c11","c01","jev","jev","correct_guess","5","5","11","0","0","false"
"balanced-vs-balanced","0","482","c11","c02","human","human","correct_guess","5","5","11","0","0","false"
"balanced-vs-balanced","0","483","c11","c02","jev","jev","correct_guess","5","5","11","0","0","false"
"balanced-vs-balanced","0","484","c11","c03","human","human","correct_guess","5","5","11","0","0","false"
"balanced-vs-balanced","0","485","c11","c03","jev","jev","correct_guess","5","5","11","0","0","false"
"balanced-vs-balanced","0","486","c11","c04","human","human","correct_guess","4","4","9","0","0","false"
"balanced-vs-balanced","0","487","c11","c04","jev","human","correct_guess","4","5","10","0","0","false"
"balanced-vs-balanced","0","488","c11","c05","human","human","correct_guess","4","4","9","0","0","false"
"balanced-vs-balanced","0","489","c11","c05","jev","human","correct_guess","4","5","10","0","0","false"
"balanced-vs-balanced","0","490","c11","c06","human","human","correct_guess","5","5","11","0","0","false"
"balanced-vs-balanced","0","491","c11","c06","jev","jev","correct_guess","5","5","11","0","0","false"
"balanced-vs-balanced","0","492","c11","c07","human","human","correct_guess","4","4","9","0","0","false"
"balanced-vs-balanced","0","493","c11","c07","jev","human","correct_guess","4","5","10","0","0","false"
"balanced-vs-balanced","0","494","c11","c08","human","human","correct_guess","5","5","11","0","0","false"
"balanced-vs-balanced","0","495","c11","c08","jev","jev","correct_guess","5","5","11","0","0","false"
"balanced-vs-balanced","0","496","c11","c09","human","human","correct_guess","4","4","9","0","0","false"
"balanced-vs-balanced","0","497","c11","c09","jev","human","correct_guess","4","5","10","0","0","false"
"balanced-vs-balanced","0","498","c11","c10","human","jev","correct_guess","6","5","12","0","0","false"
"balanced-vs-balanced","0","499","c11","c10","jev","jev","correct_guess","5","5","11","0","0","false"
"balanced-vs-balanced","0","500","c11","c11","human","human","correct_guess","5","5","11","0","0","false"
"balanced-vs-balanced","0","501","c11","c11","jev","jev","correct_guess","5","5","11","0","0","false"
"balanced-vs-balanced","0","502","c11","c12","human","human","correct_guess","5","5","11","0","0","false"
"balanced-vs-balanced","0","503","c11","c12","jev","jev","correct_guess","5","5","11","0","0","false"
"balanced-vs-balanced","0","504","c11","c13","human","human","correct_guess","5","5","11","0","0","false"
"balanced-vs-balanced","0","505","c11","c13","jev","jev","correct_guess","5","5","11","0","0","false"
"balanced-vs-balanced","0","506","c11","c14","human","jev","correct_guess","6","5","12","0","0","false"
"balanced-vs-balanced","0","507","c11","c14","jev","jev","correct_guess","5","5","11","0","0","false"
"balanced-vs-balanced","0","508","c11","c15","human","human","correct_guess","4","4","9","0","0","false"
"balanced-vs-balanced","0","509","c11","c15","jev","human","correct_guess","4","5","10","0","0","false"
"balanced-vs-balanced","0","510","c11","c16","human","human","correct_guess","4","4","9","0","0","false"
"balanced-vs-balanced","0","511","c11","c16","jev","human","correct_guess","4","5","10","0","0","false"
"balanced-vs-balanced","0","512","c11","c17","human","human","correct_guess","5","5","11","0","0","false"
"balanced-vs-balanced","0","513","c11","c17","jev","jev","correct_guess","5","5","11","0","0","false"
"balanced-vs-balanced","0","514","c11","c18","human","human","correct_guess","5","5","11","0","0","false"
"balanced-vs-balanced","0","515","c11","c18","jev","jev","correct_guess","5","5","11","0","0","false"
"balanced-vs-balanced","0","516","c11","c19","human","human","correct_guess","5","5","11","0","0","false"
"balanced-vs-balanced","0","517","c11","c19","jev","jev","correct_guess","5","5","11","0","0","false"
"balanced-vs-balanced","0","518","c11","c20","human","human","correct_guess","5","5","11","0","0","false"
"balanced-vs-balanced","0","519","c11","c20","jev","jev","correct_guess","5","5","11","0","0","false"
"balanced-vs-balanced","0","520","c11","c21","human","human","correct_guess","5","5","11","0","0","false"
"balanced-vs-balanced","0","521","c11","c21","jev","jev","correct_guess","5","5","11","0","0","false"
"balanced-vs-balanced","0","522","c11","c22","human","human","correct_guess","4","4","9","0","0","false"
"balanced-vs-balanced","0","523","c11","c22","jev","human","correct_guess","4","5","10","0","0","false"
"balanced-vs-balanced","0","524","c11","c23","human","human","correct_guess","4","4","9","0","0","false"
"balanced-vs-balanced","0","525","c11","c23","jev","human","correct_guess","4","5","10","0","0","false"
"balanced-vs-balanced","0","526","c11","c24","human","human","correct_guess","4","4","9","0","0","false"
"balanced-vs-balanced","0","527","c11","c24","jev","human","correct_guess","4","5","10","0","0","false"
"balanced-vs-balanced","0","528","c12","c01","human","human","correct_guess","5","5","11","0","0","false"
"balanced-vs-balanced","0","529","c12","c01","jev","jev","correct_guess","5","5","11","0","0","false"
"balanced-vs-balanced","0","530","c12","c02","human","human","correct_guess","5","5","11","0","0","false"
"balanced-vs-balanced","0","531","c12","c02","jev","jev","correct_guess","5","5","11","0","0","false"
"balanced-vs-balanced","0","532","c12","c03","human","human","correct_guess","5","5","11","0","0","false"
"balanced-vs-balanced","0","533","c12","c03","jev","jev","correct_guess","5","5","11","0","0","false"
"balanced-vs-balanced","0","534","c12","c04","human","human","correct_guess","4","4","9","0","0","false"
"balanced-vs-balanced","0","535","c12","c04","jev","human","correct_guess","4","5","10","0","0","false"
"balanced-vs-balanced","0","536","c12","c05","human","human","correct_guess","4","4","9","0","0","false"
"balanced-vs-balanced","0","537","c12","c05","jev","human","correct_guess","4","5","10","0","0","false"
"balanced-vs-balanced","0","538","c12","c06","human","human","correct_guess","5","5","11","0","0","false"
"balanced-vs-balanced","0","539","c12","c06","jev","jev","correct_guess","5","5","11","0","0","false"
"balanced-vs-balanced","0","540","c12","c07","human","human","correct_guess","4","4","9","0","0","false"
"balanced-vs-balanced","0","541","c12","c07","jev","human","correct_guess","4","5","10","0","0","false"
"balanced-vs-balanced","0","542","c12","c08","human","human","correct_guess","5","5","11","0","0","false"
"balanced-vs-balanced","0","543","c12","c08","jev","jev","correct_guess","5","5","11","0","0","false"
"balanced-vs-balanced","0","544","c12","c09","human","human","correct_guess","4","4","9","0","0","false"
"balanced-vs-balanced","0","545","c12","c09","jev","human","correct_guess","4","5","10","0","0","false"
"balanced-vs-balanced","0","546","c12","c10","human","jev","correct_guess","6","5","12","0","0","false"
"balanced-vs-balanced","0","547","c12","c10","jev","jev","correct_guess","5","5","11","0","0","false"
"balanced-vs-balanced","0","548","c12","c11","human","human","correct_guess","5","5","11","0","0","false"
"balanced-vs-balanced","0","549","c12","c11","jev","jev","correct_guess","5","5","11","0","0","false"
"balanced-vs-balanced","0","550","c12","c12","human","human","correct_guess","5","5","11","0","0","false"
"balanced-vs-balanced","0","551","c12","c12","jev","jev","correct_guess","5","5","11","0","0","false"
"balanced-vs-balanced","0","552","c12","c13","human","human","correct_guess","5","5","11","0","0","false"
"balanced-vs-balanced","0","553","c12","c13","jev","jev","correct_guess","5","5","11","0","0","false"
"balanced-vs-balanced","0","554","c12","c14","human","jev","correct_guess","6","5","12","0","0","false"
"balanced-vs-balanced","0","555","c12","c14","jev","jev","correct_guess","5","5","11","0","0","false"
"balanced-vs-balanced","0","556","c12","c15","human","human","correct_guess","4","4","9","0","0","false"
"balanced-vs-balanced","0","557","c12","c15","jev","human","correct_guess","4","5","10","0","0","false"
"balanced-vs-balanced","0","558","c12","c16","human","human","correct_guess","4","4","9","0","0","false"
"balanced-vs-balanced","0","559","c12","c16","jev","human","correct_guess","4","5","10","0","0","false"
"balanced-vs-balanced","0","560","c12","c17","human","human","correct_guess","5","5","11","0","0","false"
"balanced-vs-balanced","0","561","c12","c17","jev","jev","correct_guess","5","5","11","0","0","false"
"balanced-vs-balanced","0","562","c12","c18","human","human","correct_guess","5","5","11","0","0","false"
"balanced-vs-balanced","0","563","c12","c18","jev","jev","correct_guess","5","5","11","0","0","false"
"balanced-vs-balanced","0","564","c12","c19","human","human","correct_guess","5","5","11","0","0","false"
"balanced-vs-balanced","0","565","c12","c19","jev","jev","correct_guess","5","5","11","0","0","false"
"balanced-vs-balanced","0","566","c12","c20","human","human","correct_guess","5","5","11","0","0","false"
"balanced-vs-balanced","0","567","c12","c20","jev","jev","correct_guess","5","5","11","0","0","false"
"balanced-vs-balanced","0","568","c12","c21","human","human","correct_guess","5","5","11","0","0","false"
"balanced-vs-balanced","0","569","c12","c21","jev","jev","correct_guess","5","5","11","0","0","false"
"balanced-vs-balanced","0","570","c12","c22","human","human","correct_guess","4","4","9","0","0","false"
"balanced-vs-balanced","0","571","c12","c22","jev","human","correct_guess","4","5","10","0","0","false"
"balanced-vs-balanced","0","572","c12","c23","human","human","correct_guess","4","4","9","0","0","false"
"balanced-vs-balanced","0","573","c12","c23","jev","human","correct_guess","4","5","10","0","0","false"
"balanced-vs-balanced","0","574","c12","c24","human","human","correct_guess","4","4","9","0","0","false"
"balanced-vs-balanced","0","575","c12","c24","jev","human","correct_guess","4","5","10","0","0","false"
"balanced-vs-balanced","0","576","c13","c01","human","human","correct_guess","5","5","11","0","0","false"
"balanced-vs-balanced","0","577","c13","c01","jev","jev","correct_guess","5","5","11","0","0","false"
"balanced-vs-balanced","0","578","c13","c02","human","human","correct_guess","5","5","11","0","0","false"
"balanced-vs-balanced","0","579","c13","c02","jev","jev","correct_guess","5","5","11","0","0","false"
"balanced-vs-balanced","0","580","c13","c03","human","human","correct_guess","5","5","11","0","0","false"
"balanced-vs-balanced","0","581","c13","c03","jev","jev","correct_guess","5","5","11","0","0","false"
"balanced-vs-balanced","0","582","c13","c04","human","human","correct_guess","4","4","9","0","0","false"
"balanced-vs-balanced","0","583","c13","c04","jev","human","correct_guess","4","5","10","0","0","false"
"balanced-vs-balanced","0","584","c13","c05","human","human","correct_guess","4","4","9","0","0","false"
"balanced-vs-balanced","0","585","c13","c05","jev","human","correct_guess","4","5","10","0","0","false"
"balanced-vs-balanced","0","586","c13","c06","human","human","correct_guess","5","5","11","0","0","false"
"balanced-vs-balanced","0","587","c13","c06","jev","jev","correct_guess","5","5","11","0","0","false"
"balanced-vs-balanced","0","588","c13","c07","human","human","correct_guess","4","4","9","0","0","false"
"balanced-vs-balanced","0","589","c13","c07","jev","human","correct_guess","4","5","10","0","0","false"
"balanced-vs-balanced","0","590","c13","c08","human","human","correct_guess","5","5","11","0","0","false"
"balanced-vs-balanced","0","591","c13","c08","jev","jev","correct_guess","5","5","11","0","0","false"
"balanced-vs-balanced","0","592","c13","c09","human","human","correct_guess","4","4","9","0","0","false"
"balanced-vs-balanced","0","593","c13","c09","jev","human","correct_guess","4","5","10","0","0","false"
"balanced-vs-balanced","0","594","c13","c10","human","jev","correct_guess","6","5","12","0","0","false"
"balanced-vs-balanced","0","595","c13","c10","jev","jev","correct_guess","5","5","11","0","0","false"
"balanced-vs-balanced","0","596","c13","c11","human","human","correct_guess","5","5","11","0","0","false"
"balanced-vs-balanced","0","597","c13","c11","jev","jev","correct_guess","5","5","11","0","0","false"
"balanced-vs-balanced","0","598","c13","c12","human","human","correct_guess","5","5","11","0","0","false"
"balanced-vs-balanced","0","599","c13","c12","jev","jev","correct_guess","5","5","11","0","0","false"
"balanced-vs-balanced","0","600","c13","c13","human","human","correct_guess","5","5","11","0","0","false"
"balanced-vs-balanced","0","601","c13","c13","jev","jev","correct_guess","5","5","11","0","0","false"
"balanced-vs-balanced","0","602","c13","c14","human","jev","correct_guess","6","5","12","0","0","false"
"balanced-vs-balanced","0","603","c13","c14","jev","jev","correct_guess","5","5","11","0","0","false"
"balanced-vs-balanced","0","604","c13","c15","human","human","correct_guess","4","4","9","0","0","false"
"balanced-vs-balanced","0","605","c13","c15","jev","human","correct_guess","4","5","10","0","0","false"
"balanced-vs-balanced","0","606","c13","c16","human","human","correct_guess","4","4","9","0","0","false"
"balanced-vs-balanced","0","607","c13","c16","jev","human","correct_guess","4","5","10","0","0","false"
"balanced-vs-balanced","0","608","c13","c17","human","human","correct_guess","5","5","11","0","0","false"
"balanced-vs-balanced","0","609","c13","c17","jev","jev","correct_guess","5","5","11","0","0","false"
"balanced-vs-balanced","0","610","c13","c18","human","human","correct_guess","5","5","11","0","0","false"
"balanced-vs-balanced","0","611","c13","c18","jev","jev","correct_guess","5","5","11","0","0","false"
"balanced-vs-balanced","0","612","c13","c19","human","human","correct_guess","5","5","11","0","0","false"
"balanced-vs-balanced","0","613","c13","c19","jev","jev","correct_guess","5","5","11","0","0","false"
"balanced-vs-balanced","0","614","c13","c20","human","human","correct_guess","5","5","11","0","0","false"
"balanced-vs-balanced","0","615","c13","c20","jev","jev","correct_guess","5","5","11","0","0","false"
"balanced-vs-balanced","0","616","c13","c21","human","human","correct_guess","5","5","11","0","0","false"
"balanced-vs-balanced","0","617","c13","c21","jev","jev","correct_guess","5","5","11","0","0","false"
"balanced-vs-balanced","0","618","c13","c22","human","human","correct_guess","4","4","9","0","0","false"
"balanced-vs-balanced","0","619","c13","c22","jev","human","correct_guess","4","5","10","0","0","false"
"balanced-vs-balanced","0","620","c13","c23","human","human","correct_guess","4","4","9","0","0","false"
"balanced-vs-balanced","0","621","c13","c23","jev","human","correct_guess","4","5","10","0","0","false"
"balanced-vs-balanced","0","622","c13","c24","human","human","correct_guess","4","4","9","0","0","false"
"balanced-vs-balanced","0","623","c13","c24","jev","human","correct_guess","4","5","10","0","0","false"
"balanced-vs-balanced","0","624","c14","c01","human","human","correct_guess","5","5","11","0","0","false"
"balanced-vs-balanced","0","625","c14","c01","jev","human","correct_guess","5","6","12","0","0","false"
"balanced-vs-balanced","0","626","c14","c02","human","human","correct_guess","5","5","11","0","0","false"
"balanced-vs-balanced","0","627","c14","c02","jev","human","correct_guess","5","6","12","0","0","false"
"balanced-vs-balanced","0","628","c14","c03","human","human","correct_guess","5","5","11","0","0","false"
"balanced-vs-balanced","0","629","c14","c03","jev","human","correct_guess","5","6","12","0","0","false"
"balanced-vs-balanced","0","630","c14","c04","human","human","correct_guess","4","4","9","0","0","false"
"balanced-vs-balanced","0","631","c14","c04","jev","human","correct_guess","4","5","10","0","0","false"
"balanced-vs-balanced","0","632","c14","c05","human","human","correct_guess","4","4","9","0","0","false"
"balanced-vs-balanced","0","633","c14","c05","jev","human","correct_guess","4","5","10","0","0","false"
"balanced-vs-balanced","0","634","c14","c06","human","human","correct_guess","5","5","11","0","0","false"
"balanced-vs-balanced","0","635","c14","c06","jev","human","correct_guess","5","6","12","0","0","false"
"balanced-vs-balanced","0","636","c14","c07","human","human","correct_guess","4","4","9","0","0","false"
"balanced-vs-balanced","0","637","c14","c07","jev","human","correct_guess","4","5","10","0","0","false"
"balanced-vs-balanced","0","638","c14","c08","human","human","correct_guess","5","5","11","0","0","false"
"balanced-vs-balanced","0","639","c14","c08","jev","human","correct_guess","5","6","12","0","0","false"
"balanced-vs-balanced","0","640","c14","c09","human","human","correct_guess","4","4","9","0","0","false"
"balanced-vs-balanced","0","641","c14","c09","jev","human","correct_guess","4","5","10","0","0","false"
"balanced-vs-balanced","0","642","c14","c10","human","human","correct_guess","6","6","13","0","0","false"
"balanced-vs-balanced","0","643","c14","c10","jev","jev","correct_guess","6","6","13","0","0","false"
"balanced-vs-balanced","0","644","c14","c11","human","human","correct_guess","5","5","11","0","0","false"
"balanced-vs-balanced","0","645","c14","c11","jev","human","correct_guess","5","6","12","0","0","false"
"balanced-vs-balanced","0","646","c14","c12","human","human","correct_guess","5","5","11","0","0","false"
"balanced-vs-balanced","0","647","c14","c12","jev","human","correct_guess","5","6","12","0","0","false"
"balanced-vs-balanced","0","648","c14","c13","human","human","correct_guess","5","5","11","0","0","false"
"balanced-vs-balanced","0","649","c14","c13","jev","human","correct_guess","5","6","12","0","0","false"
"balanced-vs-balanced","0","650","c14","c14","human","human","correct_guess","6","6","13","0","0","false"
"balanced-vs-balanced","0","651","c14","c14","jev","jev","correct_guess","6","6","13","0","0","false"
"balanced-vs-balanced","0","652","c14","c15","human","human","correct_guess","4","4","9","0","0","false"
"balanced-vs-balanced","0","653","c14","c15","jev","human","correct_guess","4","5","10","0","0","false"
"balanced-vs-balanced","0","654","c14","c16","human","human","correct_guess","4","4","9","0","0","false"
"balanced-vs-balanced","0","655","c14","c16","jev","human","correct_guess","4","5","10","0","0","false"
"balanced-vs-balanced","0","656","c14","c17","human","human","correct_guess","5","5","11","0","0","false"
"balanced-vs-balanced","0","657","c14","c17","jev","human","correct_guess","5","6","12","0","0","false"
"balanced-vs-balanced","0","658","c14","c18","human","human","correct_guess","5","5","11","0","0","false"
"balanced-vs-balanced","0","659","c14","c18","jev","human","correct_guess","5","6","12","0","0","false"
"balanced-vs-balanced","0","660","c14","c19","human","human","correct_guess","5","5","11","0","0","false"
"balanced-vs-balanced","0","661","c14","c19","jev","human","correct_guess","5","6","12","0","0","false"
"balanced-vs-balanced","0","662","c14","c20","human","human","correct_guess","5","5","11","0","0","false"
"balanced-vs-balanced","0","663","c14","c20","jev","human","correct_guess","5","6","12","0","0","false"
"balanced-vs-balanced","0","664","c14","c21","human","human","correct_guess","5","5","11","0","0","false"
"balanced-vs-balanced","0","665","c14","c21","jev","human","correct_guess","5","6","12","0","0","false"
"balanced-vs-balanced","0","666","c14","c22","human","human","correct_guess","4","4","9","0","0","false"
"balanced-vs-balanced","0","667","c14","c22","jev","human","correct_guess","4","5","10","0","0","false"
"balanced-vs-balanced","0","668","c14","c23","human","human","correct_guess","4","4","9","0","0","false"
"balanced-vs-balanced","0","669","c14","c23","jev","human","correct_guess","4","5","10","0","0","false"
"balanced-vs-balanced","0","670","c14","c24","human","human","correct_guess","4","4","9","0","0","false"
"balanced-vs-balanced","0","671","c14","c24","jev","human","correct_guess","4","5","10","0","0","false"
"balanced-vs-balanced","0","672","c15","c01","human","jev","correct_guess","5","4","10","0","0","false"
"balanced-vs-balanced","0","673","c15","c01","jev","jev","correct_guess","4","4","9","0","0","false"
"balanced-vs-balanced","0","674","c15","c02","human","jev","correct_guess","5","4","10","0","0","false"
"balanced-vs-balanced","0","675","c15","c02","jev","jev","correct_guess","4","4","9","0","0","false"
"balanced-vs-balanced","0","676","c15","c03","human","jev","correct_guess","5","4","10","0","0","false"
"balanced-vs-balanced","0","677","c15","c03","jev","jev","correct_guess","4","4","9","0","0","false"
"balanced-vs-balanced","0","678","c15","c04","human","human","correct_guess","4","4","9","0","0","false"
"balanced-vs-balanced","0","679","c15","c04","jev","jev","correct_guess","4","4","9","0","0","false"
"balanced-vs-balanced","0","680","c15","c05","human","human","correct_guess","4","4","9","0","0","false"
"balanced-vs-balanced","0","681","c15","c05","jev","jev","correct_guess","4","4","9","0","0","false"
"balanced-vs-balanced","0","682","c15","c06","human","jev","correct_guess","5","4","10","0","0","false"
"balanced-vs-balanced","0","683","c15","c06","jev","jev","correct_guess","4","4","9","0","0","false"
"balanced-vs-balanced","0","684","c15","c07","human","human","correct_guess","4","4","9","0","0","false"
"balanced-vs-balanced","0","685","c15","c07","jev","jev","correct_guess","4","4","9","0","0","false"
"balanced-vs-balanced","0","686","c15","c08","human","jev","correct_guess","5","4","10","0","0","false"
"balanced-vs-balanced","0","687","c15","c08","jev","jev","correct_guess","4","4","9","0","0","false"
"balanced-vs-balanced","0","688","c15","c09","human","human","correct_guess","4","4","9","0","0","false"
"balanced-vs-balanced","0","689","c15","c09","jev","jev","correct_guess","4","4","9","0","0","false"
"balanced-vs-balanced","0","690","c15","c10","human","jev","correct_guess","5","4","10","0","0","false"
"balanced-vs-balanced","0","691","c15","c10","jev","jev","correct_guess","4","4","9","0","0","false"
"balanced-vs-balanced","0","692","c15","c11","human","jev","correct_guess","5","4","10","0","0","false"
"balanced-vs-balanced","0","693","c15","c11","jev","jev","correct_guess","4","4","9","0","0","false"
"balanced-vs-balanced","0","694","c15","c12","human","jev","correct_guess","5","4","10","0","0","false"
"balanced-vs-balanced","0","695","c15","c12","jev","jev","correct_guess","4","4","9","0","0","false"
"balanced-vs-balanced","0","696","c15","c13","human","jev","correct_guess","5","4","10","0","0","false"
"balanced-vs-balanced","0","697","c15","c13","jev","jev","correct_guess","4","4","9","0","0","false"
"balanced-vs-balanced","0","698","c15","c14","human","jev","correct_guess","5","4","10","0","0","false"
"balanced-vs-balanced","0","699","c15","c14","jev","jev","correct_guess","4","4","9","0","0","false"
"balanced-vs-balanced","0","700","c15","c15","human","human","correct_guess","4","4","9","0","0","false"
"balanced-vs-balanced","0","701","c15","c15","jev","jev","correct_guess","4","4","9","0","0","false"
"balanced-vs-balanced","0","702","c15","c16","human","human","correct_guess","4","4","9","0","0","false"
"balanced-vs-balanced","0","703","c15","c16","jev","jev","correct_guess","4","4","9","0","0","false"
"balanced-vs-balanced","0","704","c15","c17","human","jev","correct_guess","5","4","10","0","0","false"
"balanced-vs-balanced","0","705","c15","c17","jev","jev","correct_guess","4","4","9","0","0","false"
"balanced-vs-balanced","0","706","c15","c18","human","jev","correct_guess","5","4","10","0","0","false"
"balanced-vs-balanced","0","707","c15","c18","jev","jev","correct_guess","4","4","9","0","0","false"
"balanced-vs-balanced","0","708","c15","c19","human","jev","correct_guess","5","4","10","0","0","false"
"balanced-vs-balanced","0","709","c15","c19","jev","jev","correct_guess","4","4","9","0","0","false"
"balanced-vs-balanced","0","710","c15","c20","human","jev","correct_guess","5","4","10","0","0","false"
"balanced-vs-balanced","0","711","c15","c20","jev","jev","correct_guess","4","4","9","0","0","false"
"balanced-vs-balanced","0","712","c15","c21","human","jev","correct_guess","5","4","10","0","0","false"
"balanced-vs-balanced","0","713","c15","c21","jev","jev","correct_guess","4","4","9","0","0","false"
"balanced-vs-balanced","0","714","c15","c22","human","human","correct_guess","4","4","9","0","0","false"
"balanced-vs-balanced","0","715","c15","c22","jev","jev","correct_guess","4","4","9","0","0","false"
"balanced-vs-balanced","0","716","c15","c23","human","human","correct_guess","4","4","9","0","0","false"
"balanced-vs-balanced","0","717","c15","c23","jev","jev","correct_guess","4","4","9","0","0","false"
"balanced-vs-balanced","0","718","c15","c24","human","human","correct_guess","4","4","9","0","0","false"
"balanced-vs-balanced","0","719","c15","c24","jev","jev","correct_guess","4","4","9","0","0","false"
"balanced-vs-balanced","0","720","c16","c01","human","jev","correct_guess","5","4","10","0","0","false"
"balanced-vs-balanced","0","721","c16","c01","jev","jev","correct_guess","4","4","9","0","0","false"
"balanced-vs-balanced","0","722","c16","c02","human","jev","correct_guess","5","4","10","0","0","false"
"balanced-vs-balanced","0","723","c16","c02","jev","jev","correct_guess","4","4","9","0","0","false"
"balanced-vs-balanced","0","724","c16","c03","human","jev","correct_guess","5","4","10","0","0","false"
"balanced-vs-balanced","0","725","c16","c03","jev","jev","correct_guess","4","4","9","0","0","false"
"balanced-vs-balanced","0","726","c16","c04","human","human","correct_guess","4","4","9","0","0","false"
"balanced-vs-balanced","0","727","c16","c04","jev","jev","correct_guess","4","4","9","0","0","false"
"balanced-vs-balanced","0","728","c16","c05","human","human","correct_guess","4","4","9","0","0","false"
"balanced-vs-balanced","0","729","c16","c05","jev","jev","correct_guess","4","4","9","0","0","false"
"balanced-vs-balanced","0","730","c16","c06","human","jev","correct_guess","5","4","10","0","0","false"
"balanced-vs-balanced","0","731","c16","c06","jev","jev","correct_guess","4","4","9","0","0","false"
"balanced-vs-balanced","0","732","c16","c07","human","human","correct_guess","4","4","9","0","0","false"
"balanced-vs-balanced","0","733","c16","c07","jev","jev","correct_guess","4","4","9","0","0","false"
"balanced-vs-balanced","0","734","c16","c08","human","jev","correct_guess","5","4","10","0","0","false"
"balanced-vs-balanced","0","735","c16","c08","jev","jev","correct_guess","4","4","9","0","0","false"
"balanced-vs-balanced","0","736","c16","c09","human","human","correct_guess","4","4","9","0","0","false"
"balanced-vs-balanced","0","737","c16","c09","jev","jev","correct_guess","4","4","9","0","0","false"
"balanced-vs-balanced","0","738","c16","c10","human","jev","correct_guess","5","4","10","0","0","false"
"balanced-vs-balanced","0","739","c16","c10","jev","jev","correct_guess","4","4","9","0","0","false"
"balanced-vs-balanced","0","740","c16","c11","human","jev","correct_guess","5","4","10","0","0","false"
"balanced-vs-balanced","0","741","c16","c11","jev","jev","correct_guess","4","4","9","0","0","false"
"balanced-vs-balanced","0","742","c16","c12","human","jev","correct_guess","5","4","10","0","0","false"
"balanced-vs-balanced","0","743","c16","c12","jev","jev","correct_guess","4","4","9","0","0","false"
"balanced-vs-balanced","0","744","c16","c13","human","jev","correct_guess","5","4","10","0","0","false"
"balanced-vs-balanced","0","745","c16","c13","jev","jev","correct_guess","4","4","9","0","0","false"
"balanced-vs-balanced","0","746","c16","c14","human","jev","correct_guess","5","4","10","0","0","false"
"balanced-vs-balanced","0","747","c16","c14","jev","jev","correct_guess","4","4","9","0","0","false"
"balanced-vs-balanced","0","748","c16","c15","human","human","correct_guess","4","4","9","0","0","false"
"balanced-vs-balanced","0","749","c16","c15","jev","jev","correct_guess","4","4","9","0","0","false"
"balanced-vs-balanced","0","750","c16","c16","human","human","correct_guess","4","4","9","0","0","false"
"balanced-vs-balanced","0","751","c16","c16","jev","jev","correct_guess","4","4","9","0","0","false"
"balanced-vs-balanced","0","752","c16","c17","human","jev","correct_guess","5","4","10","0","0","false"
"balanced-vs-balanced","0","753","c16","c17","jev","jev","correct_guess","4","4","9","0","0","false"
"balanced-vs-balanced","0","754","c16","c18","human","jev","correct_guess","5","4","10","0","0","false"
"balanced-vs-balanced","0","755","c16","c18","jev","jev","correct_guess","4","4","9","0","0","false"
"balanced-vs-balanced","0","756","c16","c19","human","jev","correct_guess","5","4","10","0","0","false"
"balanced-vs-balanced","0","757","c16","c19","jev","jev","correct_guess","4","4","9","0","0","false"
"balanced-vs-balanced","0","758","c16","c20","human","jev","correct_guess","5","4","10","0","0","false"
"balanced-vs-balanced","0","759","c16","c20","jev","jev","correct_guess","4","4","9","0","0","false"
"balanced-vs-balanced","0","760","c16","c21","human","jev","correct_guess","5","4","10","0","0","false"
"balanced-vs-balanced","0","761","c16","c21","jev","jev","correct_guess","4","4","9","0","0","false"
"balanced-vs-balanced","0","762","c16","c22","human","human","correct_guess","4","4","9","0","0","false"
"balanced-vs-balanced","0","763","c16","c22","jev","jev","correct_guess","4","4","9","0","0","false"
"balanced-vs-balanced","0","764","c16","c23","human","human","correct_guess","4","4","9","0","0","false"
"balanced-vs-balanced","0","765","c16","c23","jev","jev","correct_guess","4","4","9","0","0","false"
"balanced-vs-balanced","0","766","c16","c24","human","human","correct_guess","4","4","9","0","0","false"
"balanced-vs-balanced","0","767","c16","c24","jev","jev","correct_guess","4","4","9","0","0","false"
"balanced-vs-balanced","0","768","c17","c01","human","human","correct_guess","5","5","11","0","0","false"
"balanced-vs-balanced","0","769","c17","c01","jev","jev","correct_guess","5","5","11","0","0","false"
"balanced-vs-balanced","0","770","c17","c02","human","human","correct_guess","5","5","11","0","0","false"
"balanced-vs-balanced","0","771","c17","c02","jev","jev","correct_guess","5","5","11","0","0","false"
"balanced-vs-balanced","0","772","c17","c03","human","human","correct_guess","5","5","11","0","0","false"
"balanced-vs-balanced","0","773","c17","c03","jev","jev","correct_guess","5","5","11","0","0","false"
"balanced-vs-balanced","0","774","c17","c04","human","human","correct_guess","4","4","9","0","0","false"
"balanced-vs-balanced","0","775","c17","c04","jev","human","correct_guess","4","5","10","0","0","false"
"balanced-vs-balanced","0","776","c17","c05","human","human","correct_guess","4","4","9","0","0","false"
"balanced-vs-balanced","0","777","c17","c05","jev","human","correct_guess","4","5","10","0","0","false"
"balanced-vs-balanced","0","778","c17","c06","human","human","correct_guess","5","5","11","0","0","false"
"balanced-vs-balanced","0","779","c17","c06","jev","jev","correct_guess","5","5","11","0","0","false"
"balanced-vs-balanced","0","780","c17","c07","human","human","correct_guess","4","4","9","0","0","false"
"balanced-vs-balanced","0","781","c17","c07","jev","human","correct_guess","4","5","10","0","0","false"
"balanced-vs-balanced","0","782","c17","c08","human","human","correct_guess","5","5","11","0","0","false"
"balanced-vs-balanced","0","783","c17","c08","jev","jev","correct_guess","5","5","11","0","0","false"
"balanced-vs-balanced","0","784","c17","c09","human","human","correct_guess","4","4","9","0","0","false"
"balanced-vs-balanced","0","785","c17","c09","jev","human","correct_guess","4","5","10","0","0","false"
"balanced-vs-balanced","0","786","c17","c10","human","jev","correct_guess","6","5","12","0","0","false"
"balanced-vs-balanced","0","787","c17","c10","jev","jev","correct_guess","5","5","11","0","0","false"
"balanced-vs-balanced","0","788","c17","c11","human","human","correct_guess","5","5","11","0","0","false"
"balanced-vs-balanced","0","789","c17","c11","jev","jev","correct_guess","5","5","11","0","0","false"
"balanced-vs-balanced","0","790","c17","c12","human","human","correct_guess","5","5","11","0","0","false"
"balanced-vs-balanced","0","791","c17","c12","jev","jev","correct_guess","5","5","11","0","0","false"
"balanced-vs-balanced","0","792","c17","c13","human","human","correct_guess","5","5","11","0","0","false"
"balanced-vs-balanced","0","793","c17","c13","jev","jev","correct_guess","5","5","11","0","0","false"
"balanced-vs-balanced","0","794","c17","c14","human","jev","correct_guess","6","5","12","0","0","false"
"balanced-vs-balanced","0","795","c17","c14","jev","jev","correct_guess","5","5","11","0","0","false"
"balanced-vs-balanced","0","796","c17","c15","human","human","correct_guess","4","4","9","0","0","false"
"balanced-vs-balanced","0","797","c17","c15","jev","human","correct_guess","4","5","10","0","0","false"
"balanced-vs-balanced","0","798","c17","c16","human","human","correct_guess","4","4","9","0","0","false"
"balanced-vs-balanced","0","799","c17","c16","jev","human","correct_guess","4","5","10","0","0","false"
"balanced-vs-balanced","0","800","c17","c17","human","human","correct_guess","5","5","11","0","0","false"
"balanced-vs-balanced","0","801","c17","c17","jev","jev","correct_guess","5","5","11","0","0","false"
"balanced-vs-balanced","0","802","c17","c18","human","human","correct_guess","5","5","11","0","0","false"
"balanced-vs-balanced","0","803","c17","c18","jev","jev","correct_guess","5","5","11","0","0","false"
"balanced-vs-balanced","0","804","c17","c19","human","human","correct_guess","5","5","11","0","0","false"
"balanced-vs-balanced","0","805","c17","c19","jev","jev","correct_guess","5","5","11","0","0","false"
"balanced-vs-balanced","0","806","c17","c20","human","human","correct_guess","5","5","11","0","0","false"
"balanced-vs-balanced","0","807","c17","c20","jev","jev","correct_guess","5","5","11","0","0","false"
"balanced-vs-balanced","0","808","c17","c21","human","human","correct_guess","5","5","11","0","0","false"
"balanced-vs-balanced","0","809","c17","c21","jev","jev","correct_guess","5","5","11","0","0","false"
"balanced-vs-balanced","0","810","c17","c22","human","human","correct_guess","4","4","9","0","0","false"
"balanced-vs-balanced","0","811","c17","c22","jev","human","correct_guess","4","5","10","0","0","false"
"balanced-vs-balanced","0","812","c17","c23","human","human","correct_guess","4","4","9","0","0","false"
"balanced-vs-balanced","0","813","c17","c23","jev","human","correct_guess","4","5","10","0","0","false"
"balanced-vs-balanced","0","814","c17","c24","human","human","correct_guess","4","4","9","0","0","false"
"balanced-vs-balanced","0","815","c17","c24","jev","human","correct_guess","4","5","10","0","0","false"
"balanced-vs-balanced","0","816","c18","c01","human","human","correct_guess","5","5","11","0","0","false"
"balanced-vs-balanced","0","817","c18","c01","jev","jev","correct_guess","5","5","11","0","0","false"
"balanced-vs-balanced","0","818","c18","c02","human","human","correct_guess","5","5","11","0","0","false"
"balanced-vs-balanced","0","819","c18","c02","jev","jev","correct_guess","5","5","11","0","0","false"
"balanced-vs-balanced","0","820","c18","c03","human","human","correct_guess","5","5","11","0","0","false"
"balanced-vs-balanced","0","821","c18","c03","jev","jev","correct_guess","5","5","11","0","0","false"
"balanced-vs-balanced","0","822","c18","c04","human","human","correct_guess","4","4","9","0","0","false"
"balanced-vs-balanced","0","823","c18","c04","jev","human","correct_guess","4","5","10","0","0","false"
"balanced-vs-balanced","0","824","c18","c05","human","human","correct_guess","4","4","9","0","0","false"
"balanced-vs-balanced","0","825","c18","c05","jev","human","correct_guess","4","5","10","0","0","false"
"balanced-vs-balanced","0","826","c18","c06","human","human","correct_guess","5","5","11","0","0","false"
"balanced-vs-balanced","0","827","c18","c06","jev","jev","correct_guess","5","5","11","0","0","false"
"balanced-vs-balanced","0","828","c18","c07","human","human","correct_guess","4","4","9","0","0","false"
"balanced-vs-balanced","0","829","c18","c07","jev","human","correct_guess","4","5","10","0","0","false"
"balanced-vs-balanced","0","830","c18","c08","human","human","correct_guess","5","5","11","0","0","false"
"balanced-vs-balanced","0","831","c18","c08","jev","jev","correct_guess","5","5","11","0","0","false"
"balanced-vs-balanced","0","832","c18","c09","human","human","correct_guess","4","4","9","0","0","false"
"balanced-vs-balanced","0","833","c18","c09","jev","human","correct_guess","4","5","10","0","0","false"
"balanced-vs-balanced","0","834","c18","c10","human","jev","correct_guess","6","5","12","0","0","false"
"balanced-vs-balanced","0","835","c18","c10","jev","jev","correct_guess","5","5","11","0","0","false"
"balanced-vs-balanced","0","836","c18","c11","human","human","correct_guess","5","5","11","0","0","false"
"balanced-vs-balanced","0","837","c18","c11","jev","jev","correct_guess","5","5","11","0","0","false"
"balanced-vs-balanced","0","838","c18","c12","human","human","correct_guess","5","5","11","0","0","false"
"balanced-vs-balanced","0","839","c18","c12","jev","jev","correct_guess","5","5","11","0","0","false"
"balanced-vs-balanced","0","840","c18","c13","human","human","correct_guess","5","5","11","0","0","false"
"balanced-vs-balanced","0","841","c18","c13","jev","jev","correct_guess","5","5","11","0","0","false"
"balanced-vs-balanced","0","842","c18","c14","human","jev","correct_guess","6","5","12","0","0","false"
"balanced-vs-balanced","0","843","c18","c14","jev","jev","correct_guess","5","5","11","0","0","false"
"balanced-vs-balanced","0","844","c18","c15","human","human","correct_guess","4","4","9","0","0","false"
"balanced-vs-balanced","0","845","c18","c15","jev","human","correct_guess","4","5","10","0","0","false"
"balanced-vs-balanced","0","846","c18","c16","human","human","correct_guess","4","4","9","0","0","false"
"balanced-vs-balanced","0","847","c18","c16","jev","human","correct_guess","4","5","10","0","0","false"
"balanced-vs-balanced","0","848","c18","c17","human","human","correct_guess","5","5","11","0","0","false"
"balanced-vs-balanced","0","849","c18","c17","jev","jev","correct_guess","5","5","11","0","0","false"
"balanced-vs-balanced","0","850","c18","c18","human","human","correct_guess","5","5","11","0","0","false"
"balanced-vs-balanced","0","851","c18","c18","jev","jev","correct_guess","5","5","11","0","0","false"
"balanced-vs-balanced","0","852","c18","c19","human","human","correct_guess","5","5","11","0","0","false"
"balanced-vs-balanced","0","853","c18","c19","jev","jev","correct_guess","5","5","11","0","0","false"
"balanced-vs-balanced","0","854","c18","c20","human","human","correct_guess","5","5","11","0","0","false"
"balanced-vs-balanced","0","855","c18","c20","jev","jev","correct_guess","5","5","11","0","0","false"
"balanced-vs-balanced","0","856","c18","c21","human","human","correct_guess","5","5","11","0","0","false"
"balanced-vs-balanced","0","857","c18","c21","jev","jev","correct_guess","5","5","11","0","0","false"
"balanced-vs-balanced","0","858","c18","c22","human","human","correct_guess","4","4","9","0","0","false"
"balanced-vs-balanced","0","859","c18","c22","jev","human","correct_guess","4","5","10","0","0","false"
"balanced-vs-balanced","0","860","c18","c23","human","human","correct_guess","4","4","9","0","0","false"
"balanced-vs-balanced","0","861","c18","c23","jev","human","correct_guess","4","5","10","0","0","false"
"balanced-vs-balanced","0","862","c18","c24","human","human","correct_guess","4","4","9","0","0","false"
"balanced-vs-balanced","0","863","c18","c24","jev","human","correct_guess","4","5","10","0","0","false"
"balanced-vs-balanced","0","864","c19","c01","human","human","correct_guess","5","5","11","0","0","false"
"balanced-vs-balanced","0","865","c19","c01","jev","jev","correct_guess","5","5","11","0","0","false"
"balanced-vs-balanced","0","866","c19","c02","human","human","correct_guess","5","5","11","0","0","false"
"balanced-vs-balanced","0","867","c19","c02","jev","jev","correct_guess","5","5","11","0","0","false"
"balanced-vs-balanced","0","868","c19","c03","human","human","correct_guess","5","5","11","0","0","false"
"balanced-vs-balanced","0","869","c19","c03","jev","jev","correct_guess","5","5","11","0","0","false"
"balanced-vs-balanced","0","870","c19","c04","human","human","correct_guess","4","4","9","0","0","false"
"balanced-vs-balanced","0","871","c19","c04","jev","human","correct_guess","4","5","10","0","0","false"
"balanced-vs-balanced","0","872","c19","c05","human","human","correct_guess","4","4","9","0","0","false"
"balanced-vs-balanced","0","873","c19","c05","jev","human","correct_guess","4","5","10","0","0","false"
"balanced-vs-balanced","0","874","c19","c06","human","human","correct_guess","5","5","11","0","0","false"
"balanced-vs-balanced","0","875","c19","c06","jev","jev","correct_guess","5","5","11","0","0","false"
"balanced-vs-balanced","0","876","c19","c07","human","human","correct_guess","4","4","9","0","0","false"
"balanced-vs-balanced","0","877","c19","c07","jev","human","correct_guess","4","5","10","0","0","false"
"balanced-vs-balanced","0","878","c19","c08","human","human","correct_guess","5","5","11","0","0","false"
"balanced-vs-balanced","0","879","c19","c08","jev","jev","correct_guess","5","5","11","0","0","false"
"balanced-vs-balanced","0","880","c19","c09","human","human","correct_guess","4","4","9","0","0","false"
"balanced-vs-balanced","0","881","c19","c09","jev","human","correct_guess","4","5","10","0","0","false"
"balanced-vs-balanced","0","882","c19","c10","human","jev","correct_guess","6","5","12","0","0","false"
"balanced-vs-balanced","0","883","c19","c10","jev","jev","correct_guess","5","5","11","0","0","false"
"balanced-vs-balanced","0","884","c19","c11","human","human","correct_guess","5","5","11","0","0","false"
"balanced-vs-balanced","0","885","c19","c11","jev","jev","correct_guess","5","5","11","0","0","false"
"balanced-vs-balanced","0","886","c19","c12","human","human","correct_guess","5","5","11","0","0","false"
"balanced-vs-balanced","0","887","c19","c12","jev","jev","correct_guess","5","5","11","0","0","false"
"balanced-vs-balanced","0","888","c19","c13","human","human","correct_guess","5","5","11","0","0","false"
"balanced-vs-balanced","0","889","c19","c13","jev","jev","correct_guess","5","5","11","0","0","false"
"balanced-vs-balanced","0","890","c19","c14","human","jev","correct_guess","6","5","12","0","0","false"
"balanced-vs-balanced","0","891","c19","c14","jev","jev","correct_guess","5","5","11","0","0","false"
"balanced-vs-balanced","0","892","c19","c15","human","human","correct_guess","4","4","9","0","0","false"
"balanced-vs-balanced","0","893","c19","c15","jev","human","correct_guess","4","5","10","0","0","false"
"balanced-vs-balanced","0","894","c19","c16","human","human","correct_guess","4","4","9","0","0","false"
"balanced-vs-balanced","0","895","c19","c16","jev","human","correct_guess","4","5","10","0","0","false"
"balanced-vs-balanced","0","896","c19","c17","human","human","correct_guess","5","5","11","0","0","false"
"balanced-vs-balanced","0","897","c19","c17","jev","jev","correct_guess","5","5","11","0","0","false"
"balanced-vs-balanced","0","898","c19","c18","human","human","correct_guess","5","5","11","0","0","false"
"balanced-vs-balanced","0","899","c19","c18","jev","jev","correct_guess","5","5","11","0","0","false"
"balanced-vs-balanced","0","900","c19","c19","human","human","correct_guess","5","5","11","0","0","false"
"balanced-vs-balanced","0","901","c19","c19","jev","jev","correct_guess","5","5","11","0","0","false"
"balanced-vs-balanced","0","902","c19","c20","human","human","correct_guess","5","5","11","0","0","false"
"balanced-vs-balanced","0","903","c19","c20","jev","jev","correct_guess","5","5","11","0","0","false"
"balanced-vs-balanced","0","904","c19","c21","human","human","correct_guess","5","5","11","0","0","false"
"balanced-vs-balanced","0","905","c19","c21","jev","jev","correct_guess","5","5","11","0","0","false"
"balanced-vs-balanced","0","906","c19","c22","human","human","correct_guess","4","4","9","0","0","false"
"balanced-vs-balanced","0","907","c19","c22","jev","human","correct_guess","4","5","10","0","0","false"
"balanced-vs-balanced","0","908","c19","c23","human","human","correct_guess","4","4","9","0","0","false"
"balanced-vs-balanced","0","909","c19","c23","jev","human","correct_guess","4","5","10","0","0","false"
"balanced-vs-balanced","0","910","c19","c24","human","human","correct_guess","4","4","9","0","0","false"
"balanced-vs-balanced","0","911","c19","c24","jev","human","correct_guess","4","5","10","0","0","false"
"balanced-vs-balanced","0","912","c20","c01","human","human","correct_guess","5","5","11","0","0","false"
"balanced-vs-balanced","0","913","c20","c01","jev","jev","correct_guess","5","5","11","0","0","false"
"balanced-vs-balanced","0","914","c20","c02","human","human","correct_guess","5","5","11","0","0","false"
"balanced-vs-balanced","0","915","c20","c02","jev","jev","correct_guess","5","5","11","0","0","false"
"balanced-vs-balanced","0","916","c20","c03","human","human","correct_guess","5","5","11","0","0","false"
"balanced-vs-balanced","0","917","c20","c03","jev","jev","correct_guess","5","5","11","0","0","false"
"balanced-vs-balanced","0","918","c20","c04","human","human","correct_guess","4","4","9","0","0","false"
"balanced-vs-balanced","0","919","c20","c04","jev","human","correct_guess","4","5","10","0","0","false"
"balanced-vs-balanced","0","920","c20","c05","human","human","correct_guess","4","4","9","0","0","false"
"balanced-vs-balanced","0","921","c20","c05","jev","human","correct_guess","4","5","10","0","0","false"
"balanced-vs-balanced","0","922","c20","c06","human","human","correct_guess","5","5","11","0","0","false"
"balanced-vs-balanced","0","923","c20","c06","jev","jev","correct_guess","5","5","11","0","0","false"
"balanced-vs-balanced","0","924","c20","c07","human","human","correct_guess","4","4","9","0","0","false"
"balanced-vs-balanced","0","925","c20","c07","jev","human","correct_guess","4","5","10","0","0","false"
"balanced-vs-balanced","0","926","c20","c08","human","human","correct_guess","5","5","11","0","0","false"
"balanced-vs-balanced","0","927","c20","c08","jev","jev","correct_guess","5","5","11","0","0","false"
"balanced-vs-balanced","0","928","c20","c09","human","human","correct_guess","4","4","9","0","0","false"
"balanced-vs-balanced","0","929","c20","c09","jev","human","correct_guess","4","5","10","0","0","false"
"balanced-vs-balanced","0","930","c20","c10","human","jev","correct_guess","6","5","12","0","0","false"
"balanced-vs-balanced","0","931","c20","c10","jev","jev","correct_guess","5","5","11","0","0","false"
"balanced-vs-balanced","0","932","c20","c11","human","human","correct_guess","5","5","11","0","0","false"
"balanced-vs-balanced","0","933","c20","c11","jev","jev","correct_guess","5","5","11","0","0","false"
"balanced-vs-balanced","0","934","c20","c12","human","human","correct_guess","5","5","11","0","0","false"
"balanced-vs-balanced","0","935","c20","c12","jev","jev","correct_guess","5","5","11","0","0","false"
"balanced-vs-balanced","0","936","c20","c13","human","human","correct_guess","5","5","11","0","0","false"
"balanced-vs-balanced","0","937","c20","c13","jev","jev","correct_guess","5","5","11","0","0","false"
"balanced-vs-balanced","0","938","c20","c14","human","jev","correct_guess","6","5","12","0","0","false"
"balanced-vs-balanced","0","939","c20","c14","jev","jev","correct_guess","5","5","11","0","0","false"
"balanced-vs-balanced","0","940","c20","c15","human","human","correct_guess","4","4","9","0","0","false"
"balanced-vs-balanced","0","941","c20","c15","jev","human","correct_guess","4","5","10","0","0","false"
"balanced-vs-balanced","0","942","c20","c16","human","human","correct_guess","4","4","9","0","0","false"
"balanced-vs-balanced","0","943","c20","c16","jev","human","correct_guess","4","5","10","0","0","false"
"balanced-vs-balanced","0","944","c20","c17","human","human","correct_guess","5","5","11","0","0","false"
"balanced-vs-balanced","0","945","c20","c17","jev","jev","correct_guess","5","5","11","0","0","false"
"balanced-vs-balanced","0","946","c20","c18","human","human","correct_guess","5","5","11","0","0","false"
"balanced-vs-balanced","0","947","c20","c18","jev","jev","correct_guess","5","5","11","0","0","false"
"balanced-vs-balanced","0","948","c20","c19","human","human","correct_guess","5","5","11","0","0","false"
"balanced-vs-balanced","0","949","c20","c19","jev","jev","correct_guess","5","5","11","0","0","false"
"balanced-vs-balanced","0","950","c20","c20","human","human","correct_guess","5","5","11","0","0","false"
"balanced-vs-balanced","0","951","c20","c20","jev","jev","correct_guess","5","5","11","0","0","false"
"balanced-vs-balanced","0","952","c20","c21","human","human","correct_guess","5","5","11","0","0","false"
"balanced-vs-balanced","0","953","c20","c21","jev","jev","correct_guess","5","5","11","0","0","false"
"balanced-vs-balanced","0","954","c20","c22","human","human","correct_guess","4","4","9","0","0","false"
"balanced-vs-balanced","0","955","c20","c22","jev","human","correct_guess","4","5","10","0","0","false"
"balanced-vs-balanced","0","956","c20","c23","human","human","correct_guess","4","4","9","0","0","false"
"balanced-vs-balanced","0","957","c20","c23","jev","human","correct_guess","4","5","10","0","0","false"
"balanced-vs-balanced","0","958","c20","c24","human","human","correct_guess","4","4","9","0","0","false"
"balanced-vs-balanced","0","959","c20","c24","jev","human","correct_guess","4","5","10","0","0","false"
"balanced-vs-balanced","0","960","c21","c01","human","human","correct_guess","5","5","11","0","0","false"
"balanced-vs-balanced","0","961","c21","c01","jev","jev","correct_guess","5","5","11","0","0","false"
"balanced-vs-balanced","0","962","c21","c02","human","human","correct_guess","5","5","11","0","0","false"
"balanced-vs-balanced","0","963","c21","c02","jev","jev","correct_guess","5","5","11","0","0","false"
"balanced-vs-balanced","0","964","c21","c03","human","human","correct_guess","5","5","11","0","0","false"
"balanced-vs-balanced","0","965","c21","c03","jev","jev","correct_guess","5","5","11","0","0","false"
"balanced-vs-balanced","0","966","c21","c04","human","human","correct_guess","4","4","9","0","0","false"
"balanced-vs-balanced","0","967","c21","c04","jev","human","correct_guess","4","5","10","0","0","false"
"balanced-vs-balanced","0","968","c21","c05","human","human","correct_guess","4","4","9","0","0","false"
"balanced-vs-balanced","0","969","c21","c05","jev","human","correct_guess","4","5","10","0","0","false"
"balanced-vs-balanced","0","970","c21","c06","human","human","correct_guess","5","5","11","0","0","false"
"balanced-vs-balanced","0","971","c21","c06","jev","jev","correct_guess","5","5","11","0","0","false"
"balanced-vs-balanced","0","972","c21","c07","human","human","correct_guess","4","4","9","0","0","false"
"balanced-vs-balanced","0","973","c21","c07","jev","human","correct_guess","4","5","10","0","0","false"
"balanced-vs-balanced","0","974","c21","c08","human","human","correct_guess","5","5","11","0","0","false"
"balanced-vs-balanced","0","975","c21","c08","jev","jev","correct_guess","5","5","11","0","0","false"
"balanced-vs-balanced","0","976","c21","c09","human","human","correct_guess","4","4","9","0","0","false"
"balanced-vs-balanced","0","977","c21","c09","jev","human","correct_guess","4","5","10","0","0","false"
"balanced-vs-balanced","0","978","c21","c10","human","jev","correct_guess","6","5","12","0","0","false"
"balanced-vs-balanced","0","979","c21","c10","jev","jev","correct_guess","5","5","11","0","0","false"
"balanced-vs-balanced","0","980","c21","c11","human","human","correct_guess","5","5","11","0","0","false"
"balanced-vs-balanced","0","981","c21","c11","jev","jev","correct_guess","5","5","11","0","0","false"
"balanced-vs-balanced","0","982","c21","c12","human","human","correct_guess","5","5","11","0","0","false"
"balanced-vs-balanced","0","983","c21","c12","jev","jev","correct_guess","5","5","11","0","0","false"
"balanced-vs-balanced","0","984","c21","c13","human","human","correct_guess","5","5","11","0","0","false"
"balanced-vs-balanced","0","985","c21","c13","jev","jev","correct_guess","5","5","11","0","0","false"
"balanced-vs-balanced","0","986","c21","c14","human","jev","correct_guess","6","5","12","0","0","false"
"balanced-vs-balanced","0","987","c21","c14","jev","jev","correct_guess","5","5","11","0","0","false"
"balanced-vs-balanced","0","988","c21","c15","human","human","correct_guess","4","4","9","0","0","false"
"balanced-vs-balanced","0","989","c21","c15","jev","human","correct_guess","4","5","10","0","0","false"
"balanced-vs-balanced","0","990","c21","c16","human","human","correct_guess","4","4","9","0","0","false"
"balanced-vs-balanced","0","991","c21","c16","jev","human","correct_guess","4","5","10","0","0","false"
"balanced-vs-balanced","0","992","c21","c17","human","human","correct_guess","5","5","11","0","0","false"
"balanced-vs-balanced","0","993","c21","c17","jev","jev","correct_guess","5","5","11","0","0","false"
"balanced-vs-balanced","0","994","c21","c18","human","human","correct_guess","5","5","11","0","0","false"
"balanced-vs-balanced","0","995","c21","c18","jev","jev","correct_guess","5","5","11","0","0","false"
"balanced-vs-balanced","0","996","c21","c19","human","human","correct_guess","5","5","11","0","0","false"
"balanced-vs-balanced","0","997","c21","c19","jev","jev","correct_guess","5","5","11","0","0","false"
"balanced-vs-balanced","0","998","c21","c20","human","human","correct_guess","5","5","11","0","0","false"
"balanced-vs-balanced","0","999","c21","c20","jev","jev","correct_guess","5","5","11","0","0","false"
"balanced-vs-balanced","0","1000","c21","c21","human","human","correct_guess","5","5","11","0","0","false"
"balanced-vs-balanced","0","1001","c21","c21","jev","jev","correct_guess","5","5","11","0","0","false"
"balanced-vs-balanced","0","1002","c21","c22","human","human","correct_guess","4","4","9","0","0","false"
"balanced-vs-balanced","0","1003","c21","c22","jev","human","correct_guess","4","5","10","0","0","false"
"balanced-vs-balanced","0","1004","c21","c23","human","human","correct_guess","4","4","9","0","0","false"
"balanced-vs-balanced","0","1005","c21","c23","jev","human","correct_guess","4","5","10","0","0","false"
"balanced-vs-balanced","0","1006","c21","c24","human","human","correct_guess","4","4","9","0","0","false"
"balanced-vs-balanced","0","1007","c21","c24","jev","human","correct_guess","4","5","10","0","0","false"
"balanced-vs-balanced","0","1008","c22","c01","human","jev","correct_guess","5","4","10","0","0","false"
"balanced-vs-balanced","0","1009","c22","c01","jev","jev","correct_guess","4","4","9","0","0","false"
"balanced-vs-balanced","0","1010","c22","c02","human","jev","correct_guess","5","4","10","0","0","false"
"balanced-vs-balanced","0","1011","c22","c02","jev","jev","correct_guess","4","4","9","0","0","false"
"balanced-vs-balanced","0","1012","c22","c03","human","jev","correct_guess","5","4","10","0","0","false"
"balanced-vs-balanced","0","1013","c22","c03","jev","jev","correct_guess","4","4","9","0","0","false"
"balanced-vs-balanced","0","1014","c22","c04","human","human","correct_guess","4","4","9","0","0","false"
"balanced-vs-balanced","0","1015","c22","c04","jev","jev","correct_guess","4","4","9","0","0","false"
"balanced-vs-balanced","0","1016","c22","c05","human","human","correct_guess","4","4","9","0","0","false"
"balanced-vs-balanced","0","1017","c22","c05","jev","jev","correct_guess","4","4","9","0","0","false"
"balanced-vs-balanced","0","1018","c22","c06","human","jev","correct_guess","5","4","10","0","0","false"
"balanced-vs-balanced","0","1019","c22","c06","jev","jev","correct_guess","4","4","9","0","0","false"
"balanced-vs-balanced","0","1020","c22","c07","human","human","correct_guess","4","4","9","0","0","false"
"balanced-vs-balanced","0","1021","c22","c07","jev","jev","correct_guess","4","4","9","0","0","false"
"balanced-vs-balanced","0","1022","c22","c08","human","jev","correct_guess","5","4","10","0","0","false"
"balanced-vs-balanced","0","1023","c22","c08","jev","jev","correct_guess","4","4","9","0","0","false"
"balanced-vs-balanced","0","1024","c22","c09","human","human","correct_guess","4","4","9","0","0","false"
"balanced-vs-balanced","0","1025","c22","c09","jev","jev","correct_guess","4","4","9","0","0","false"
"balanced-vs-balanced","0","1026","c22","c10","human","jev","correct_guess","5","4","10","0","0","false"
"balanced-vs-balanced","0","1027","c22","c10","jev","jev","correct_guess","4","4","9","0","0","false"
"balanced-vs-balanced","0","1028","c22","c11","human","jev","correct_guess","5","4","10","0","0","false"
"balanced-vs-balanced","0","1029","c22","c11","jev","jev","correct_guess","4","4","9","0","0","false"
"balanced-vs-balanced","0","1030","c22","c12","human","jev","correct_guess","5","4","10","0","0","false"
"balanced-vs-balanced","0","1031","c22","c12","jev","jev","correct_guess","4","4","9","0","0","false"
"balanced-vs-balanced","0","1032","c22","c13","human","jev","correct_guess","5","4","10","0","0","false"
"balanced-vs-balanced","0","1033","c22","c13","jev","jev","correct_guess","4","4","9","0","0","false"
"balanced-vs-balanced","0","1034","c22","c14","human","jev","correct_guess","5","4","10","0","0","false"
"balanced-vs-balanced","0","1035","c22","c14","jev","jev","correct_guess","4","4","9","0","0","false"
"balanced-vs-balanced","0","1036","c22","c15","human","human","correct_guess","4","4","9","0","0","false"
"balanced-vs-balanced","0","1037","c22","c15","jev","jev","correct_guess","4","4","9","0","0","false"
"balanced-vs-balanced","0","1038","c22","c16","human","human","correct_guess","4","4","9","0","0","false"
"balanced-vs-balanced","0","1039","c22","c16","jev","jev","correct_guess","4","4","9","0","0","false"
"balanced-vs-balanced","0","1040","c22","c17","human","jev","correct_guess","5","4","10","0","0","false"
"balanced-vs-balanced","0","1041","c22","c17","jev","jev","correct_guess","4","4","9","0","0","false"
"balanced-vs-balanced","0","1042","c22","c18","human","jev","correct_guess","5","4","10","0","0","false"
"balanced-vs-balanced","0","1043","c22","c18","jev","jev","correct_guess","4","4","9","0","0","false"
"balanced-vs-balanced","0","1044","c22","c19","human","jev","correct_guess","5","4","10","0","0","false"
"balanced-vs-balanced","0","1045","c22","c19","jev","jev","correct_guess","4","4","9","0","0","false"
"balanced-vs-balanced","0","1046","c22","c20","human","jev","correct_guess","5","4","10","0","0","false"
"balanced-vs-balanced","0","1047","c22","c20","jev","jev","correct_guess","4","4","9","0","0","false"
"balanced-vs-balanced","0","1048","c22","c21","human","jev","correct_guess","5","4","10","0","0","false"
"balanced-vs-balanced","0","1049","c22","c21","jev","jev","correct_guess","4","4","9","0","0","false"
"balanced-vs-balanced","0","1050","c22","c22","human","human","correct_guess","4","4","9","0","0","false"
"balanced-vs-balanced","0","1051","c22","c22","jev","jev","correct_guess","4","4","9","0","0","false"
"balanced-vs-balanced","0","1052","c22","c23","human","human","correct_guess","4","4","9","0","0","false"
"balanced-vs-balanced","0","1053","c22","c23","jev","jev","correct_guess","4","4","9","0","0","false"
"balanced-vs-balanced","0","1054","c22","c24","human","human","correct_guess","4","4","9","0","0","false"
"balanced-vs-balanced","0","1055","c22","c24","jev","jev","correct_guess","4","4","9","0","0","false"
"balanced-vs-balanced","0","1056","c23","c01","human","jev","correct_guess","5","4","10","0","0","false"
"balanced-vs-balanced","0","1057","c23","c01","jev","jev","correct_guess","4","4","9","0","0","false"
"balanced-vs-balanced","0","1058","c23","c02","human","jev","correct_guess","5","4","10","0","0","false"
"balanced-vs-balanced","0","1059","c23","c02","jev","jev","correct_guess","4","4","9","0","0","false"
"balanced-vs-balanced","0","1060","c23","c03","human","jev","correct_guess","5","4","10","0","0","false"
"balanced-vs-balanced","0","1061","c23","c03","jev","jev","correct_guess","4","4","9","0","0","false"
"balanced-vs-balanced","0","1062","c23","c04","human","human","correct_guess","4","4","9","0","0","false"
"balanced-vs-balanced","0","1063","c23","c04","jev","jev","correct_guess","4","4","9","0","0","false"
"balanced-vs-balanced","0","1064","c23","c05","human","human","correct_guess","4","4","9","0","0","false"
"balanced-vs-balanced","0","1065","c23","c05","jev","jev","correct_guess","4","4","9","0","0","false"
"balanced-vs-balanced","0","1066","c23","c06","human","jev","correct_guess","5","4","10","0","0","false"
"balanced-vs-balanced","0","1067","c23","c06","jev","jev","correct_guess","4","4","9","0","0","false"
"balanced-vs-balanced","0","1068","c23","c07","human","human","correct_guess","4","4","9","0","0","false"
"balanced-vs-balanced","0","1069","c23","c07","jev","jev","correct_guess","4","4","9","0","0","false"
"balanced-vs-balanced","0","1070","c23","c08","human","jev","correct_guess","5","4","10","0","0","false"
"balanced-vs-balanced","0","1071","c23","c08","jev","jev","correct_guess","4","4","9","0","0","false"
"balanced-vs-balanced","0","1072","c23","c09","human","human","correct_guess","4","4","9","0","0","false"
"balanced-vs-balanced","0","1073","c23","c09","jev","jev","correct_guess","4","4","9","0","0","false"
"balanced-vs-balanced","0","1074","c23","c10","human","jev","correct_guess","5","4","10","0","0","false"
"balanced-vs-balanced","0","1075","c23","c10","jev","jev","correct_guess","4","4","9","0","0","false"
"balanced-vs-balanced","0","1076","c23","c11","human","jev","correct_guess","5","4","10","0","0","false"
"balanced-vs-balanced","0","1077","c23","c11","jev","jev","correct_guess","4","4","9","0","0","false"
"balanced-vs-balanced","0","1078","c23","c12","human","jev","correct_guess","5","4","10","0","0","false"
"balanced-vs-balanced","0","1079","c23","c12","jev","jev","correct_guess","4","4","9","0","0","false"
"balanced-vs-balanced","0","1080","c23","c13","human","jev","correct_guess","5","4","10","0","0","false"
"balanced-vs-balanced","0","1081","c23","c13","jev","jev","correct_guess","4","4","9","0","0","false"
"balanced-vs-balanced","0","1082","c23","c14","human","jev","correct_guess","5","4","10","0","0","false"
"balanced-vs-balanced","0","1083","c23","c14","jev","jev","correct_guess","4","4","9","0","0","false"
"balanced-vs-balanced","0","1084","c23","c15","human","human","correct_guess","4","4","9","0","0","false"
"balanced-vs-balanced","0","1085","c23","c15","jev","jev","correct_guess","4","4","9","0","0","false"
"balanced-vs-balanced","0","1086","c23","c16","human","human","correct_guess","4","4","9","0","0","false"
"balanced-vs-balanced","0","1087","c23","c16","jev","jev","correct_guess","4","4","9","0","0","false"
"balanced-vs-balanced","0","1088","c23","c17","human","jev","correct_guess","5","4","10","0","0","false"
"balanced-vs-balanced","0","1089","c23","c17","jev","jev","correct_guess","4","4","9","0","0","false"
"balanced-vs-balanced","0","1090","c23","c18","human","jev","correct_guess","5","4","10","0","0","false"
"balanced-vs-balanced","0","1091","c23","c18","jev","jev","correct_guess","4","4","9","0","0","false"
"balanced-vs-balanced","0","1092","c23","c19","human","jev","correct_guess","5","4","10","0","0","false"
"balanced-vs-balanced","0","1093","c23","c19","jev","jev","correct_guess","4","4","9","0","0","false"
"balanced-vs-balanced","0","1094","c23","c20","human","jev","correct_guess","5","4","10","0","0","false"
"balanced-vs-balanced","0","1095","c23","c20","jev","jev","correct_guess","4","4","9","0","0","false"
"balanced-vs-balanced","0","1096","c23","c21","human","jev","correct_guess","5","4","10","0","0","false"
"balanced-vs-balanced","0","1097","c23","c21","jev","jev","correct_guess","4","4","9","0","0","false"
"balanced-vs-balanced","0","1098","c23","c22","human","human","correct_guess","4","4","9","0","0","false"
"balanced-vs-balanced","0","1099","c23","c22","jev","jev","correct_guess","4","4","9","0","0","false"
"balanced-vs-balanced","0","1100","c23","c23","human","human","correct_guess","4","4","9","0","0","false"
"balanced-vs-balanced","0","1101","c23","c23","jev","jev","correct_guess","4","4","9","0","0","false"
"balanced-vs-balanced","0","1102","c23","c24","human","human","correct_guess","4","4","9","0","0","false"
"balanced-vs-balanced","0","1103","c23","c24","jev","jev","correct_guess","4","4","9","0","0","false"
"balanced-vs-balanced","0","1104","c24","c01","human","jev","correct_guess","5","4","10","0","0","false"
"balanced-vs-balanced","0","1105","c24","c01","jev","jev","correct_guess","4","4","9","0","0","false"
"balanced-vs-balanced","0","1106","c24","c02","human","jev","correct_guess","5","4","10","0","0","false"
"balanced-vs-balanced","0","1107","c24","c02","jev","jev","correct_guess","4","4","9","0","0","false"
"balanced-vs-balanced","0","1108","c24","c03","human","jev","correct_guess","5","4","10","0","0","false"
"balanced-vs-balanced","0","1109","c24","c03","jev","jev","correct_guess","4","4","9","0","0","false"
"balanced-vs-balanced","0","1110","c24","c04","human","human","correct_guess","4","4","9","0","0","false"
"balanced-vs-balanced","0","1111","c24","c04","jev","jev","correct_guess","4","4","9","0","0","false"
"balanced-vs-balanced","0","1112","c24","c05","human","human","correct_guess","4","4","9","0","0","false"
"balanced-vs-balanced","0","1113","c24","c05","jev","jev","correct_guess","4","4","9","0","0","false"
"balanced-vs-balanced","0","1114","c24","c06","human","jev","correct_guess","5","4","10","0","0","false"
"balanced-vs-balanced","0","1115","c24","c06","jev","jev","correct_guess","4","4","9","0","0","false"
"balanced-vs-balanced","0","1116","c24","c07","human","human","correct_guess","4","4","9","0","0","false"
"balanced-vs-balanced","0","1117","c24","c07","jev","jev","correct_guess","4","4","9","0","0","false"
"balanced-vs-balanced","0","1118","c24","c08","human","jev","correct_guess","5","4","10","0","0","false"
"balanced-vs-balanced","0","1119","c24","c08","jev","jev","correct_guess","4","4","9","0","0","false"
"balanced-vs-balanced","0","1120","c24","c09","human","human","correct_guess","4","4","9","0","0","false"
"balanced-vs-balanced","0","1121","c24","c09","jev","jev","correct_guess","4","4","9","0","0","false"
"balanced-vs-balanced","0","1122","c24","c10","human","jev","correct_guess","5","4","10","0","0","false"
"balanced-vs-balanced","0","1123","c24","c10","jev","jev","correct_guess","4","4","9","0","0","false"
"balanced-vs-balanced","0","1124","c24","c11","human","jev","correct_guess","5","4","10","0","0","false"
"balanced-vs-balanced","0","1125","c24","c11","jev","jev","correct_guess","4","4","9","0","0","false"
"balanced-vs-balanced","0","1126","c24","c12","human","jev","correct_guess","5","4","10","0","0","false"
"balanced-vs-balanced","0","1127","c24","c12","jev","jev","correct_guess","4","4","9","0","0","false"
"balanced-vs-balanced","0","1128","c24","c13","human","jev","correct_guess","5","4","10","0","0","false"
"balanced-vs-balanced","0","1129","c24","c13","jev","jev","correct_guess","4","4","9","0","0","false"
"balanced-vs-balanced","0","1130","c24","c14","human","jev","correct_guess","5","4","10","0","0","false"
"balanced-vs-balanced","0","1131","c24","c14","jev","jev","correct_guess","4","4","9","0","0","false"
"balanced-vs-balanced","0","1132","c24","c15","human","human","correct_guess","4","4","9","0","0","false"
"balanced-vs-balanced","0","1133","c24","c15","jev","jev","correct_guess","4","4","9","0","0","false"
"balanced-vs-balanced","0","1134","c24","c16","human","human","correct_guess","4","4","9","0","0","false"
"balanced-vs-balanced","0","1135","c24","c16","jev","jev","correct_guess","4","4","9","0","0","false"
"balanced-vs-balanced","0","1136","c24","c17","human","jev","correct_guess","5","4","10","0","0","false"
"balanced-vs-balanced","0","1137","c24","c17","jev","jev","correct_guess","4","4","9","0","0","false"
"balanced-vs-balanced","0","1138","c24","c18","human","jev","correct_guess","5","4","10","0","0","false"
"balanced-vs-balanced","0","1139","c24","c18","jev","jev","correct_guess","4","4","9","0","0","false"
"balanced-vs-balanced","0","1140","c24","c19","human","jev","correct_guess","5","4","10","0","0","false"
"balanced-vs-balanced","0","1141","c24","c19","jev","jev","correct_guess","4","4","9","0","0","false"
"balanced-vs-balanced","0","1142","c24","c20","human","jev","correct_guess","5","4","10","0","0","false"
"balanced-vs-balanced","0","1143","c24","c20","jev","jev","correct_guess","4","4","9","0","0","false"
"balanced-vs-balanced","0","1144","c24","c21","human","jev","correct_guess","5","4","10","0","0","false"
"balanced-vs-balanced","0","1145","c24","c21","jev","jev","correct_guess","4","4","9","0","0","false"
"balanced-vs-balanced","0","1146","c24","c22","human","human","correct_guess","4","4","9","0","0","false"
"balanced-vs-balanced","0","1147","c24","c22","jev","jev","correct_guess","4","4","9","0","0","false"
"balanced-vs-balanced","0","1148","c24","c23","human","human","correct_guess","4","4","9","0","0","false"
"balanced-vs-balanced","0","1149","c24","c23","jev","jev","correct_guess","4","4","9","0","0","false"
"balanced-vs-balanced","0","1150","c24","c24","human","human","correct_guess","4","4","9","0","0","false"
"balanced-vs-balanced","0","1151","c24","c24","jev","jev","correct_guess","4","4","9","0","0","false"
"balanced-vs-search-hard","0","0","c01","c01","human","jev","correct_guess","4","3","8","0","0","false"
"balanced-vs-search-hard","0","1","c01","c01","jev","jev","correct_guess","5","5","11","0","0","false"
"balanced-vs-search-hard","0","2","c01","c02","human","jev","correct_guess","4","3","8","0","0","false"
"balanced-vs-search-hard","0","3","c01","c02","jev","jev","correct_guess","5","5","11","0","0","false"
"balanced-vs-search-hard","0","4","c01","c03","human","jev","correct_guess","4","3","8","0","0","false"
"balanced-vs-search-hard","0","5","c01","c03","jev","jev","correct_guess","5","5","11","0","0","false"
"balanced-vs-search-hard","0","6","c01","c04","human","jev","correct_guess","4","3","8","0","0","false"
"balanced-vs-search-hard","0","7","c01","c04","jev","jev","correct_guess","4","4","9","0","0","false"
"balanced-vs-search-hard","0","8","c01","c05","human","jev","correct_guess","4","3","8","0","0","false"
"balanced-vs-search-hard","0","9","c01","c05","jev","jev","correct_guess","4","4","9","0","0","false"
"balanced-vs-search-hard","0","10","c01","c06","human","jev","correct_guess","4","3","8","0","0","false"
"balanced-vs-search-hard","0","11","c01","c06","jev","jev","correct_guess","5","5","11","0","0","false"
"balanced-vs-search-hard","0","12","c01","c07","human","jev","correct_guess","4","3","8","0","0","false"
"balanced-vs-search-hard","0","13","c01","c07","jev","jev","correct_guess","4","4","9","0","0","false"
"balanced-vs-search-hard","0","14","c01","c08","human","jev","correct_guess","5","4","10","0","0","false"
"balanced-vs-search-hard","0","15","c01","c08","jev","jev","correct_guess","5","5","11","0","0","false"
"balanced-vs-search-hard","0","16","c01","c09","human","jev","correct_guess","4","3","8","0","0","false"
"balanced-vs-search-hard","0","17","c01","c09","jev","jev","correct_guess","3","3","7","0","0","false"
"balanced-vs-search-hard","0","18","c01","c10","human","jev","correct_guess","6","5","12","0","0","false"
"balanced-vs-search-hard","0","19","c01","c10","jev","jev","correct_guess","5","5","11","0","0","false"
"balanced-vs-search-hard","0","20","c01","c11","human","jev","correct_guess","4","3","8","0","0","false"
"balanced-vs-search-hard","0","21","c01","c11","jev","jev","correct_guess","5","5","11","0","0","false"
"balanced-vs-search-hard","0","22","c01","c12","human","jev","correct_guess","4","3","8","0","0","false"
"balanced-vs-search-hard","0","23","c01","c12","jev","jev","correct_guess","5","5","11","0","0","false"
"balanced-vs-search-hard","0","24","c01","c13","human","jev","correct_guess","4","3","8","0","0","false"
"balanced-vs-search-hard","0","25","c01","c13","jev","jev","correct_guess","5","5","11","0","0","false"
"balanced-vs-search-hard","0","26","c01","c14","human","jev","correct_guess","6","5","12","0","0","false"
"balanced-vs-search-hard","0","27","c01","c14","jev","jev","correct_guess","5","5","11","0","0","false"
"balanced-vs-search-hard","0","28","c01","c15","human","jev","correct_guess","4","3","8","0","0","false"
"balanced-vs-search-hard","0","29","c01","c15","jev","jev","correct_guess","3","3","7","0","0","false"
"balanced-vs-search-hard","0","30","c01","c16","human","jev","correct_guess","4","3","8","0","0","false"
"balanced-vs-search-hard","0","31","c01","c16","jev","jev","correct_guess","4","4","9","0","0","false"
"balanced-vs-search-hard","0","32","c01","c17","human","jev","correct_guess","4","3","8","0","0","false"
"balanced-vs-search-hard","0","33","c01","c17","jev","jev","correct_guess","5","5","11","0","0","false"
"balanced-vs-search-hard","0","34","c01","c18","human","jev","correct_guess","4","3","8","0","0","false"
"balanced-vs-search-hard","0","35","c01","c18","jev","jev","correct_guess","5","5","11","0","0","false"
"balanced-vs-search-hard","0","36","c01","c19","human","jev","correct_guess","4","3","8","0","0","false"
"balanced-vs-search-hard","0","37","c01","c19","jev","jev","correct_guess","5","5","11","0","0","false"
"balanced-vs-search-hard","0","38","c01","c20","human","jev","correct_guess","4","3","8","0","0","false"
"balanced-vs-search-hard","0","39","c01","c20","jev","jev","correct_guess","5","5","11","0","0","false"
"balanced-vs-search-hard","0","40","c01","c21","human","jev","correct_guess","4","3","8","0","0","false"
"balanced-vs-search-hard","0","41","c01","c21","jev","jev","correct_guess","5","5","11","0","0","false"
"balanced-vs-search-hard","0","42","c01","c22","human","jev","correct_guess","4","3","8","0","0","false"
"balanced-vs-search-hard","0","43","c01","c22","jev","jev","correct_guess","3","3","7","0","0","false"
"balanced-vs-search-hard","0","44","c01","c23","human","jev","correct_guess","4","3","8","0","0","false"
"balanced-vs-search-hard","0","45","c01","c23","jev","jev","correct_guess","4","4","9","0","0","false"
"balanced-vs-search-hard","0","46","c01","c24","human","jev","correct_guess","4","3","8","0","0","false"
"balanced-vs-search-hard","0","47","c01","c24","jev","jev","correct_guess","3","3","7","0","0","false"
"balanced-vs-search-hard","0","48","c02","c01","human","jev","correct_guess","4","3","8","0","0","false"
"balanced-vs-search-hard","0","49","c02","c01","jev","jev","correct_guess","5","5","11","0","0","false"
"balanced-vs-search-hard","0","50","c02","c02","human","jev","correct_guess","4","3","8","0","0","false"
"balanced-vs-search-hard","0","51","c02","c02","jev","jev","correct_guess","5","5","11","0","0","false"
"balanced-vs-search-hard","0","52","c02","c03","human","jev","correct_guess","4","3","8","0","0","false"
"balanced-vs-search-hard","0","53","c02","c03","jev","jev","correct_guess","5","5","11","0","0","false"
"balanced-vs-search-hard","0","54","c02","c04","human","jev","correct_guess","4","3","8","0","0","false"
"balanced-vs-search-hard","0","55","c02","c04","jev","jev","correct_guess","4","4","9","0","0","false"
"balanced-vs-search-hard","0","56","c02","c05","human","jev","correct_guess","4","3","8","0","0","false"
"balanced-vs-search-hard","0","57","c02","c05","jev","jev","correct_guess","4","4","9","0","0","false"
"balanced-vs-search-hard","0","58","c02","c06","human","jev","correct_guess","4","3","8","0","0","false"
"balanced-vs-search-hard","0","59","c02","c06","jev","jev","correct_guess","5","5","11","0","0","false"
"balanced-vs-search-hard","0","60","c02","c07","human","jev","correct_guess","4","3","8","0","0","false"
"balanced-vs-search-hard","0","61","c02","c07","jev","jev","correct_guess","4","4","9","0","0","false"
"balanced-vs-search-hard","0","62","c02","c08","human","jev","correct_guess","5","4","10","0","0","false"
"balanced-vs-search-hard","0","63","c02","c08","jev","jev","correct_guess","5","5","11","0","0","false"
"balanced-vs-search-hard","0","64","c02","c09","human","jev","correct_guess","4","3","8","0","0","false"
"balanced-vs-search-hard","0","65","c02","c09","jev","jev","correct_guess","3","3","7","0","0","false"
"balanced-vs-search-hard","0","66","c02","c10","human","jev","correct_guess","6","5","12","0","0","false"
"balanced-vs-search-hard","0","67","c02","c10","jev","jev","correct_guess","5","5","11","0","0","false"
"balanced-vs-search-hard","0","68","c02","c11","human","jev","correct_guess","4","3","8","0","0","false"
"balanced-vs-search-hard","0","69","c02","c11","jev","jev","correct_guess","5","5","11","0","0","false"
"balanced-vs-search-hard","0","70","c02","c12","human","jev","correct_guess","4","3","8","0","0","false"
"balanced-vs-search-hard","0","71","c02","c12","jev","jev","correct_guess","5","5","11","0","0","false"
"balanced-vs-search-hard","0","72","c02","c13","human","jev","correct_guess","4","3","8","0","0","false"
"balanced-vs-search-hard","0","73","c02","c13","jev","jev","correct_guess","5","5","11","0","0","false"
"balanced-vs-search-hard","0","74","c02","c14","human","jev","correct_guess","6","5","12","0","0","false"
"balanced-vs-search-hard","0","75","c02","c14","jev","jev","correct_guess","5","5","11","0","0","false"
"balanced-vs-search-hard","0","76","c02","c15","human","jev","correct_guess","4","3","8","0","0","false"
"balanced-vs-search-hard","0","77","c02","c15","jev","jev","correct_guess","3","3","7","0","0","false"
"balanced-vs-search-hard","0","78","c02","c16","human","jev","correct_guess","4","3","8","0","0","false"
"balanced-vs-search-hard","0","79","c02","c16","jev","jev","correct_guess","4","4","9","0","0","false"
"balanced-vs-search-hard","0","80","c02","c17","human","jev","correct_guess","4","3","8","0","0","false"
"balanced-vs-search-hard","0","81","c02","c17","jev","jev","correct_guess","5","5","11","0","0","false"
"balanced-vs-search-hard","0","82","c02","c18","human","jev","correct_guess","4","3","8","0","0","false"
"balanced-vs-search-hard","0","83","c02","c18","jev","jev","correct_guess","5","5","11","0","0","false"
"balanced-vs-search-hard","0","84","c02","c19","human","jev","correct_guess","4","3","8","0","0","false"
"balanced-vs-search-hard","0","85","c02","c19","jev","jev","correct_guess","5","5","11","0","0","false"
"balanced-vs-search-hard","0","86","c02","c20","human","jev","correct_guess","4","3","8","0","0","false"
"balanced-vs-search-hard","0","87","c02","c20","jev","jev","correct_guess","5","5","11","0","0","false"
"balanced-vs-search-hard","0","88","c02","c21","human","jev","correct_guess","4","3","8","0","0","false"
"balanced-vs-search-hard","0","89","c02","c21","jev","jev","correct_guess","5","5","11","0","0","false"
"balanced-vs-search-hard","0","90","c02","c22","human","jev","correct_guess","4","3","8","0","0","false"
"balanced-vs-search-hard","0","91","c02","c22","jev","jev","correct_guess","3","3","7","0","0","false"
"balanced-vs-search-hard","0","92","c02","c23","human","jev","correct_guess","4","3","8","0","0","false"
"balanced-vs-search-hard","0","93","c02","c23","jev","jev","correct_guess","4","4","9","0","0","false"
"balanced-vs-search-hard","0","94","c02","c24","human","jev","correct_guess","4","3","8","0","0","false"
"balanced-vs-search-hard","0","95","c02","c24","jev","jev","correct_guess","3","3","7","0","0","false"
"balanced-vs-search-hard","0","96","c03","c01","human","human","wrong_guess","4","3","8","0","0","false"
"balanced-vs-search-hard","0","97","c03","c01","jev","jev","correct_guess","5","5","11","0","0","false"
"balanced-vs-search-hard","0","98","c03","c02","human","human","wrong_guess","4","3","8","0","0","false"
"balanced-vs-search-hard","0","99","c03","c02","jev","jev","correct_guess","5","5","11","0","0","false"
"balanced-vs-search-hard","0","100","c03","c03","human","human","wrong_guess","4","3","8","0","0","false"
"balanced-vs-search-hard","0","101","c03","c03","jev","jev","correct_guess","5","5","11","0","0","false"
"balanced-vs-search-hard","0","102","c03","c04","human","human","wrong_guess","4","3","8","0","0","false"
"balanced-vs-search-hard","0","103","c03","c04","jev","jev","correct_guess","4","4","9","0","0","false"
"balanced-vs-search-hard","0","104","c03","c05","human","human","wrong_guess","4","3","8","0","0","false"
"balanced-vs-search-hard","0","105","c03","c05","jev","jev","correct_guess","4","4","9","0","0","false"
"balanced-vs-search-hard","0","106","c03","c06","human","human","wrong_guess","4","3","8","0","0","false"
"balanced-vs-search-hard","0","107","c03","c06","jev","jev","correct_guess","5","5","11","0","0","false"
"balanced-vs-search-hard","0","108","c03","c07","human","human","wrong_guess","4","3","8","0","0","false"
"balanced-vs-search-hard","0","109","c03","c07","jev","jev","correct_guess","4","4","9","0","0","false"
"balanced-vs-search-hard","0","110","c03","c08","human","jev","correct_guess","5","4","10","0","0","false"
"balanced-vs-search-hard","0","111","c03","c08","jev","jev","correct_guess","5","5","11","0","0","false"
"balanced-vs-search-hard","0","112","c03","c09","human","jev","correct_guess","3","2","6","0","0","false"
"balanced-vs-search-hard","0","113","c03","c09","jev","human","wrong_guess","3","3","7","0","0","false"
"balanced-vs-search-hard","0","114","c03","c10","human","jev","correct_guess","6","5","12","0","0","false"
"balanced-vs-search-hard","0","115","c03","c10","jev","jev","correct_guess","5","5","11","0","0","false"
"balanced-vs-search-hard","0","116","c03","c11","human","human","wrong_guess","4","3","8","0","0","false"
"balanced-vs-search-hard","0","117","c03","c11","jev","jev","correct_guess","5","5","11","0","0","false"
"balanced-vs-search-hard","0","118","c03","c12","human","jev","correct_guess","4","3","8","0","0","false"
"balanced-vs-search-hard","0","119","c03","c12","jev","jev","correct_guess","5","5","11","0","0","false"
"balanced-vs-search-hard","0","120","c03","c13","human","jev","correct_guess","4","3","8","0","0","false"
"balanced-vs-search-hard","0","121","c03","c13","jev","jev","correct_guess","5","5","11","0","0","false"
"balanced-vs-search-hard","0","122","c03","c14","human","jev","correct_guess","6","5","12","0","0","false"
"balanced-vs-search-hard","0","123","c03","c14","jev","jev","correct_guess","5","5","11","0","0","false"
"balanced-vs-search-hard","0","124","c03","c15","human","jev","correct_guess","3","2","6","0","0","false"
"balanced-vs-search-hard","0","125","c03","c15","jev","human","wrong_guess","3","3","7","0","0","false"
"balanced-vs-search-hard","0","126","c03","c16","human","jev","correct_guess","4","3","8","0","0","false"
"balanced-vs-search-hard","0","127","c03","c16","jev","jev","correct_guess","4","4","9","0","0","false"
"balanced-vs-search-hard","0","128","c03","c17","human","human","wrong_guess","4","3","8","0","0","false"
"balanced-vs-search-hard","0","129","c03","c17","jev","jev","correct_guess","5","5","11","0","0","false"
"balanced-vs-search-hard","0","130","c03","c18","human","jev","correct_guess","4","3","8","0","0","false"
"balanced-vs-search-hard","0","131","c03","c18","jev","jev","correct_guess","5","5","11","0","0","false"
"balanced-vs-search-hard","0","132","c03","c19","human","human","wrong_guess","4","3","8","0","0","false"
"balanced-vs-search-hard","0","133","c03","c19","jev","jev","correct_guess","5","5","11","0","0","false"
"balanced-vs-search-hard","0","134","c03","c20","human","human","wrong_guess","4","3","8","0","0","false"
"balanced-vs-search-hard","0","135","c03","c20","jev","jev","correct_guess","5","5","11","0","0","false"
"balanced-vs-search-hard","0","136","c03","c21","human","jev","correct_guess","4","3","8","0","0","false"
"balanced-vs-search-hard","0","137","c03","c21","jev","jev","correct_guess","5","5","11","0","0","false"
"balanced-vs-search-hard","0","138","c03","c22","human","jev","correct_guess","3","2","6","0","0","false"
"balanced-vs-search-hard","0","139","c03","c22","jev","human","wrong_guess","3","3","7","0","0","false"
"balanced-vs-search-hard","0","140","c03","c23","human","human","wrong_guess","4","3","8","0","0","false"
"balanced-vs-search-hard","0","141","c03","c23","jev","jev","correct_guess","4","4","9","0","0","false"
"balanced-vs-search-hard","0","142","c03","c24","human","jev","correct_guess","3","2","6","0","0","false"
"balanced-vs-search-hard","0","143","c03","c24","jev","human","wrong_guess","3","3","7","0","0","false"
"balanced-vs-search-hard","0","144","c04","c01","human","human","wrong_guess","4","3","8","0","0","false"
"balanced-vs-search-hard","0","145","c04","c01","jev","jev","correct_guess","4","4","9","0","0","false"
"balanced-vs-search-hard","0","146","c04","c02","human","human","wrong_guess","4","3","8","0","0","false"
"balanced-vs-search-hard","0","147","c04","c02","jev","jev","correct_guess","4","4","9","0","0","false"
"balanced-vs-search-hard","0","148","c04","c03","human","human","wrong_guess","4","3","8","0","0","false"
"balanced-vs-search-hard","0","149","c04","c03","jev","jev","correct_guess","4","4","9","0","0","false"
"balanced-vs-search-hard","0","150","c04","c04","human","human","wrong_guess","4","3","8","0","0","false"
"balanced-vs-search-hard","0","151","c04","c04","jev","jev","correct_guess","4","4","9","0","0","false"
"balanced-vs-search-hard","0","152","c04","c05","human","human","wrong_guess","4","3","8","0","0","false"
"balanced-vs-search-hard","0","153","c04","c05","jev","jev","correct_guess","4","4","9","0","0","false"
"balanced-vs-search-hard","0","154","c04","c06","human","human","wrong_guess","4","3","8","0","0","false"
"balanced-vs-search-hard","0","155","c04","c06","jev","jev","correct_guess","4","4","9","0","0","false"
"balanced-vs-search-hard","0","156","c04","c07","human","human","wrong_guess","4","3","8","0","0","false"
"balanced-vs-search-hard","0","157","c04","c07","jev","jev","correct_guess","4","4","9","0","0","false"
"balanced-vs-search-hard","0","158","c04","c08","human","jev","correct_guess","5","4","10","0","0","false"
"balanced-vs-search-hard","0","159","c04","c08","jev","jev","correct_guess","4","4","9","0","0","false"
"balanced-vs-search-hard","0","160","c04","c09","human","human","wrong_guess","3","2","6","0","0","false"
"balanced-vs-search-hard","0","161","c04","c09","jev","human","wrong_guess","3","3","7","0","0","false"
"balanced-vs-search-hard","0","162","c04","c10","human","jev","correct_guess","6","5","12","0","0","false"
"balanced-vs-search-hard","0","163","c04","c10","jev","jev","correct_guess","4","4","9","0","0","false"
"balanced-vs-search-hard","0","164","c04","c11","human","human","wrong_guess","4","3","8","0","0","false"
"balanced-vs-search-hard","0","165","c04","c11","jev","jev","correct_guess","4","4","9","0","0","false"
"balanced-vs-search-hard","0","166","c04","c12","human","jev","correct_guess","4","3","8","0","0","false"
"balanced-vs-search-hard","0","167","c04","c12","jev","jev","correct_guess","4","4","9","0","0","false"
"balanced-vs-search-hard","0","168","c04","c13","human","jev","correct_guess","4","3","8","0","0","false"
"balanced-vs-search-hard","0","169","c04","c13","jev","jev","correct_guess","4","4","9","0","0","false"
"balanced-vs-search-hard","0","170","c04","c14","human","jev","correct_guess","6","5","12","0","0","false"
"balanced-vs-search-hard","0","171","c04","c14","jev","jev","correct_guess","4","4","9","0","0","false"
"balanced-vs-search-hard","0","172","c04","c15","human","human","wrong_guess","3","2","6","0","0","false"
"balanced-vs-search-hard","0","173","c04","c15","jev","human","wrong_guess","3","3","7","0","0","false"
"balanced-vs-search-hard","0","174","c04","c16","human","jev","correct_guess","4","3","8","0","0","false"
"balanced-vs-search-hard","0","175","c04","c16","jev","jev","correct_guess","4","4","9","0","0","false"
"balanced-vs-search-hard","0","176","c04","c17","human","human","wrong_guess","4","3","8","0","0","false"
"balanced-vs-search-hard","0","177","c04","c17","jev","jev","correct_guess","4","4","9","0","0","false"
"balanced-vs-search-hard","0","178","c04","c18","human","jev","correct_guess","4","3","8","0","0","false"
"balanced-vs-search-hard","0","179","c04","c18","jev","jev","correct_guess","4","4","9","0","0","false"
"balanced-vs-search-hard","0","180","c04","c19","human","human","wrong_guess","4","3","8","0","0","false"
"balanced-vs-search-hard","0","181","c04","c19","jev","jev","correct_guess","4","4","9","0","0","false"
"balanced-vs-search-hard","0","182","c04","c20","human","human","wrong_guess","4","3","8","0","0","false"
"balanced-vs-search-hard","0","183","c04","c20","jev","jev","correct_guess","4","4","9","0","0","false"
"balanced-vs-search-hard","0","184","c04","c21","human","jev","correct_guess","4","3","8","0","0","false"
"balanced-vs-search-hard","0","185","c04","c21","jev","jev","correct_guess","4","4","9","0","0","false"
"balanced-vs-search-hard","0","186","c04","c22","human","human","wrong_guess","3","2","6","0","0","false"
"balanced-vs-search-hard","0","187","c04","c22","jev","human","wrong_guess","3","3","7","0","0","false"
"balanced-vs-search-hard","0","188","c04","c23","human","human","wrong_guess","4","3","8","0","0","false"
"balanced-vs-search-hard","0","189","c04","c23","jev","jev","correct_guess","4","4","9","0","0","false"
"balanced-vs-search-hard","0","190","c04","c24","human","human","wrong_guess","3","2","6","0","0","false"
"balanced-vs-search-hard","0","191","c04","c24","jev","human","wrong_guess","3","3","7","0","0","false"
"balanced-vs-search-hard","0","192","c05","c01","human","jev","correct_guess","5","4","10","0","0","false"
"balanced-vs-search-hard","0","193","c05","c01","jev","jev","correct_guess","4","4","9","0","0","false"
"balanced-vs-search-hard","0","194","c05","c02","human","jev","correct_guess","5","4","10","0","0","false"
"balanced-vs-search-hard","0","195","c05","c02","jev","jev","correct_guess","4","4","9","0","0","false"
"balanced-vs-search-hard","0","196","c05","c03","human","jev","correct_guess","5","4","10","0","0","false"
"balanced-vs-search-hard","0","197","c05","c03","jev","jev","correct_guess","4","4","9","0","0","false"
"balanced-vs-search-hard","0","198","c05","c04","human","jev","correct_guess","4","3","8","0","0","false"
"balanced-vs-search-hard","0","199","c05","c04","jev","jev","correct_guess","4","4","9","0","0","false"
"balanced-vs-search-hard","0","200","c05","c05","human","jev","correct_guess","4","3","8","0","0","false"
"balanced-vs-search-hard","0","201","c05","c05","jev","jev","correct_guess","4","4","9","0","0","false"
"balanced-vs-search-hard","0","202","c05","c06","human","jev","correct_guess","5","4","10","0","0","false"
"balanced-vs-search-hard","0","203","c05","c06","jev","jev","correct_guess","4","4","9","0","0","false"
"balanced-vs-search-hard","0","204","c05","c07","human","jev","correct_guess","4","3","8","0","0","false"
"balanced-vs-search-hard","0","205","c05","c07","jev","jev","correct_guess","4","4","9","0","0","false"
"balanced-vs-search-hard","0","206","c05","c08","human","jev","correct_guess","5","4","10","0","0","false"
"balanced-vs-search-hard","0","207","c05","c08","jev","jev","correct_guess","4","4","9","0","0","false"
"balanced-vs-search-hard","0","208","c05","c09","human","human","wrong_guess","3","2","6","0","0","false"
"balanced-vs-search-hard","0","209","c05","c09","jev","jev","correct_guess","3","3","7","0","0","false"
"balanced-vs-search-hard","0","210","c05","c10","human","jev","correct_guess","6","5","12","0","0","false"
"balanced-vs-search-hard","0","211","c05","c10","jev","jev","correct_guess","4","4","9","0","0","false"
"balanced-vs-search-hard","0","212","c05","c11","human","jev","correct_guess","5","4","10","0","0","false"
"balanced-vs-search-hard","0","213","c05","c11","jev","jev","correct_guess","4","4","9","0","0","false"
"balanced-vs-search-hard","0","214","c05","c12","human","human","wrong_guess","4","3","8","0","0","false"
"balanced-vs-search-hard","0","215","c05","c12","jev","jev","correct_guess","4","4","9","0","0","false"
"balanced-vs-search-hard","0","216","c05","c13","human","human","wrong_guess","4","3","8","0","0","false"
"balanced-vs-search-hard","0","217","c05","c13","jev","jev","correct_guess","4","4","9","0","0","false"
"balanced-vs-search-hard","0","218","c05","c14","human","jev","correct_guess","6","5","12","0","0","false"
"balanced-vs-search-hard","0","219","c05","c14","jev","jev","correct_guess","4","4","9","0","0","false"
"balanced-vs-search-hard","0","220","c05","c15","human","human","wrong_guess","3","2","6","0","0","false"
"balanced-vs-search-hard","0","221","c05","c15","jev","jev","correct_guess","3","3","7","0","0","false"
"balanced-vs-search-hard","0","222","c05","c16","human","human","wrong_guess","4","3","8","0","0","false"
"balanced-vs-search-hard","0","223","c05","c16","jev","jev","correct_guess","4","4","9","0","0","false"
"balanced-vs-search-hard","0","224","c05","c17","human","jev","correct_guess","5","4","10","0","0","false"
"balanced-vs-search-hard","0","225","c05","c17","jev","jev","correct_guess","4","4","9","0","0","false"
"balanced-vs-search-hard","0","226","c05","c18","human","human","wrong_guess","4","3","8","0","0","false"
"balanced-vs-search-hard","0","227","c05","c18","jev","jev","correct_guess","4","4","9","0","0","false"
"balanced-vs-search-hard","0","228","c05","c19","human","jev","correct_guess","5","4","10","0","0","false"
"balanced-vs-search-hard","0","229","c05","c19","jev","jev","correct_guess","4","4","9","0","0","false"
"balanced-vs-search-hard","0","230","c05","c20","human","jev","correct_guess","5","4","10","0","0","false"
"balanced-vs-search-hard","0","231","c05","c20","jev","jev","correct_guess","4","4","9","0","0","false"
"balanced-vs-search-hard","0","232","c05","c21","human","human","wrong_guess","4","3","8","0","0","false"
"balanced-vs-search-hard","0","233","c05","c21","jev","jev","correct_guess","4","4","9","0","0","false"
"balanced-vs-search-hard","0","234","c05","c22","human","human","wrong_guess","3","2","6","0","0","false"
"balanced-vs-search-hard","0","235","c05","c22","jev","jev","correct_guess","3","3","7","0","0","false"
"balanced-vs-search-hard","0","236","c05","c23","human","jev","correct_guess","4","3","8","0","0","false"
"balanced-vs-search-hard","0","237","c05","c23","jev","jev","correct_guess","4","4","9","0","0","false"
"balanced-vs-search-hard","0","238","c05","c24","human","human","wrong_guess","3","2","6","0","0","false"
"balanced-vs-search-hard","0","239","c05","c24","jev","jev","correct_guess","3","3","7","0","0","false"
"balanced-vs-search-hard","0","240","c06","c01","human","human","wrong_guess","4","3","8","0","0","false"
"balanced-vs-search-hard","0","241","c06","c01","jev","jev","correct_guess","5","5","11","0","0","false"
"balanced-vs-search-hard","0","242","c06","c02","human","human","wrong_guess","4","3","8","0","0","false"
"balanced-vs-search-hard","0","243","c06","c02","jev","jev","correct_guess","5","5","11","0","0","false"
"balanced-vs-search-hard","0","244","c06","c03","human","human","wrong_guess","4","3","8","0","0","false"
"balanced-vs-search-hard","0","245","c06","c03","jev","jev","correct_guess","5","5","11","0","0","false"
"balanced-vs-search-hard","0","246","c06","c04","human","human","wrong_guess","4","3","8","0","0","false"
"balanced-vs-search-hard","0","247","c06","c04","jev","jev","correct_guess","4","4","9","0","0","false"
"balanced-vs-search-hard","0","248","c06","c05","human","human","wrong_guess","4","3","8","0","0","false"
"balanced-vs-search-hard","0","249","c06","c05","jev","jev","correct_guess","4","4","9","0","0","false"
"balanced-vs-search-hard","0","250","c06","c06","human","human","wrong_guess","4","3","8","0","0","false"
"balanced-vs-search-hard","0","251","c06","c06","jev","jev","correct_guess","5","5","11","0","0","false"
"balanced-vs-search-hard","0","252","c06","c07","human","human","wrong_guess","4","3","8","0","0","false"
"balanced-vs-search-hard","0","253","c06","c07","jev","jev","correct_guess","4","4","9","0","0","false"
"balanced-vs-search-hard","0","254","c06","c08","human","jev","correct_guess","5","4","10","0","0","false"
"balanced-vs-search-hard","0","255","c06","c08","jev","jev","correct_guess","5","5","11","0","0","false"
"balanced-vs-search-hard","0","256","c06","c09","human","jev","correct_guess","4","3","8","0","0","false"
"balanced-vs-search-hard","0","257","c06","c09","jev","human","wrong_guess","3","3","7","0","0","false"
"balanced-vs-search-hard","0","258","c06","c10","human","jev","correct_guess","6","5","12","0","0","false"
"balanced-vs-search-hard","0","259","c06","c10","jev","jev","correct_guess","5","5","11","0","0","false"
"balanced-vs-search-hard","0","260","c06","c11","human","human","wrong_guess","4","3","8","0","0","false"
"balanced-vs-search-hard","0","261","c06","c11","jev","jev","correct_guess","5","5","11","0","0","false"
"balanced-vs-search-hard","0","262","c06","c12","human","jev","correct_guess","4","3","8","0","0","false"
"balanced-vs-search-hard","0","263","c06","c12","jev","jev","correct_guess","5","5","11","0","0","false"
"balanced-vs-search-hard","0","264","c06","c13","human","human","wrong_guess","4","3","8","0","0","false"
"balanced-vs-search-hard","0","265","c06","c13","jev","jev","correct_guess","5","5","11","0","0","false"
"balanced-vs-search-hard","0","266","c06","c14","human","jev","correct_guess","6","5","12","0","0","false"
"balanced-vs-search-hard","0","267","c06","c14","jev","jev","correct_guess","5","5","11","0","0","false"
"balanced-vs-search-hard","0","268","c06","c15","human","jev","correct_guess","4","3","8","0","0","false"
"balanced-vs-search-hard","0","269","c06","c15","jev","human","wrong_guess","3","3","7","0","0","false"
"balanced-vs-search-hard","0","270","c06","c16","human","human","wrong_guess","4","3","8","0","0","false"
"balanced-vs-search-hard","0","271","c06","c16","jev","jev","correct_guess","4","4","9","0","0","false"
"balanced-vs-search-hard","0","272","c06","c17","human","human","wrong_guess","4","3","8","0","0","false"
"balanced-vs-search-hard","0","273","c06","c17","jev","jev","correct_guess","5","5","11","0","0","false"
"balanced-vs-search-hard","0","274","c06","c18","human","jev","correct_guess","4","3","8","0","0","false"
"balanced-vs-search-hard","0","275","c06","c18","jev","jev","correct_guess","5","5","11","0","0","false"
"balanced-vs-search-hard","0","276","c06","c19","human","human","wrong_guess","4","3","8","0","0","false"
"balanced-vs-search-hard","0","277","c06","c19","jev","jev","correct_guess","5","5","11","0","0","false"
"balanced-vs-search-hard","0","278","c06","c20","human","human","wrong_guess","4","3","8","0","0","false"
"balanced-vs-search-hard","0","279","c06","c20","jev","jev","correct_guess","5","5","11","0","0","false"
"balanced-vs-search-hard","0","280","c06","c21","human","human","wrong_guess","4","3","8","0","0","false"
"balanced-vs-search-hard","0","281","c06","c21","jev","jev","correct_guess","5","5","11","0","0","false"
"balanced-vs-search-hard","0","282","c06","c22","human","jev","correct_guess","4","3","8","0","0","false"
"balanced-vs-search-hard","0","283","c06","c22","jev","human","wrong_guess","3","3","7","0","0","false"
"balanced-vs-search-hard","0","284","c06","c23","human","human","wrong_guess","4","3","8","0","0","false"
"balanced-vs-search-hard","0","285","c06","c23","jev","jev","correct_guess","4","4","9","0","0","false"
"balanced-vs-search-hard","0","286","c06","c24","human","jev","correct_guess","4","3","8","0","0","false"
"balanced-vs-search-hard","0","287","c06","c24","jev","human","wrong_guess","3","3","7","0","0","false"
"balanced-vs-search-hard","0","288","c07","c01","human","human","wrong_guess","4","3","8","0","0","false"
"balanced-vs-search-hard","0","289","c07","c01","jev","jev","correct_guess","5","5","11","0","0","false"
"balanced-vs-search-hard","0","290","c07","c02","human","human","wrong_guess","4","3","8","0","0","false"
"balanced-vs-search-hard","0","291","c07","c02","jev","jev","correct_guess","5","5","11","0","0","false"
"balanced-vs-search-hard","0","292","c07","c03","human","human","wrong_guess","4","3","8","0","0","false"
"balanced-vs-search-hard","0","293","c07","c03","jev","jev","correct_guess","5","5","11","0","0","false"
"balanced-vs-search-hard","0","294","c07","c04","human","human","wrong_guess","4","3","8","0","0","false"
"balanced-vs-search-hard","0","295","c07","c04","jev","human","wrong_guess","4","4","9","0","0","false"
"balanced-vs-search-hard","0","296","c07","c05","human","human","wrong_guess","4","3","8","0","0","false"
"balanced-vs-search-hard","0","297","c07","c05","jev","human","wrong_guess","4","4","9","0","0","false"
"balanced-vs-search-hard","0","298","c07","c06","human","human","wrong_guess","4","3","8","0","0","false"
"balanced-vs-search-hard","0","299","c07","c06","jev","jev","correct_guess","5","5","11","0","0","false"
"balanced-vs-search-hard","0","300","c07","c07","human","human","wrong_guess","4","3","8","0","0","false"
"balanced-vs-search-hard","0","301","c07","c07","jev","human","wrong_guess","4","4","9","0","0","false"
"balanced-vs-search-hard","0","302","c07","c08","human","jev","correct_guess","5","4","10","0","0","false"
"balanced-vs-search-hard","0","303","c07","c08","jev","jev","correct_guess","5","5","11","0","0","false"
"balanced-vs-search-hard","0","304","c07","c09","human","human","wrong_guess","3","2","6","0","0","false"
"balanced-vs-search-hard","0","305","c07","c09","jev","human","wrong_guess","3","3","7","0","0","false"
"balanced-vs-search-hard","0","306","c07","c10","human","jev","correct_guess","5","4","10","0","0","false"
"balanced-vs-search-hard","0","307","c07","c10","jev","jev","correct_guess","5","5","11","0","0","false"
"balanced-vs-search-hard","0","308","c07","c11","human","human","wrong_guess","4","3","8","0","0","false"
"balanced-vs-search-hard","0","309","c07","c11","jev","jev","correct_guess","5","5","11","0","0","false"
"balanced-vs-search-hard","0","310","c07","c12","human","human","wrong_guess","4","3","8","0","0","false"
"balanced-vs-search-hard","0","311","c07","c12","jev","jev","correct_guess","5","5","11","0","0","false"
"balanced-vs-search-hard","0","312","c07","c13","human","human","wrong_guess","4","3","8","0","0","false"
"balanced-vs-search-hard","0","313","c07","c13","jev","jev","correct_guess","5","5","11","0","0","false"
"balanced-vs-search-hard","0","314","c07","c14","human","jev","correct_guess","5","4","10","0","0","false"
"balanced-vs-search-hard","0","315","c07","c14","jev","jev","correct_guess","5","5","11","0","0","false"
"balanced-vs-search-hard","0","316","c07","c15","human","human","wrong_guess","3","2","6","0","0","false"
"balanced-vs-search-hard","0","317","c07","c15","jev","human","wrong_guess","3","3","7","0","0","false"
"balanced-vs-search-hard","0","318","c07","c16","human","human","wrong_guess","4","3","8","0","0","false"
"balanced-vs-search-hard","0","319","c07","c16","jev","human","wrong_guess","4","4","9","0","0","false"
"balanced-vs-search-hard","0","320","c07","c17","human","human","wrong_guess","4","3","8","0","0","false"
"balanced-vs-search-hard","0","321","c07","c17","jev","jev","correct_guess","5","5","11","0","0","false"
"balanced-vs-search-hard","0","322","c07","c18","human","human","wrong_guess","4","3","8","0","0","false"
"balanced-vs-search-hard","0","323","c07","c18","jev","jev","correct_guess","5","5","11","0","0","false"
"balanced-vs-search-hard","0","324","c07","c19","human","human","wrong_guess","4","3","8","0","0","false"
"balanced-vs-search-hard","0","325","c07","c19","jev","jev","correct_guess","5","5","11","0","0","false"
"balanced-vs-search-hard","0","326","c07","c20","human","human","wrong_guess","4","3","8","0","0","false"
"balanced-vs-search-hard","0","327","c07","c20","jev","jev","correct_guess","5","5","11","0","0","false"
"balanced-vs-search-hard","0","328","c07","c21","human","human","wrong_guess","4","3","8","0","0","false"
"balanced-vs-search-hard","0","329","c07","c21","jev","jev","correct_guess","5","5","11","0","0","false"
"balanced-vs-search-hard","0","330","c07","c22","human","human","wrong_guess","3","2","6","0","0","false"
"balanced-vs-search-hard","0","331","c07","c22","jev","human","wrong_guess","3","3","7","0","0","false"
"balanced-vs-search-hard","0","332","c07","c23","human","human","wrong_guess","4","3","8","0","0","false"
"balanced-vs-search-hard","0","333","c07","c23","jev","human","wrong_guess","4","4","9","0","0","false"
"balanced-vs-search-hard","0","334","c07","c24","human","human","wrong_guess","3","2","6","0","0","false"
"balanced-vs-search-hard","0","335","c07","c24","jev","human","wrong_guess","3","3","7","0","0","false"
"balanced-vs-search-hard","0","336","c08","c01","human","human","wrong_guess","4","3","8","0","0","false"
"balanced-vs-search-hard","0","337","c08","c01","jev","jev","correct_guess","5","5","11","0","0","false"
"balanced-vs-search-hard","0","338","c08","c02","human","human","wrong_guess","4","3","8","0","0","false"
"balanced-vs-search-hard","0","339","c08","c02","jev","jev","correct_guess","5","5","11","0","0","false"
"balanced-vs-search-hard","0","340","c08","c03","human","human","wrong_guess","4","3","8","0","0","false"
"balanced-vs-search-hard","0","341","c08","c03","jev","jev","correct_guess","5","5","11","0","0","false"
"balanced-vs-search-hard","0","342","c08","c04","human","human","wrong_guess","4","3","8","0","0","false"
"balanced-vs-search-hard","0","343","c08","c04","jev","human","wrong_guess","4","4","9","0","0","false"
"balanced-vs-search-hard","0","344","c08","c05","human","human","wrong_guess","4","3","8","0","0","false"
"balanced-vs-search-hard","0","345","c08","c05","jev","human","wrong_guess","4","4","9","0","0","false"
"balanced-vs-search-hard","0","346","c08","c06","human","human","wrong_guess","4","3","8","0","0","false"
"balanced-vs-search-hard","0","347","c08","c06","jev","jev","correct_guess","5","5","11","0","0","false"
"balanced-vs-search-hard","0","348","c08","c07","human","human","wrong_guess","4","3","8","0","0","false"
"balanced-vs-search-hard","0","349","c08","c07","jev","human","wrong_guess","4","4","9","0","0","false"
"balanced-vs-search-hard","0","350","c08","c08","human","human","wrong_guess","5","4","10","0","0","false"
"balanced-vs-search-hard","0","351","c08","c08","jev","jev","correct_guess","5","5","11","0","0","false"
"balanced-vs-search-hard","0","352","c08","c09","human","jev","correct_guess","3","2","6","0","0","false"
"balanced-vs-search-hard","0","353","c08","c09","jev","human","wrong_guess","3","3","7","0","0","false"
"balanced-vs-search-hard","0","354","c08","c10","human","jev","correct_guess","6","5","12","0","0","false"
"balanced-vs-search-hard","0","355","c08","c10","jev","jev","correct_guess","5","5","11","0","0","false"
"balanced-vs-search-hard","0","356","c08","c11","human","human","wrong_guess","4","3","8","0","0","false"
"balanced-vs-search-hard","0","357","c08","c11","jev","jev","correct_guess","5","5","11","0","0","false"
"balanced-vs-search-hard","0","358","c08","c12","human","human","wrong_guess","4","3","8","0","0","false"
"balanced-vs-search-hard","0","359","c08","c12","jev","jev","correct_guess","5","5","11","0","0","false"
"balanced-vs-search-hard","0","360","c08","c13","human","human","wrong_guess","4","3","8","0","0","false"
"balanced-vs-search-hard","0","361","c08","c13","jev","jev","correct_guess","5","5","11","0","0","false"
"balanced-vs-search-hard","0","362","c08","c14","human","jev","correct_guess","6","5","12","0","0","false"
"balanced-vs-search-hard","0","363","c08","c14","jev","jev","correct_guess","5","5","11","0","0","false"
"balanced-vs-search-hard","0","364","c08","c15","human","jev","correct_guess","3","2","6","0","0","false"
"balanced-vs-search-hard","0","365","c08","c15","jev","human","wrong_guess","3","3","7","0","0","false"
"balanced-vs-search-hard","0","366","c08","c16","human","human","wrong_guess","4","3","8","0","0","false"
"balanced-vs-search-hard","0","367","c08","c16","jev","human","wrong_guess","4","4","9","0","0","false"
"balanced-vs-search-hard","0","368","c08","c17","human","human","wrong_guess","4","3","8","0","0","false"
"balanced-vs-search-hard","0","369","c08","c17","jev","jev","correct_guess","5","5","11","0","0","false"
"balanced-vs-search-hard","0","370","c08","c18","human","human","wrong_guess","4","3","8","0","0","false"
"balanced-vs-search-hard","0","371","c08","c18","jev","jev","correct_guess","5","5","11","0","0","false"
"balanced-vs-search-hard","0","372","c08","c19","human","human","wrong_guess","4","3","8","0","0","false"
"balanced-vs-search-hard","0","373","c08","c19","jev","jev","correct_guess","5","5","11","0","0","false"
"balanced-vs-search-hard","0","374","c08","c20","human","human","wrong_guess","4","3","8","0","0","false"
"balanced-vs-search-hard","0","375","c08","c20","jev","jev","correct_guess","5","5","11","0","0","false"
"balanced-vs-search-hard","0","376","c08","c21","human","human","wrong_guess","4","3","8","0","0","false"
"balanced-vs-search-hard","0","377","c08","c21","jev","jev","correct_guess","5","5","11","0","0","false"
"balanced-vs-search-hard","0","378","c08","c22","human","jev","correct_guess","3","2","6","0","0","false"
"balanced-vs-search-hard","0","379","c08","c22","jev","human","wrong_guess","3","3","7","0","0","false"
"balanced-vs-search-hard","0","380","c08","c23","human","human","wrong_guess","4","3","8","0","0","false"
"balanced-vs-search-hard","0","381","c08","c23","jev","human","wrong_guess","4","4","9","0","0","false"
"balanced-vs-search-hard","0","382","c08","c24","human","jev","correct_guess","3","2","6","0","0","false"
"balanced-vs-search-hard","0","383","c08","c24","jev","human","wrong_guess","3","3","7","0","0","false"
"balanced-vs-search-hard","0","384","c09","c01","human","jev","correct_guess","5","4","10","0","0","false"
"balanced-vs-search-hard","0","385","c09","c01","jev","jev","correct_guess","5","5","11","0","0","false"
"balanced-vs-search-hard","0","386","c09","c02","human","jev","correct_guess","5","4","10","0","0","false"
"balanced-vs-search-hard","0","387","c09","c02","jev","jev","correct_guess","5","5","11","0","0","false"
"balanced-vs-search-hard","0","388","c09","c03","human","jev","correct_guess","5","4","10","0","0","false"
"balanced-vs-search-hard","0","389","c09","c03","jev","jev","correct_guess","5","5","11","0","0","false"
"balanced-vs-search-hard","0","390","c09","c04","human","jev","correct_guess","4","3","8","0","0","false"
"balanced-vs-search-hard","0","391","c09","c04","jev","jev","correct_guess","4","4","9","0","0","false"
"balanced-vs-search-hard","0","392","c09","c05","human","jev","correct_guess","4","3","8","0","0","false"
"balanced-vs-search-hard","0","393","c09","c05","jev","jev","correct_guess","4","4","9","0","0","false"
"balanced-vs-search-hard","0","394","c09","c06","human","jev","correct_guess","5","4","10","0","0","false"
"balanced-vs-search-hard","0","395","c09","c06","jev","jev","correct_guess","5","5","11","0","0","false"
"balanced-vs-search-hard","0","396","c09","c07","human","jev","correct_guess","4","3","8","0","0","false"
"balanced-vs-search-hard","0","397","c09","c07","jev","jev","correct_guess","4","4","9","0","0","false"
"balanced-vs-search-hard","0","398","c09","c08","human","jev","correct_guess","5","4","10","0","0","false"
"balanced-vs-search-hard","0","399","c09","c08","jev","jev","correct_guess","5","5","11","0","0","false"
"balanced-vs-search-hard","0","400","c09","c09","human","human","wrong_guess","3","2","6","0","0","false"
"balanced-vs-search-hard","0","401","c09","c09","jev","jev","correct_guess","3","3","7","0","0","false"
"balanced-vs-search-hard","0","402","c09","c10","human","jev","correct_guess","6","5","12","0","0","false"
"balanced-vs-search-hard","0","403","c09","c10","jev","jev","correct_guess","5","5","11","0","0","false"
"balanced-vs-search-hard","0","404","c09","c11","human","jev","correct_guess","5","4","10","0","0","false"
"balanced-vs-search-hard","0","405","c09","c11","jev","jev","correct_guess","5","5","11","0","0","false"
"balanced-vs-search-hard","0","406","c09","c12","human","jev","correct_guess","4","3","8","0","0","false"
"balanced-vs-search-hard","0","407","c09","c12","jev","jev","correct_guess","5","5","11","0","0","false"
"balanced-vs-search-hard","0","408","c09","c13","human","jev","correct_guess","5","4","10","0","0","false"
"balanced-vs-search-hard","0","409","c09","c13","jev","jev","correct_guess","5","5","11","0","0","false"
"balanced-vs-search-hard","0","410","c09","c14","human","jev","correct_guess","6","5","12","0","0","false"
"balanced-vs-search-hard","0","411","c09","c14","jev","jev","correct_guess","5","5","11","0","0","false"
"balanced-vs-search-hard","0","412","c09","c15","human","human","wrong_guess","3","2","6","0","0","false"
"balanced-vs-search-hard","0","413","c09","c15","jev","jev","correct_guess","3","3","7","0","0","false"
"balanced-vs-search-hard","0","414","c09","c16","human","jev","correct_guess","4","3","8","0","0","false"
"balanced-vs-search-hard","0","415","c09","c16","jev","jev","correct_guess","4","4","9","0","0","false"
"balanced-vs-search-hard","0","416","c09","c17","human","jev","correct_guess","5","4","10","0","0","false"
"balanced-vs-search-hard","0","417","c09","c17","jev","jev","correct_guess","5","5","11","0","0","false"
"balanced-vs-search-hard","0","418","c09","c18","human","jev","correct_guess","4","3","8","0","0","false"
"balanced-vs-search-hard","0","419","c09","c18","jev","jev","correct_guess","5","5","11","0","0","false"
"balanced-vs-search-hard","0","420","c09","c19","human","jev","correct_guess","5","4","10","0","0","false"
"balanced-vs-search-hard","0","421","c09","c19","jev","jev","correct_guess","5","5","11","0","0","false"
"balanced-vs-search-hard","0","422","c09","c20","human","jev","correct_guess","5","4","10","0","0","false"
"balanced-vs-search-hard","0","423","c09","c20","jev","jev","correct_guess","5","5","11","0","0","false"
"balanced-vs-search-hard","0","424","c09","c21","human","jev","correct_guess","5","4","10","0","0","false"
"balanced-vs-search-hard","0","425","c09","c21","jev","jev","correct_guess","5","5","11","0","0","false"
"balanced-vs-search-hard","0","426","c09","c22","human","human","wrong_guess","3","2","6","0","0","false"
"balanced-vs-search-hard","0","427","c09","c22","jev","jev","correct_guess","3","3","7","0","0","false"
"balanced-vs-search-hard","0","428","c09","c23","human","jev","correct_guess","4","3","8","0","0","false"
"balanced-vs-search-hard","0","429","c09","c23","jev","jev","correct_guess","4","4","9","0","0","false"
"balanced-vs-search-hard","0","430","c09","c24","human","human","wrong_guess","3","2","6","0","0","false"
"balanced-vs-search-hard","0","431","c09","c24","jev","jev","correct_guess","3","3","7","0","0","false"
"balanced-vs-search-hard","0","432","c10","c01","human","jev","correct_guess","5","4","10","0","0","false"
"balanced-vs-search-hard","0","433","c10","c01","jev","jev","correct_guess","5","5","11","0","0","false"
"balanced-vs-search-hard","0","434","c10","c02","human","jev","correct_guess","5","4","10","0","0","false"
"balanced-vs-search-hard","0","435","c10","c02","jev","jev","correct_guess","5","5","11","0","0","false"
"balanced-vs-search-hard","0","436","c10","c03","human","jev","correct_guess","5","4","10","0","0","false"
"balanced-vs-search-hard","0","437","c10","c03","jev","jev","correct_guess","5","5","11","0","0","false"
"balanced-vs-search-hard","0","438","c10","c04","human","jev","correct_guess","4","3","8","0","0","false"
"balanced-vs-search-hard","0","439","c10","c04","jev","jev","correct_guess","4","4","9","0","0","false"
"balanced-vs-search-hard","0","440","c10","c05","human","jev","correct_guess","4","3","8","0","0","false"
"balanced-vs-search-hard","0","441","c10","c05","jev","jev","correct_guess","4","4","9","0","0","false"
"balanced-vs-search-hard","0","442","c10","c06","human","jev","correct_guess","5","4","10","0","0","false"
"balanced-vs-search-hard","0","443","c10","c06","jev","jev","correct_guess","5","5","11","0","0","false"
"balanced-vs-search-hard","0","444","c10","c07","human","jev","correct_guess","4","3","8","0","0","false"
"balanced-vs-search-hard","0","445","c10","c07","jev","jev","correct_guess","4","4","9","0","0","false"
"balanced-vs-search-hard","0","446","c10","c08","human","jev","correct_guess","5","4","10","0","0","false"
"balanced-vs-search-hard","0","447","c10","c08","jev","jev","correct_guess","5","5","11","0","0","false"
"balanced-vs-search-hard","0","448","c10","c09","human","human","wrong_guess","3","2","6","0","0","false"
"balanced-vs-search-hard","0","449","c10","c09","jev","jev","correct_guess","3","3","7","0","0","false"
"balanced-vs-search-hard","0","450","c10","c10","human","jev","correct_guess","5","4","10","0","0","false"
"balanced-vs-search-hard","0","451","c10","c10","jev","jev","correct_guess","5","5","11","0","0","false"
"balanced-vs-search-hard","0","452","c10","c11","human","jev","correct_guess","5","4","10","0","0","false"
"balanced-vs-search-hard","0","453","c10","c11","jev","jev","correct_guess","5","5","11","0","0","false"
"balanced-vs-search-hard","0","454","c10","c12","human","jev","correct_guess","5","4","10","0","0","false"
"balanced-vs-search-hard","0","455","c10","c12","jev","jev","correct_guess","5","5","11","0","0","false"
"balanced-vs-search-hard","0","456","c10","c13","human","jev","correct_guess","5","4","10","0","0","false"
"balanced-vs-search-hard","0","457","c10","c13","jev","jev","correct_guess","5","5","11","0","0","false"
"balanced-vs-search-hard","0","458","c10","c14","human","jev","correct_guess","5","4","10","0","0","false"
"balanced-vs-search-hard","0","459","c10","c14","jev","jev","correct_guess","5","5","11","0","0","false"
"balanced-vs-search-hard","0","460","c10","c15","human","human","wrong_guess","3","2","6","0","0","false"
"balanced-vs-search-hard","0","461","c10","c15","jev","jev","correct_guess","3","3","7","0","0","false"
"balanced-vs-search-hard","0","462","c10","c16","human","jev","correct_guess","4","3","8","0","0","false"
"balanced-vs-search-hard","0","463","c10","c16","jev","jev","correct_guess","4","4","9","0","0","false"
"balanced-vs-search-hard","0","464","c10","c17","human","jev","correct_guess","5","4","10","0","0","false"
"balanced-vs-search-hard","0","465","c10","c17","jev","jev","correct_guess","5","5","11","0","0","false"
"balanced-vs-search-hard","0","466","c10","c18","human","jev","correct_guess","5","4","10","0","0","false"
"balanced-vs-search-hard","0","467","c10","c18","jev","jev","correct_guess","5","5","11","0","0","false"
"balanced-vs-search-hard","0","468","c10","c19","human","jev","correct_guess","5","4","10","0","0","false"
"balanced-vs-search-hard","0","469","c10","c19","jev","jev","correct_guess","5","5","11","0","0","false"
"balanced-vs-search-hard","0","470","c10","c20","human","jev","correct_guess","5","4","10","0","0","false"
"balanced-vs-search-hard","0","471","c10","c20","jev","jev","correct_guess","5","5","11","0","0","false"
"balanced-vs-search-hard","0","472","c10","c21","human","jev","correct_guess","5","4","10","0","0","false"
"balanced-vs-search-hard","0","473","c10","c21","jev","jev","correct_guess","5","5","11","0","0","false"
"balanced-vs-search-hard","0","474","c10","c22","human","human","wrong_guess","3","2","6","0","0","false"
"balanced-vs-search-hard","0","475","c10","c22","jev","jev","correct_guess","3","3","7","0","0","false"
"balanced-vs-search-hard","0","476","c10","c23","human","jev","correct_guess","4","3","8","0","0","false"
"balanced-vs-search-hard","0","477","c10","c23","jev","jev","correct_guess","4","4","9","0","0","false"
"balanced-vs-search-hard","0","478","c10","c24","human","human","wrong_guess","3","2","6","0","0","false"
"balanced-vs-search-hard","0","479","c10","c24","jev","jev","correct_guess","3","3","7","0","0","false"
"balanced-vs-search-hard","0","480","c11","c01","human","human","wrong_guess","4","3","8","0","0","false"
"balanced-vs-search-hard","0","481","c11","c01","jev","jev","correct_guess","4","4","9","0","0","false"
"balanced-vs-search-hard","0","482","c11","c02","human","human","wrong_guess","4","3","8","0","0","false"
"balanced-vs-search-hard","0","483","c11","c02","jev","jev","correct_guess","4","4","9","0","0","false"
"balanced-vs-search-hard","0","484","c11","c03","human","human","wrong_guess","4","3","8","0","0","false"
"balanced-vs-search-hard","0","485","c11","c03","jev","jev","correct_guess","4","4","9","0","0","false"
"balanced-vs-search-hard","0","486","c11","c04","human","human","wrong_guess","4","3","8","0","0","false"
"balanced-vs-search-hard","0","487","c11","c04","jev","jev","correct_guess","4","4","9","0","0","false"
"balanced-vs-search-hard","0","488","c11","c05","human","human","wrong_guess","4","3","8","0","0","false"
"balanced-vs-search-hard","0","489","c11","c05","jev","jev","correct_guess","4","4","9","0","0","false"
"balanced-vs-search-hard","0","490","c11","c06","human","human","wrong_guess","4","3","8","0","0","false"
"balanced-vs-search-hard","0","491","c11","c06","jev","jev","correct_guess","4","4","9","0","0","false"
"balanced-vs-search-hard","0","492","c11","c07","human","human","wrong_guess","4","3","8","0","0","false"
"balanced-vs-search-hard","0","493","c11","c07","jev","jev","correct_guess","4","4","9","0","0","false"
"balanced-vs-search-hard","0","494","c11","c08","human","human","wrong_guess","5","4","10","0","0","false"
"balanced-vs-search-hard","0","495","c11","c08","jev","jev","correct_guess","4","4","9","0","0","false"
"balanced-vs-search-hard","0","496","c11","c09","human","human","wrong_guess","3","2","6","0","0","false"
"balanced-vs-search-hard","0","497","c11","c09","jev","jev","correct_guess","3","3","7","0","0","false"
"balanced-vs-search-hard","0","498","c11","c10","human","jev","correct_guess","6","5","12","0","0","false"
"balanced-vs-search-hard","0","499","c11","c10","jev","jev","correct_guess","4","4","9","0","0","false"
"balanced-vs-search-hard","0","500","c11","c11","human","human","wrong_guess","4","3","8","0","0","false"
"balanced-vs-search-hard","0","501","c11","c11","jev","jev","correct_guess","4","4","9","0","0","false"
"balanced-vs-search-hard","0","502","c11","c12","human","human","wrong_guess","4","3","8","0","0","false"
"balanced-vs-search-hard","0","503","c11","c12","jev","jev","correct_guess","4","4","9","0","0","false"
"balanced-vs-search-hard","0","504","c11","c13","human","human","wrong_guess","4","3","8","0","0","false"
"balanced-vs-search-hard","0","505","c11","c13","jev","jev","correct_guess","4","4","9","0","0","false"
"balanced-vs-search-hard","0","506","c11","c14","human","jev","correct_guess","6","5","12","0","0","false"
"balanced-vs-search-hard","0","507","c11","c14","jev","jev","correct_guess","4","4","9","0","0","false"
"balanced-vs-search-hard","0","508","c11","c15","human","human","wrong_guess","3","2","6","0","0","false"
"balanced-vs-search-hard","0","509","c11","c15","jev","jev","correct_guess","3","3","7","0","0","false"
"balanced-vs-search-hard","0","510","c11","c16","human","human","wrong_guess","4","3","8","0","0","false"
"balanced-vs-search-hard","0","511","c11","c16","jev","jev","correct_guess","4","4","9","0","0","false"
"balanced-vs-search-hard","0","512","c11","c17","human","human","wrong_guess","4","3","8","0","0","false"
"balanced-vs-search-hard","0","513","c11","c17","jev","jev","correct_guess","4","4","9","0","0","false"
"balanced-vs-search-hard","0","514","c11","c18","human","human","wrong_guess","4","3","8","0","0","false"
"balanced-vs-search-hard","0","515","c11","c18","jev","jev","correct_guess","4","4","9","0","0","false"
"balanced-vs-search-hard","0","516","c11","c19","human","human","wrong_guess","4","3","8","0","0","false"
"balanced-vs-search-hard","0","517","c11","c19","jev","jev","correct_guess","4","4","9","0","0","false"
"balanced-vs-search-hard","0","518","c11","c20","human","human","wrong_guess","4","3","8","0","0","false"
"balanced-vs-search-hard","0","519","c11","c20","jev","jev","correct_guess","4","4","9","0","0","false"
"balanced-vs-search-hard","0","520","c11","c21","human","human","wrong_guess","4","3","8","0","0","false"
"balanced-vs-search-hard","0","521","c11","c21","jev","jev","correct_guess","4","4","9","0","0","false"
"balanced-vs-search-hard","0","522","c11","c22","human","human","wrong_guess","3","2","6","0","0","false"
"balanced-vs-search-hard","0","523","c11","c22","jev","jev","correct_guess","3","3","7","0","0","false"
"balanced-vs-search-hard","0","524","c11","c23","human","human","wrong_guess","4","3","8","0","0","false"
"balanced-vs-search-hard","0","525","c11","c23","jev","jev","correct_guess","4","4","9","0","0","false"
"balanced-vs-search-hard","0","526","c11","c24","human","human","wrong_guess","3","2","6","0","0","false"
"balanced-vs-search-hard","0","527","c11","c24","jev","jev","correct_guess","3","3","7","0","0","false"
"balanced-vs-search-hard","0","528","c12","c01","human","human","wrong_guess","4","3","8","0","0","false"
"balanced-vs-search-hard","0","529","c12","c01","jev","jev","correct_guess","4","4","9","0","0","false"
"balanced-vs-search-hard","0","530","c12","c02","human","human","wrong_guess","4","3","8","0","0","false"
"balanced-vs-search-hard","0","531","c12","c02","jev","jev","correct_guess","4","4","9","0","0","false"
"balanced-vs-search-hard","0","532","c12","c03","human","human","wrong_guess","4","3","8","0","0","false"
"balanced-vs-search-hard","0","533","c12","c03","jev","jev","correct_guess","4","4","9","0","0","false"
"balanced-vs-search-hard","0","534","c12","c04","human","human","wrong_guess","4","3","8","0","0","false"
"balanced-vs-search-hard","0","535","c12","c04","jev","jev","correct_guess","4","4","9","0","0","false"
"balanced-vs-search-hard","0","536","c12","c05","human","human","wrong_guess","4","3","8","0","0","false"
"balanced-vs-search-hard","0","537","c12","c05","jev","jev","correct_guess","4","4","9","0","0","false"
"balanced-vs-search-hard","0","538","c12","c06","human","human","wrong_guess","4","3","8","0","0","false"
"balanced-vs-search-hard","0","539","c12","c06","jev","jev","correct_guess","4","4","9","0","0","false"
"balanced-vs-search-hard","0","540","c12","c07","human","human","wrong_guess","4","3","8","0","0","false"
"balanced-vs-search-hard","0","541","c12","c07","jev","jev","correct_guess","4","4","9","0","0","false"
"balanced-vs-search-hard","0","542","c12","c08","human","jev","correct_guess","5","4","10","0","0","false"
"balanced-vs-search-hard","0","543","c12","c08","jev","jev","correct_guess","4","4","9","0","0","false"
"balanced-vs-search-hard","0","544","c12","c09","human","human","wrong_guess","3","2","6","0","0","false"
"balanced-vs-search-hard","0","545","c12","c09","jev","human","wrong_guess","3","3","7","0","0","false"
"balanced-vs-search-hard","0","546","c12","c10","human","jev","correct_guess","5","4","10","0","0","false"
"balanced-vs-search-hard","0","547","c12","c10","jev","jev","correct_guess","4","4","9","0","0","false"
"balanced-vs-search-hard","0","548","c12","c11","human","human","wrong_guess","4","3","8","0","0","false"
"balanced-vs-search-hard","0","549","c12","c11","jev","jev","correct_guess","4","4","9","0","0","false"
"balanced-vs-search-hard","0","550","c12","c12","human","human","wrong_guess","4","3","8","0","0","false"
"balanced-vs-search-hard","0","551","c12","c12","jev","jev","correct_guess","4","4","9","0","0","false"
"balanced-vs-search-hard","0","552","c12","c13","human","human","wrong_guess","4","3","8","0","0","false"
"balanced-vs-search-hard","0","553","c12","c13","jev","jev","correct_guess","4","4","9","0","0","false"
"balanced-vs-search-hard","0","554","c12","c14","human","jev","correct_guess","5","4","10","0","0","false"
"balanced-vs-search-hard","0","555","c12","c14","jev","jev","correct_guess","4","4","9","0","0","false"
"balanced-vs-search-hard","0","556","c12","c15","human","human","wrong_guess","3","2","6","0","0","false"
"balanced-vs-search-hard","0","557","c12","c15","jev","human","wrong_guess","3","3","7","0","0","false"
"balanced-vs-search-hard","0","558","c12","c16","human","human","wrong_guess","4","3","8","0","0","false"
"balanced-vs-search-hard","0","559","c12","c16","jev","jev","correct_guess","4","4","9","0","0","false"
"balanced-vs-search-hard","0","560","c12","c17","human","human","wrong_guess","4","3","8","0","0","false"
"balanced-vs-search-hard","0","561","c12","c17","jev","jev","correct_guess","4","4","9","0","0","false"
"balanced-vs-search-hard","0","562","c12","c18","human","human","wrong_guess","4","3","8","0","0","false"
"balanced-vs-search-hard","0","563","c12","c18","jev","jev","correct_guess","4","4","9","0","0","false"
"balanced-vs-search-hard","0","564","c12","c19","human","human","wrong_guess","4","3","8","0","0","false"
"balanced-vs-search-hard","0","565","c12","c19","jev","jev","correct_guess","4","4","9","0","0","false"
"balanced-vs-search-hard","0","566","c12","c20","human","human","wrong_guess","4","3","8","0","0","false"
"balanced-vs-search-hard","0","567","c12","c20","jev","jev","correct_guess","4","4","9","0","0","false"
"balanced-vs-search-hard","0","568","c12","c21","human","human","wrong_guess","4","3","8","0","0","false"
"balanced-vs-search-hard","0","569","c12","c21","jev","jev","correct_guess","4","4","9","0","0","false"
"balanced-vs-search-hard","0","570","c12","c22","human","human","wrong_guess","3","2","6","0","0","false"
"balanced-vs-search-hard","0","571","c12","c22","jev","human","wrong_guess","3","3","7","0","0","false"
"balanced-vs-search-hard","0","572","c12","c23","human","human","wrong_guess","4","3","8","0","0","false"
"balanced-vs-search-hard","0","573","c12","c23","jev","jev","correct_guess","4","4","9","0","0","false"
"balanced-vs-search-hard","0","574","c12","c24","human","human","wrong_guess","3","2","6","0","0","false"
"balanced-vs-search-hard","0","575","c12","c24","jev","human","wrong_guess","3","3","7","0","0","false"
"balanced-vs-search-hard","0","576","c13","c01","human","jev","correct_guess","5","4","10","0","0","false"
"balanced-vs-search-hard","0","577","c13","c01","jev","jev","correct_guess","5","5","11","0","0","false"
"balanced-vs-search-hard","0","578","c13","c02","human","jev","correct_guess","5","4","10","0","0","false"
"balanced-vs-search-hard","0","579","c13","c02","jev","jev","correct_guess","5","5","11","0","0","false"
"balanced-vs-search-hard","0","580","c13","c03","human","jev","correct_guess","5","4","10","0","0","false"
"balanced-vs-search-hard","0","581","c13","c03","jev","jev","correct_guess","5","5","11","0","0","false"
"balanced-vs-search-hard","0","582","c13","c04","human","jev","correct_guess","4","3","8","0","0","false"
"balanced-vs-search-hard","0","583","c13","c04","jev","jev","correct_guess","4","4","9","0","0","false"
"balanced-vs-search-hard","0","584","c13","c05","human","jev","correct_guess","4","3","8","0","0","false"
"balanced-vs-search-hard","0","585","c13","c05","jev","jev","correct_guess","4","4","9","0","0","false"
"balanced-vs-search-hard","0","586","c13","c06","human","jev","correct_guess","5","4","10","0","0","false"
"balanced-vs-search-hard","0","587","c13","c06","jev","jev","correct_guess","5","5","11","0","0","false"
"balanced-vs-search-hard","0","588","c13","c07","human","jev","correct_guess","4","3","8","0","0","false"
"balanced-vs-search-hard","0","589","c13","c07","jev","jev","correct_guess","4","4","9","0","0","false"
"balanced-vs-search-hard","0","590","c13","c08","human","jev","correct_guess","5","4","10","0","0","false"
"balanced-vs-search-hard","0","591","c13","c08","jev","jev","correct_guess","5","5","11","0","0","false"
"balanced-vs-search-hard","0","592","c13","c09","human","human","wrong_guess","3","2","6","0","0","false"
"balanced-vs-search-hard","0","593","c13","c09","jev","human","wrong_guess","3","3","7","0","0","false"
"balanced-vs-search-hard","0","594","c13","c10","human","jev","correct_guess","6","5","12","0","0","false"
"balanced-vs-search-hard","0","595","c13","c10","jev","jev","correct_guess","5","5","11","0","0","false"
"balanced-vs-search-hard","0","596","c13","c11","human","jev","correct_guess","5","4","10","0","0","false"
"balanced-vs-search-hard","0","597","c13","c11","jev","jev","correct_guess","5","5","11","0","0","false"
"balanced-vs-search-hard","0","598","c13","c12","human","human","wrong_guess","4","3","8","0","0","false"
"balanced-vs-search-hard","0","599","c13","c12","jev","jev","correct_guess","5","5","11","0","0","false"
"balanced-vs-search-hard","0","600","c13","c13","human","jev","correct_guess","4","3","8","0","0","false"
"balanced-vs-search-hard","0","601","c13","c13","jev","jev","correct_guess","5","5","11","0","0","false"
"balanced-vs-search-hard","0","602","c13","c14","human","jev","correct_guess","6","5","12","0","0","false"
"balanced-vs-search-hard","0","603","c13","c14","jev","jev","correct_guess","5","5","11","0","0","false"
"balanced-vs-search-hard","0","604","c13","c15","human","human","wrong_guess","3","2","6","0","0","false"
"balanced-vs-search-hard","0","605","c13","c15","jev","human","wrong_guess","3","3","7","0","0","false"
"balanced-vs-search-hard","0","606","c13","c16","human","jev","correct_guess","4","3","8","0","0","false"
"balanced-vs-search-hard","0","607","c13","c16","jev","jev","correct_guess","4","4","9","0","0","false"
"balanced-vs-search-hard","0","608","c13","c17","human","jev","correct_guess","5","4","10","0","0","false"
"balanced-vs-search-hard","0","609","c13","c17","jev","jev","correct_guess","5","5","11","0","0","false"
"balanced-vs-search-hard","0","610","c13","c18","human","human","wrong_guess","4","3","8","0","0","false"
"balanced-vs-search-hard","0","611","c13","c18","jev","jev","correct_guess","5","5","11","0","0","false"
"balanced-vs-search-hard","0","612","c13","c19","human","jev","correct_guess","5","4","10","0","0","false"
"balanced-vs-search-hard","0","613","c13","c19","jev","jev","correct_guess","5","5","11","0","0","false"
"balanced-vs-search-hard","0","614","c13","c20","human","jev","correct_guess","5","4","10","0","0","false"
"balanced-vs-search-hard","0","615","c13","c20","jev","jev","correct_guess","5","5","11","0","0","false"
"balanced-vs-search-hard","0","616","c13","c21","human","jev","correct_guess","4","3","8","0","0","false"
"balanced-vs-search-hard","0","617","c13","c21","jev","jev","correct_guess","5","5","11","0","0","false"
"balanced-vs-search-hard","0","618","c13","c22","human","human","wrong_guess","3","2","6","0","0","false"
"balanced-vs-search-hard","0","619","c13","c22","jev","human","wrong_guess","3","3","7","0","0","false"
"balanced-vs-search-hard","0","620","c13","c23","human","jev","correct_guess","4","3","8","0","0","false"
"balanced-vs-search-hard","0","621","c13","c23","jev","jev","correct_guess","4","4","9","0","0","false"
"balanced-vs-search-hard","0","622","c13","c24","human","human","wrong_guess","3","2","6","0","0","false"
"balanced-vs-search-hard","0","623","c13","c24","jev","human","wrong_guess","3","3","7","0","0","false"
"balanced-vs-search-hard","0","624","c14","c01","human","jev","correct_guess","5","4","10","0","0","false"
"balanced-vs-search-hard","0","625","c14","c01","jev","jev","correct_guess","5","5","11","0","0","false"
"balanced-vs-search-hard","0","626","c14","c02","human","jev","correct_guess","5","4","10","0","0","false"
"balanced-vs-search-hard","0","627","c14","c02","jev","jev","correct_guess","5","5","11","0","0","false"
"balanced-vs-search-hard","0","628","c14","c03","human","jev","correct_guess","5","4","10","0","0","false"
"balanced-vs-search-hard","0","629","c14","c03","jev","jev","correct_guess","5","5","11","0","0","false"
"balanced-vs-search-hard","0","630","c14","c04","human","jev","correct_guess","4","3","8","0","0","false"
"balanced-vs-search-hard","0","631","c14","c04","jev","human","wrong_guess","4","4","9","0","0","false"
"balanced-vs-search-hard","0","632","c14","c05","human","jev","correct_guess","4","3","8","0","0","false"
"balanced-vs-search-hard","0","633","c14","c05","jev","human","wrong_guess","4","4","9","0","0","false"
"balanced-vs-search-hard","0","634","c14","c06","human","jev","correct_guess","5","4","10","0","0","false"
"balanced-vs-search-hard","0","635","c14","c06","jev","jev","correct_guess","5","5","11","0","0","false"
"balanced-vs-search-hard","0","636","c14","c07","human","jev","correct_guess","4","3","8","0","0","false"
"balanced-vs-search-hard","0","637","c14","c07","jev","human","wrong_guess","4","4","9","0","0","false"
"balanced-vs-search-hard","0","638","c14","c08","human","jev","correct_guess","5","4","10","0","0","false"
"balanced-vs-search-hard","0","639","c14","c08","jev","jev","correct_guess","5","5","11","0","0","false"
"balanced-vs-search-hard","0","640","c14","c09","human","human","wrong_guess","3","2","6","0","0","false"
"balanced-vs-search-hard","0","641","c14","c09","jev","human","wrong_guess","3","3","7","0","0","false"
"balanced-vs-search-hard","0","642","c14","c10","human","jev","correct_guess","5","4","10","0","0","false"
"balanced-vs-search-hard","0","643","c14","c10","jev","jev","correct_guess","5","5","11","0","0","false"
"balanced-vs-search-hard","0","644","c14","c11","human","jev","correct_guess","5","4","10","0","0","false"
"balanced-vs-search-hard","0","645","c14","c11","jev","jev","correct_guess","5","5","11","0","0","false"
"balanced-vs-search-hard","0","646","c14","c12","human","jev","correct_guess","5","4","10","0","0","false"
"balanced-vs-search-hard","0","647","c14","c12","jev","jev","correct_guess","5","5","11","0","0","false"
"balanced-vs-search-hard","0","648","c14","c13","human","jev","correct_guess","5","4","10","0","0","false"
"balanced-vs-search-hard","0","649","c14","c13","jev","jev","correct_guess","5","5","11","0","0","false"
"balanced-vs-search-hard","0","650","c14","c14","human","jev","correct_guess","5","4","10","0","0","false"
"balanced-vs-search-hard","0","651","c14","c14","jev","jev","correct_guess","5","5","11","0","0","false"
"balanced-vs-search-hard","0","652","c14","c15","human","human","wrong_guess","3","2","6","0","0","false"
"balanced-vs-search-hard","0","653","c14","c15","jev","human","wrong_guess","3","3","7","0","0","false"
"balanced-vs-search-hard","0","654","c14","c16","human","jev","correct_guess","4","3","8","0","0","false"
"balanced-vs-search-hard","0","655","c14","c16","jev","human","wrong_guess","4","4","9","0","0","false"
"balanced-vs-search-hard","0","656","c14","c17","human","jev","correct_guess","5","4","10","0","0","false"
"balanced-vs-search-hard","0","657","c14","c17","jev","jev","correct_guess","5","5","11","0","0","false"
"balanced-vs-search-hard","0","658","c14","c18","human","jev","correct_guess","5","4","10","0","0","false"
"balanced-vs-search-hard","0","659","c14","c18","jev","jev","correct_guess","5","5","11","0","0","false"
"balanced-vs-search-hard","0","660","c14","c19","human","jev","correct_guess","5","4","10","0","0","false"
"balanced-vs-search-hard","0","661","c14","c19","jev","jev","correct_guess","5","5","11","0","0","false"
"balanced-vs-search-hard","0","662","c14","c20","human","jev","correct_guess","5","4","10","0","0","false"
"balanced-vs-search-hard","0","663","c14","c20","jev","jev","correct_guess","5","5","11","0","0","false"
"balanced-vs-search-hard","0","664","c14","c21","human","jev","correct_guess","5","4","10","0","0","false"
"balanced-vs-search-hard","0","665","c14","c21","jev","jev","correct_guess","5","5","11","0","0","false"
"balanced-vs-search-hard","0","666","c14","c22","human","human","wrong_guess","3","2","6","0","0","false"
"balanced-vs-search-hard","0","667","c14","c22","jev","human","wrong_guess","3","3","7","0","0","false"
"balanced-vs-search-hard","0","668","c14","c23","human","jev","correct_guess","4","3","8","0","0","false"
"balanced-vs-search-hard","0","669","c14","c23","jev","human","wrong_guess","4","4","9","0","0","false"
"balanced-vs-search-hard","0","670","c14","c24","human","human","wrong_guess","3","2","6","0","0","false"
"balanced-vs-search-hard","0","671","c14","c24","jev","human","wrong_guess","3","3","7","0","0","false"
"balanced-vs-search-hard","0","672","c15","c01","human","jev","correct_guess","5","4","10","0","0","false"
"balanced-vs-search-hard","0","673","c15","c01","jev","jev","correct_guess","5","5","11","0","0","false"
"balanced-vs-search-hard","0","674","c15","c02","human","jev","correct_guess","5","4","10","0","0","false"
"balanced-vs-search-hard","0","675","c15","c02","jev","jev","correct_guess","5","5","11","0","0","false"
"balanced-vs-search-hard","0","676","c15","c03","human","jev","correct_guess","5","4","10","0","0","false"
"balanced-vs-search-hard","0","677","c15","c03","jev","jev","correct_guess","5","5","11","0","0","false"
"balanced-vs-search-hard","0","678","c15","c04","human","human","wrong_guess","4","3","8","0","0","false"
"balanced-vs-search-hard","0","679","c15","c04","jev","human","wrong_guess","4","4","9","0","0","false"
"balanced-vs-search-hard","0","680","c15","c05","human","human","wrong_guess","4","3","8","0","0","false"
"balanced-vs-search-hard","0","681","c15","c05","jev","human","wrong_guess","4","4","9","0","0","false"
"balanced-vs-search-hard","0","682","c15","c06","human","jev","correct_guess","5","4","10","0","0","false"
"balanced-vs-search-hard","0","683","c15","c06","jev","jev","correct_guess","5","5","11","0","0","false"
"balanced-vs-search-hard","0","684","c15","c07","human","human","wrong_guess","4","3","8","0","0","false"
"balanced-vs-search-hard","0","685","c15","c07","jev","human","wrong_guess","4","4","9","0","0","false"
"balanced-vs-search-hard","0","686","c15","c08","human","human","wrong_guess","5","4","10","0","0","false"
"balanced-vs-search-hard","0","687","c15","c08","jev","jev","correct_guess","5","5","11","0","0","false"
"balanced-vs-search-hard","0","688","c15","c09","human","human","wrong_guess","3","2","6","0","0","false"
"balanced-vs-search-hard","0","689","c15","c09","jev","human","wrong_guess","3","3","7","0","0","false"
"balanced-vs-search-hard","0","690","c15","c10","human","jev","correct_guess","6","5","12","0","0","false"
"balanced-vs-search-hard","0","691","c15","c10","jev","jev","correct_guess","5","5","11","0","0","false"
"balanced-vs-search-hard","0","692","c15","c11","human","jev","correct_guess","5","4","10","0","0","false"
"balanced-vs-search-hard","0","693","c15","c11","jev","jev","correct_guess","5","5","11","0","0","false"
"balanced-vs-search-hard","0","694","c15","c12","human","human","wrong_guess","4","3","8","0","0","false"
"balanced-vs-search-hard","0","695","c15","c12","jev","jev","correct_guess","5","5","11","0","0","false"
"balanced-vs-search-hard","0","696","c15","c13","human","jev","correct_guess","5","4","10","0","0","false"
"balanced-vs-search-hard","0","697","c15","c13","jev","jev","correct_guess","5","5","11","0","0","false"
"balanced-vs-search-hard","0","698","c15","c14","human","jev","correct_guess","6","5","12","0","0","false"
"balanced-vs-search-hard","0","699","c15","c14","jev","jev","correct_guess","5","5","11","0","0","false"
"balanced-vs-search-hard","0","700","c15","c15","human","human","wrong_guess","3","2","6","0","0","false"
"balanced-vs-search-hard","0","701","c15","c15","jev","human","wrong_guess","3","3","7","0","0","false"
"balanced-vs-search-hard","0","702","c15","c16","human","human","wrong_guess","4","3","8","0","0","false"
"balanced-vs-search-hard","0","703","c15","c16","jev","human","wrong_guess","4","4","9","0","0","false"
"balanced-vs-search-hard","0","704","c15","c17","human","jev","correct_guess","5","4","10","0","0","false"
"balanced-vs-search-hard","0","705","c15","c17","jev","jev","correct_guess","5","5","11","0","0","false"
"balanced-vs-search-hard","0","706","c15","c18","human","human","wrong_guess","4","3","8","0","0","false"
"balanced-vs-search-hard","0","707","c15","c18","jev","jev","correct_guess","5","5","11","0","0","false"
"balanced-vs-search-hard","0","708","c15","c19","human","jev","correct_guess","5","4","10","0","0","false"
"balanced-vs-search-hard","0","709","c15","c19","jev","jev","correct_guess","5","5","11","0","0","false"
"balanced-vs-search-hard","0","710","c15","c20","human","jev","correct_guess","5","4","10","0","0","false"
"balanced-vs-search-hard","0","711","c15","c20","jev","jev","correct_guess","5","5","11","0","0","false"
"balanced-vs-search-hard","0","712","c15","c21","human","jev","correct_guess","5","4","10","0","0","false"
"balanced-vs-search-hard","0","713","c15","c21","jev","jev","correct_guess","5","5","11","0","0","false"
"balanced-vs-search-hard","0","714","c15","c22","human","human","wrong_guess","3","2","6","0","0","false"
"balanced-vs-search-hard","0","715","c15","c22","jev","human","wrong_guess","3","3","7","0","0","false"
"balanced-vs-search-hard","0","716","c15","c23","human","human","wrong_guess","4","3","8","0","0","false"
"balanced-vs-search-hard","0","717","c15","c23","jev","human","wrong_guess","4","4","9","0","0","false"
"balanced-vs-search-hard","0","718","c15","c24","human","human","wrong_guess","3","2","6","0","0","false"
"balanced-vs-search-hard","0","719","c15","c24","jev","human","wrong_guess","3","3","7","0","0","false"
"balanced-vs-search-hard","0","720","c16","c01","human","jev","correct_guess","5","4","10","0","0","false"
"balanced-vs-search-hard","0","721","c16","c01","jev","jev","correct_guess","5","5","11","0","0","false"
"balanced-vs-search-hard","0","722","c16","c02","human","jev","correct_guess","5","4","10","0","0","false"
"balanced-vs-search-hard","0","723","c16","c02","jev","jev","correct_guess","5","5","11","0","0","false"
"balanced-vs-search-hard","0","724","c16","c03","human","jev","correct_guess","5","4","10","0","0","false"
"balanced-vs-search-hard","0","725","c16","c03","jev","jev","correct_guess","5","5","11","0","0","false"
"balanced-vs-search-hard","0","726","c16","c04","human","jev","correct_guess","4","3","8","0","0","false"
"balanced-vs-search-hard","0","727","c16","c04","jev","jev","correct_guess","4","4","9","0","0","false"
"balanced-vs-search-hard","0","728","c16","c05","human","jev","correct_guess","4","3","8","0","0","false"
"balanced-vs-search-hard","0","729","c16","c05","jev","jev","correct_guess","4","4","9","0","0","false"
"balanced-vs-search-hard","0","730","c16","c06","human","jev","correct_guess","5","4","10","0","0","false"
"balanced-vs-search-hard","0","731","c16","c06","jev","jev","correct_guess","5","5","11","0","0","false"
"balanced-vs-search-hard","0","732","c16","c07","human","jev","correct_guess","4","3","8","0","0","false"
"balanced-vs-search-hard","0","733","c16","c07","jev","jev","correct_guess","4","4","9","0","0","false"
"balanced-vs-search-hard","0","734","c16","c08","human","jev","correct_guess","5","4","10","0","0","false"
"balanced-vs-search-hard","0","735","c16","c08","jev","jev","correct_guess","5","5","11","0","0","false"
"balanced-vs-search-hard","0","736","c16","c09","human","human","wrong_guess","3","2","6","0","0","false"
"balanced-vs-search-hard","0","737","c16","c09","jev","human","wrong_guess","3","3","7","0","0","false"
"balanced-vs-search-hard","0","738","c16","c10","human","jev","correct_guess","5","4","10","0","0","false"
"balanced-vs-search-hard","0","739","c16","c10","jev","jev","correct_guess","5","5","11","0","0","false"
"balanced-vs-search-hard","0","740","c16","c11","human","jev","correct_guess","5","4","10","0","0","false"
"balanced-vs-search-hard","0","741","c16","c11","jev","jev","correct_guess","5","5","11","0","0","false"
"balanced-vs-search-hard","0","742","c16","c12","human","human","wrong_guess","4","3","8","0","0","false"
"balanced-vs-search-hard","0","743","c16","c12","jev","jev","correct_guess","5","5","11","0","0","false"
"balanced-vs-search-hard","0","744","c16","c13","human","human","wrong_guess","4","3","8","0","0","false"
"balanced-vs-search-hard","0","745","c16","c13","jev","jev","correct_guess","5","5","11","0","0","false"
"balanced-vs-search-hard","0","746","c16","c14","human","jev","correct_guess","5","4","10","0","0","false"
"balanced-vs-search-hard","0","747","c16","c14","jev","jev","correct_guess","5","5","11","0","0","false"
"balanced-vs-search-hard","0","748","c16","c15","human","human","wrong_guess","3","2","6","0","0","false"
"balanced-vs-search-hard","0","749","c16","c15","jev","human","wrong_guess","3","3","7","0","0","false"
"balanced-vs-search-hard","0","750","c16","c16","human","human","wrong_guess","4","3","8","0","0","false"
"balanced-vs-search-hard","0","751","c16","c16","jev","jev","correct_guess","4","4","9","0","0","false"
"balanced-vs-search-hard","0","752","c16","c17","human","jev","correct_guess","5","4","10","0","0","false"
"balanced-vs-search-hard","0","753","c16","c17","jev","jev","correct_guess","5","5","11","0","0","false"
"balanced-vs-search-hard","0","754","c16","c18","human","human","wrong_guess","4","3","8","0","0","false"
"balanced-vs-search-hard","0","755","c16","c18","jev","jev","correct_guess","5","5","11","0","0","false"
"balanced-vs-search-hard","0","756","c16","c19","human","jev","correct_guess","5","4","10","0","0","false"
"balanced-vs-search-hard","0","757","c16","c19","jev","jev","correct_guess","5","5","11","0","0","false"
"balanced-vs-search-hard","0","758","c16","c20","human","jev","correct_guess","5","4","10","0","0","false"
"balanced-vs-search-hard","0","759","c16","c20","jev","jev","correct_guess","5","5","11","0","0","false"
"balanced-vs-search-hard","0","760","c16","c21","human","human","wrong_guess","4","3","8","0","0","false"
"balanced-vs-search-hard","0","761","c16","c21","jev","jev","correct_guess","5","5","11","0","0","false"
"balanced-vs-search-hard","0","762","c16","c22","human","human","wrong_guess","3","2","6","0","0","false"
"balanced-vs-search-hard","0","763","c16","c22","jev","human","wrong_guess","3","3","7","0","0","false"
"balanced-vs-search-hard","0","764","c16","c23","human","jev","correct_guess","4","3","8","0","0","false"
"balanced-vs-search-hard","0","765","c16","c23","jev","jev","correct_guess","4","4","9","0","0","false"
"balanced-vs-search-hard","0","766","c16","c24","human","human","wrong_guess","3","2","6","0","0","false"
"balanced-vs-search-hard","0","767","c16","c24","jev","human","wrong_guess","3","3","7","0","0","false"
"balanced-vs-search-hard","0","768","c17","c01","human","jev","correct_guess","5","4","10","0","0","false"
"balanced-vs-search-hard","0","769","c17","c01","jev","jev","correct_guess","5","5","11","0","0","false"
"balanced-vs-search-hard","0","770","c17","c02","human","jev","correct_guess","5","4","10","0","0","false"
"balanced-vs-search-hard","0","771","c17","c02","jev","jev","correct_guess","5","5","11","0","0","false"
"balanced-vs-search-hard","0","772","c17","c03","human","jev","correct_guess","5","4","10","0","0","false"
"balanced-vs-search-hard","0","773","c17","c03","jev","jev","correct_guess","5","5","11","0","0","false"
"balanced-vs-search-hard","0","774","c17","c04","human","human","wrong_guess","4","3","8","0","0","false"
"balanced-vs-search-hard","0","775","c17","c04","jev","human","wrong_guess","4","4","9","0","0","false"
"balanced-vs-search-hard","0","776","c17","c05","human","human","wrong_guess","4","3","8","0","0","false"
"balanced-vs-search-hard","0","777","c17","c05","jev","human","wrong_guess","4","4","9","0","0","false"
"balanced-vs-search-hard","0","778","c17","c06","human","jev","correct_guess","5","4","10","0","0","false"
"balanced-vs-search-hard","0","779","c17","c06","jev","jev","correct_guess","5","5","11","0","0","false"
"balanced-vs-search-hard","0","780","c17","c07","human","human","wrong_guess","4","3","8","0","0","false"
"balanced-vs-search-hard","0","781","c17","c07","jev","human","wrong_guess","4","4","9","0","0","false"
"balanced-vs-search-hard","0","782","c17","c08","human","human","wrong_guess","5","4","10","0","0","false"
"balanced-vs-search-hard","0","783","c17","c08","jev","jev","correct_guess","5","5","11","0","0","false"
"balanced-vs-search-hard","0","784","c17","c09","human","human","wrong_guess","3","2","6","0","0","false"
"balanced-vs-search-hard","0","785","c17","c09","jev","human","wrong_guess","3","3","7","0","0","false"
"balanced-vs-search-hard","0","786","c17","c10","human","jev","correct_guess","6","5","12","0","0","false"
"balanced-vs-search-hard","0","787","c17","c10","jev","jev","correct_guess","5","5","11","0","0","false"
"balanced-vs-search-hard","0","788","c17","c11","human","jev","correct_guess","5","4","10","0","0","false"
"balanced-vs-search-hard","0","789","c17","c11","jev","jev","correct_guess","5","5","11","0","0","false"
"balanced-vs-search-hard","0","790","c17","c12","human","human","wrong_guess","4","3","8","0","0","false"
"balanced-vs-search-hard","0","791","c17","c12","jev","jev","correct_guess","5","5","11","0","0","false"
"balanced-vs-search-hard","0","792","c17","c13","human","human","wrong_guess","4","3","8","0","0","false"
"balanced-vs-search-hard","0","793","c17","c13","jev","jev","correct_guess","5","5","11","0","0","false"
"balanced-vs-search-hard","0","794","c17","c14","human","jev","correct_guess","6","5","12","0","0","false"
"balanced-vs-search-hard","0","795","c17","c14","jev","jev","correct_guess","5","5","11","0","0","false"
"balanced-vs-search-hard","0","796","c17","c15","human","human","wrong_guess","3","2","6","0","0","false"
"balanced-vs-search-hard","0","797","c17","c15","jev","human","wrong_guess","3","3","7","0","0","false"
"balanced-vs-search-hard","0","798","c17","c16","human","human","wrong_guess","4","3","8","0","0","false"
"balanced-vs-search-hard","0","799","c17","c16","jev","human","wrong_guess","4","4","9","0","0","false"
"balanced-vs-search-hard","0","800","c17","c17","human","jev","correct_guess","5","4","10","0","0","false"
"balanced-vs-search-hard","0","801","c17","c17","jev","jev","correct_guess","5","5","11","0","0","false"
"balanced-vs-search-hard","0","802","c17","c18","human","human","wrong_guess","4","3","8","0","0","false"
"balanced-vs-search-hard","0","803","c17","c18","jev","jev","correct_guess","5","5","11","0","0","false"
"balanced-vs-search-hard","0","804","c17","c19","human","jev","correct_guess","5","4","10","0","0","false"
"balanced-vs-search-hard","0","805","c17","c19","jev","jev","correct_guess","5","5","11","0","0","false"
"balanced-vs-search-hard","0","806","c17","c20","human","jev","correct_guess","5","4","10","0","0","false"
"balanced-vs-search-hard","0","807","c17","c20","jev","jev","correct_guess","5","5","11","0","0","false"
"balanced-vs-search-hard","0","808","c17","c21","human","human","wrong_guess","4","3","8","0","0","false"
"balanced-vs-search-hard","0","809","c17","c21","jev","jev","correct_guess","5","5","11","0","0","false"
"balanced-vs-search-hard","0","810","c17","c22","human","human","wrong_guess","3","2","6","0","0","false"
"balanced-vs-search-hard","0","811","c17","c22","jev","human","wrong_guess","3","3","7","0","0","false"
"balanced-vs-search-hard","0","812","c17","c23","human","human","wrong_guess","4","3","8","0","0","false"
"balanced-vs-search-hard","0","813","c17","c23","jev","human","wrong_guess","4","4","9","0","0","false"
"balanced-vs-search-hard","0","814","c17","c24","human","human","wrong_guess","3","2","6","0","0","false"
"balanced-vs-search-hard","0","815","c17","c24","jev","human","wrong_guess","3","3","7","0","0","false"
"balanced-vs-search-hard","0","816","c18","c01","human","jev","correct_guess","5","4","10","0","0","false"
"balanced-vs-search-hard","0","817","c18","c01","jev","jev","correct_guess","4","4","9","0","0","false"
"balanced-vs-search-hard","0","818","c18","c02","human","jev","correct_guess","5","4","10","0","0","false"
"balanced-vs-search-hard","0","819","c18","c02","jev","jev","correct_guess","4","4","9","0","0","false"
"balanced-vs-search-hard","0","820","c18","c03","human","jev","correct_guess","5","4","10","0","0","false"
"balanced-vs-search-hard","0","821","c18","c03","jev","jev","correct_guess","4","4","9","0","0","false"
"balanced-vs-search-hard","0","822","c18","c04","human","human","wrong_guess","4","3","8","0","0","false"
"balanced-vs-search-hard","0","823","c18","c04","jev","jev","correct_guess","4","4","9","0","0","false"
"balanced-vs-search-hard","0","824","c18","c05","human","human","wrong_guess","4","3","8","0","0","false"
"balanced-vs-search-hard","0","825","c18","c05","jev","jev","correct_guess","4","4","9","0","0","false"
"balanced-vs-search-hard","0","826","c18","c06","human","jev","correct_guess","5","4","10","0","0","false"
"balanced-vs-search-hard","0","827","c18","c06","jev","jev","correct_guess","4","4","9","0","0","false"
"balanced-vs-search-hard","0","828","c18","c07","human","human","wrong_guess","4","3","8","0","0","false"
"balanced-vs-search-hard","0","829","c18","c07","jev","jev","correct_guess","4","4","9","0","0","false"
"balanced-vs-search-hard","0","830","c18","c08","human","jev","correct_guess","5","4","10","0","0","false"
"balanced-vs-search-hard","0","831","c18","c08","jev","jev","correct_guess","4","4","9","0","0","false"
"balanced-vs-search-hard","0","832","c18","c09","human","human","wrong_guess","3","2","6","0","0","false"
"balanced-vs-search-hard","0","833","c18","c09","jev","human","wrong_guess","3","3","7","0","0","false"
"balanced-vs-search-hard","0","834","c18","c10","human","jev","correct_guess","5","4","10","0","0","false"
"balanced-vs-search-hard","0","835","c18","c10","jev","jev","correct_guess","4","4","9","0","0","false"
"balanced-vs-search-hard","0","836","c18","c11","human","jev","correct_guess","5","4","10","0","0","false"
"balanced-vs-search-hard","0","837","c18","c11","jev","jev","correct_guess","4","4","9","0","0","false"
"balanced-vs-search-hard","0","838","c18","c12","human","jev","correct_guess","5","4","10","0","0","false"
"balanced-vs-search-hard","0","839","c18","c12","jev","jev","correct_guess","4","4","9","0","0","false"
"balanced-vs-search-hard","0","840","c18","c13","human","jev","correct_guess","5","4","10","0","0","false"
"balanced-vs-search-hard","0","841","c18","c13","jev","jev","correct_guess","4","4","9","0","0","false"
"balanced-vs-search-hard","0","842","c18","c14","human","jev","correct_guess","5","4","10","0","0","false"
"balanced-vs-search-hard","0","843","c18","c14","jev","jev","correct_guess","4","4","9","0","0","false"
"balanced-vs-search-hard","0","844","c18","c15","human","human","wrong_guess","3","2","6","0","0","false"
"balanced-vs-search-hard","0","845","c18","c15","jev","human","wrong_guess","3","3","7","0","0","false"
"balanced-vs-search-hard","0","846","c18","c16","human","human","wrong_guess","4","3","8","0","0","false"
"balanced-vs-search-hard","0","847","c18","c16","jev","jev","correct_guess","4","4","9","0","0","false"
"balanced-vs-search-hard","0","848","c18","c17","human","jev","correct_guess","5","4","10","0","0","false"
"balanced-vs-search-hard","0","849","c18","c17","jev","jev","correct_guess","4","4","9","0","0","false"
"balanced-vs-search-hard","0","850","c18","c18","human","jev","correct_guess","5","4","10","0","0","false"
"balanced-vs-search-hard","0","851","c18","c18","jev","jev","correct_guess","4","4","9","0","0","false"
"balanced-vs-search-hard","0","852","c18","c19","human","jev","correct_guess","5","4","10","0","0","false"
"balanced-vs-search-hard","0","853","c18","c19","jev","jev","correct_guess","4","4","9","0","0","false"
"balanced-vs-search-hard","0","854","c18","c20","human","jev","correct_guess","5","4","10","0","0","false"
"balanced-vs-search-hard","0","855","c18","c20","jev","jev","correct_guess","4","4","9","0","0","false"
"balanced-vs-search-hard","0","856","c18","c21","human","jev","correct_guess","5","4","10","0","0","false"
"balanced-vs-search-hard","0","857","c18","c21","jev","jev","correct_guess","4","4","9","0","0","false"
"balanced-vs-search-hard","0","858","c18","c22","human","human","wrong_guess","3","2","6","0","0","false"
"balanced-vs-search-hard","0","859","c18","c22","jev","human","wrong_guess","3","3","7","0","0","false"
"balanced-vs-search-hard","0","860","c18","c23","human","human","wrong_guess","4","3","8","0","0","false"
"balanced-vs-search-hard","0","861","c18","c23","jev","jev","correct_guess","4","4","9","0","0","false"
"balanced-vs-search-hard","0","862","c18","c24","human","human","wrong_guess","3","2","6","0","0","false"
"balanced-vs-search-hard","0","863","c18","c24","jev","human","wrong_guess","3","3","7","0","0","false"
"balanced-vs-search-hard","0","864","c19","c01","human","human","wrong_guess","4","3","8","0","0","false"
"balanced-vs-search-hard","0","865","c19","c01","jev","jev","correct_guess","4","4","9","0","0","false"
"balanced-vs-search-hard","0","866","c19","c02","human","human","wrong_guess","4","3","8","0","0","false"
"balanced-vs-search-hard","0","867","c19","c02","jev","jev","correct_guess","4","4","9","0","0","false"
"balanced-vs-search-hard","0","868","c19","c03","human","human","wrong_guess","4","3","8","0","0","false"
"balanced-vs-search-hard","0","869","c19","c03","jev","jev","correct_guess","4","4","9","0","0","false"
"balanced-vs-search-hard","0","870","c19","c04","human","human","wrong_guess","4","3","8","0","0","false"
"balanced-vs-search-hard","0","871","c19","c04","jev","jev","correct_guess","4","4","9","0","0","false"
"balanced-vs-search-hard","0","872","c19","c05","human","human","wrong_guess","4","3","8","0","0","false"
"balanced-vs-search-hard","0","873","c19","c05","jev","jev","correct_guess","4","4","9","0","0","false"
"balanced-vs-search-hard","0","874","c19","c06","human","human","wrong_guess","4","3","8","0","0","false"
"balanced-vs-search-hard","0","875","c19","c06","jev","jev","correct_guess","4","4","9","0","0","false"
"balanced-vs-search-hard","0","876","c19","c07","human","human","wrong_guess","4","3","8","0","0","false"
"balanced-vs-search-hard","0","877","c19","c07","jev","jev","correct_guess","4","4","9","0","0","false"
"balanced-vs-search-hard","0","878","c19","c08","human","human","wrong_guess","5","4","10","0","0","false"
"balanced-vs-search-hard","0","879","c19","c08","jev","jev","correct_guess","4","4","9","0","0","false"
"balanced-vs-search-hard","0","880","c19","c09","human","human","wrong_guess","3","2","6","0","0","false"
"balanced-vs-search-hard","0","881","c19","c09","jev","jev","correct_guess","4","4","9","0","0","false"
"balanced-vs-search-hard","0","882","c19","c10","human","jev","correct_guess","6","5","12","0","0","false"
"balanced-vs-search-hard","0","883","c19","c10","jev","jev","correct_guess","4","4","9","0","0","false"
"balanced-vs-search-hard","0","884","c19","c11","human","human","wrong_guess","4","3","8","0","0","false"
"balanced-vs-search-hard","0","885","c19","c11","jev","jev","correct_guess","4","4","9","0","0","false"
"balanced-vs-search-hard","0","886","c19","c12","human","human","wrong_guess","4","3","8","0","0","false"
"balanced-vs-search-hard","0","887","c19","c12","jev","jev","correct_guess","4","4","9","0","0","false"
"balanced-vs-search-hard","0","888","c19","c13","human","human","wrong_guess","4","3","8","0","0","false"
"balanced-vs-search-hard","0","889","c19","c13","jev","jev","correct_guess","4","4","9","0","0","false"
"balanced-vs-search-hard","0","890","c19","c14","human","jev","correct_guess","6","5","12","0","0","false"
"balanced-vs-search-hard","0","891","c19","c14","jev","jev","correct_guess","4","4","9","0","0","false"
"balanced-vs-search-hard","0","892","c19","c15","human","human","wrong_guess","3","2","6","0","0","false"
"balanced-vs-search-hard","0","893","c19","c15","jev","jev","correct_guess","4","4","9","0","0","false"
"balanced-vs-search-hard","0","894","c19","c16","human","human","wrong_guess","4","3","8","0","0","false"
"balanced-vs-search-hard","0","895","c19","c16","jev","jev","correct_guess","4","4","9","0","0","false"
"balanced-vs-search-hard","0","896","c19","c17","human","human","wrong_guess","4","3","8","0","0","false"
"balanced-vs-search-hard","0","897","c19","c17","jev","jev","correct_guess","4","4","9","0","0","false"
"balanced-vs-search-hard","0","898","c19","c18","human","human","wrong_guess","4","3","8","0","0","false"
"balanced-vs-search-hard","0","899","c19","c18","jev","jev","correct_guess","4","4","9","0","0","false"
"balanced-vs-search-hard","0","900","c19","c19","human","human","wrong_guess","4","3","8","0","0","false"
"balanced-vs-search-hard","0","901","c19","c19","jev","jev","correct_guess","4","4","9","0","0","false"
"balanced-vs-search-hard","0","902","c19","c20","human","human","wrong_guess","4","3","8","0","0","false"
"balanced-vs-search-hard","0","903","c19","c20","jev","jev","correct_guess","4","4","9","0","0","false"
"balanced-vs-search-hard","0","904","c19","c21","human","human","wrong_guess","4","3","8","0","0","false"
"balanced-vs-search-hard","0","905","c19","c21","jev","jev","correct_guess","4","4","9","0","0","false"
"balanced-vs-search-hard","0","906","c19","c22","human","human","wrong_guess","3","2","6","0","0","false"
"balanced-vs-search-hard","0","907","c19","c22","jev","jev","correct_guess","4","4","9","0","0","false"
"balanced-vs-search-hard","0","908","c19","c23","human","human","wrong_guess","4","3","8","0","0","false"
"balanced-vs-search-hard","0","909","c19","c23","jev","jev","correct_guess","4","4","9","0","0","false"
"balanced-vs-search-hard","0","910","c19","c24","human","human","wrong_guess","3","2","6","0","0","false"
"balanced-vs-search-hard","0","911","c19","c24","jev","jev","correct_guess","4","4","9","0","0","false"
"balanced-vs-search-hard","0","912","c20","c01","human","human","wrong_guess","4","3","8","0","0","false"
"balanced-vs-search-hard","0","913","c20","c01","jev","jev","correct_guess","5","5","11","0","0","false"
"balanced-vs-search-hard","0","914","c20","c02","human","human","wrong_guess","4","3","8","0","0","false"
"balanced-vs-search-hard","0","915","c20","c02","jev","jev","correct_guess","5","5","11","0","0","false"
"balanced-vs-search-hard","0","916","c20","c03","human","human","wrong_guess","4","3","8","0","0","false"
"balanced-vs-search-hard","0","917","c20","c03","jev","jev","correct_guess","5","5","11","0","0","false"
"balanced-vs-search-hard","0","918","c20","c04","human","human","wrong_guess","4","3","8","0","0","false"
"balanced-vs-search-hard","0","919","c20","c04","jev","human","wrong_guess","4","4","9","0","0","false"
"balanced-vs-search-hard","0","920","c20","c05","human","human","wrong_guess","4","3","8","0","0","false"
"balanced-vs-search-hard","0","921","c20","c05","jev","human","wrong_guess","4","4","9","0","0","false"
"balanced-vs-search-hard","0","922","c20","c06","human","human","wrong_guess","4","3","8","0","0","false"
"balanced-vs-search-hard","0","923","c20","c06","jev","jev","correct_guess","5","5","11","0","0","false"
"balanced-vs-search-hard","0","924","c20","c07","human","human","wrong_guess","4","3","8","0","0","false"
"balanced-vs-search-hard","0","925","c20","c07","jev","human","wrong_guess","4","4","9","0","0","false"
"balanced-vs-search-hard","0","926","c20","c08","human","human","wrong_guess","5","4","10","0","0","false"
"balanced-vs-search-hard","0","927","c20","c08","jev","jev","correct_guess","5","5","11","0","0","false"
"balanced-vs-search-hard","0","928","c20","c09","human","human","wrong_guess","3","2","6","0","0","false"
"balanced-vs-search-hard","0","929","c20","c09","jev","human","wrong_guess","3","3","7","0","0","false"
"balanced-vs-search-hard","0","930","c20","c10","human","jev","correct_guess","6","5","12","0","0","false"
"balanced-vs-search-hard","0","931","c20","c10","jev","jev","correct_guess","5","5","11","0","0","false"
"balanced-vs-search-hard","0","932","c20","c11","human","human","wrong_guess","4","3","8","0","0","false"
"balanced-vs-search-hard","0","933","c20","c11","jev","jev","correct_guess","5","5","11","0","0","false"
"balanced-vs-search-hard","0","934","c20","c12","human","human","wrong_guess","4","3","8","0","0","false"
"balanced-vs-search-hard","0","935","c20","c12","jev","jev","correct_guess","5","5","11","0","0","false"
"balanced-vs-search-hard","0","936","c20","c13","human","human","wrong_guess","4","3","8","0","0","false"
"balanced-vs-search-hard","0","937","c20","c13","jev","jev","correct_guess","5","5","11","0","0","false"
"balanced-vs-search-hard","0","938","c20","c14","human","jev","correct_guess","6","5","12","0","0","false"
"balanced-vs-search-hard","0","939","c20","c14","jev","jev","correct_guess","5","5","11","0","0","false"
"balanced-vs-search-hard","0","940","c20","c15","human","human","wrong_guess","3","2","6","0","0","false"
"balanced-vs-search-hard","0","941","c20","c15","jev","human","wrong_guess","3","3","7","0","0","false"
"balanced-vs-search-hard","0","942","c20","c16","human","human","wrong_guess","4","3","8","0","0","false"
"balanced-vs-search-hard","0","943","c20","c16","jev","human","wrong_guess","4","4","9","0","0","false"
"balanced-vs-search-hard","0","944","c20","c17","human","human","wrong_guess","4","3","8","0","0","false"
"balanced-vs-search-hard","0","945","c20","c17","jev","jev","correct_guess","5","5","11","0","0","false"
"balanced-vs-search-hard","0","946","c20","c18","human","human","wrong_guess","4","3","8","0","0","false"
"balanced-vs-search-hard","0","947","c20","c18","jev","jev","correct_guess","5","5","11","0","0","false"
"balanced-vs-search-hard","0","948","c20","c19","human","human","wrong_guess","4","3","8","0","0","false"
"balanced-vs-search-hard","0","949","c20","c19","jev","jev","correct_guess","5","5","11","0","0","false"
"balanced-vs-search-hard","0","950","c20","c20","human","human","wrong_guess","4","3","8","0","0","false"
"balanced-vs-search-hard","0","951","c20","c20","jev","jev","correct_guess","5","5","11","0","0","false"
"balanced-vs-search-hard","0","952","c20","c21","human","human","wrong_guess","4","3","8","0","0","false"
"balanced-vs-search-hard","0","953","c20","c21","jev","jev","correct_guess","5","5","11","0","0","false"
"balanced-vs-search-hard","0","954","c20","c22","human","human","wrong_guess","3","2","6","0","0","false"
"balanced-vs-search-hard","0","955","c20","c22","jev","human","wrong_guess","3","3","7","0","0","false"
"balanced-vs-search-hard","0","956","c20","c23","human","human","wrong_guess","4","3","8","0","0","false"
"balanced-vs-search-hard","0","957","c20","c23","jev","human","wrong_guess","4","4","9","0","0","false"
"balanced-vs-search-hard","0","958","c20","c24","human","human","wrong_guess","3","2","6","0","0","false"
"balanced-vs-search-hard","0","959","c20","c24","jev","human","wrong_guess","3","3","7","0","0","false"
"balanced-vs-search-hard","0","960","c21","c01","human","jev","correct_guess","5","4","10","0","0","false"
"balanced-vs-search-hard","0","961","c21","c01","jev","jev","correct_guess","5","5","11","0","0","false"
"balanced-vs-search-hard","0","962","c21","c02","human","jev","correct_guess","5","4","10","0","0","false"
"balanced-vs-search-hard","0","963","c21","c02","jev","jev","correct_guess","5","5","11","0","0","false"
"balanced-vs-search-hard","0","964","c21","c03","human","jev","correct_guess","5","4","10","0","0","false"
"balanced-vs-search-hard","0","965","c21","c03","jev","jev","correct_guess","5","5","11","0","0","false"
"balanced-vs-search-hard","0","966","c21","c04","human","human","wrong_guess","4","3","8","0","0","false"
"balanced-vs-search-hard","0","967","c21","c04","jev","human","wrong_guess","4","4","9","0","0","false"
"balanced-vs-search-hard","0","968","c21","c05","human","human","wrong_guess","4","3","8","0","0","false"
"balanced-vs-search-hard","0","969","c21","c05","jev","human","wrong_guess","4","4","9","0","0","false"
"balanced-vs-search-hard","0","970","c21","c06","human","jev","correct_guess","5","4","10","0","0","false"
"balanced-vs-search-hard","0","971","c21","c06","jev","jev","correct_guess","5","5","11","0","0","false"
"balanced-vs-search-hard","0","972","c21","c07","human","human","wrong_guess","4","3","8","0","0","false"
"balanced-vs-search-hard","0","973","c21","c07","jev","human","wrong_guess","4","4","9","0","0","false"
"balanced-vs-search-hard","0","974","c21","c08","human","human","wrong_guess","5","4","10","0","0","false"
"balanced-vs-search-hard","0","975","c21","c08","jev","jev","correct_guess","5","5","11","0","0","false"
"balanced-vs-search-hard","0","976","c21","c09","human","human","wrong_guess","3","2","6","0","0","false"
"balanced-vs-search-hard","0","977","c21","c09","jev","human","wrong_guess","3","3","7","0","0","false"
"balanced-vs-search-hard","0","978","c21","c10","human","jev","correct_guess","6","5","12","0","0","false"
"balanced-vs-search-hard","0","979","c21","c10","jev","jev","correct_guess","5","5","11","0","0","false"
"balanced-vs-search-hard","0","980","c21","c11","human","jev","correct_guess","5","4","10","0","0","false"
"balanced-vs-search-hard","0","981","c21","c11","jev","jev","correct_guess","5","5","11","0","0","false"
"balanced-vs-search-hard","0","982","c21","c12","human","human","wrong_guess","4","3","8","0","0","false"
"balanced-vs-search-hard","0","983","c21","c12","jev","jev","correct_guess","5","5","11","0","0","false"
"balanced-vs-search-hard","0","984","c21","c13","human","human","wrong_guess","4","3","8","0","0","false"
"balanced-vs-search-hard","0","985","c21","c13","jev","jev","correct_guess","5","5","11","0","0","false"
"balanced-vs-search-hard","0","986","c21","c14","human","jev","correct_guess","6","5","12","0","0","false"
"balanced-vs-search-hard","0","987","c21","c14","jev","jev","correct_guess","5","5","11","0","0","false"
"balanced-vs-search-hard","0","988","c21","c15","human","human","wrong_guess","3","2","6","0","0","false"
"balanced-vs-search-hard","0","989","c21","c15","jev","human","wrong_guess","3","3","7","0","0","false"
"balanced-vs-search-hard","0","990","c21","c16","human","human","wrong_guess","4","3","8","0","0","false"
"balanced-vs-search-hard","0","991","c21","c16","jev","human","wrong_guess","4","4","9","0","0","false"
"balanced-vs-search-hard","0","992","c21","c17","human","jev","correct_guess","5","4","10","0","0","false"
"balanced-vs-search-hard","0","993","c21","c17","jev","jev","correct_guess","5","5","11","0","0","false"
"balanced-vs-search-hard","0","994","c21","c18","human","human","wrong_guess","4","3","8","0","0","false"
"balanced-vs-search-hard","0","995","c21","c18","jev","jev","correct_guess","5","5","11","0","0","false"
"balanced-vs-search-hard","0","996","c21","c19","human","jev","correct_guess","5","4","10","0","0","false"
"balanced-vs-search-hard","0","997","c21","c19","jev","jev","correct_guess","5","5","11","0","0","false"
"balanced-vs-search-hard","0","998","c21","c20","human","jev","correct_guess","5","4","10","0","0","false"
"balanced-vs-search-hard","0","999","c21","c20","jev","jev","correct_guess","5","5","11","0","0","false"
"balanced-vs-search-hard","0","1000","c21","c21","human","human","wrong_guess","4","3","8","0","0","false"
"balanced-vs-search-hard","0","1001","c21","c21","jev","jev","correct_guess","5","5","11","0","0","false"
"balanced-vs-search-hard","0","1002","c21","c22","human","human","wrong_guess","3","2","6","0","0","false"
"balanced-vs-search-hard","0","1003","c21","c22","jev","human","wrong_guess","3","3","7","0","0","false"
"balanced-vs-search-hard","0","1004","c21","c23","human","human","wrong_guess","4","3","8","0","0","false"
"balanced-vs-search-hard","0","1005","c21","c23","jev","human","wrong_guess","4","4","9","0","0","false"
"balanced-vs-search-hard","0","1006","c21","c24","human","human","wrong_guess","3","2","6","0","0","false"
"balanced-vs-search-hard","0","1007","c21","c24","jev","human","wrong_guess","3","3","7","0","0","false"
"balanced-vs-search-hard","0","1008","c22","c01","human","jev","correct_guess","5","4","10","0","0","false"
"balanced-vs-search-hard","0","1009","c22","c01","jev","jev","correct_guess","4","4","9","0","0","false"
"balanced-vs-search-hard","0","1010","c22","c02","human","jev","correct_guess","5","4","10","0","0","false"
"balanced-vs-search-hard","0","1011","c22","c02","jev","jev","correct_guess","4","4","9","0","0","false"
"balanced-vs-search-hard","0","1012","c22","c03","human","jev","correct_guess","5","4","10","0","0","false"
"balanced-vs-search-hard","0","1013","c22","c03","jev","jev","correct_guess","4","4","9","0","0","false"
"balanced-vs-search-hard","0","1014","c22","c04","human","human","wrong_guess","4","3","8","0","0","false"
"balanced-vs-search-hard","0","1015","c22","c04","jev","jev","correct_guess","4","4","9","0","0","false"
"balanced-vs-search-hard","0","1016","c22","c05","human","human","wrong_guess","4","3","8","0","0","false"
"balanced-vs-search-hard","0","1017","c22","c05","jev","jev","correct_guess","4","4","9","0","0","false"
"balanced-vs-search-hard","0","1018","c22","c06","human","jev","correct_guess","5","4","10","0","0","false"
"balanced-vs-search-hard","0","1019","c22","c06","jev","jev","correct_guess","4","4","9","0","0","false"
"balanced-vs-search-hard","0","1020","c22","c07","human","human","wrong_guess","4","3","8","0","0","false"
"balanced-vs-search-hard","0","1021","c22","c07","jev","jev","correct_guess","4","4","9","0","0","false"
"balanced-vs-search-hard","0","1022","c22","c08","human","jev","correct_guess","5","4","10","0","0","false"
"balanced-vs-search-hard","0","1023","c22","c08","jev","jev","correct_guess","4","4","9","0","0","false"
"balanced-vs-search-hard","0","1024","c22","c09","human","human","wrong_guess","3","2","6","0","0","false"
"balanced-vs-search-hard","0","1025","c22","c09","jev","jev","correct_guess","4","4","9","0","0","false"
"balanced-vs-search-hard","0","1026","c22","c10","human","jev","correct_guess","5","4","10","0","0","false"
"balanced-vs-search-hard","0","1027","c22","c10","jev","jev","correct_guess","4","4","9","0","0","false"
"balanced-vs-search-hard","0","1028","c22","c11","human","jev","correct_guess","5","4","10","0","0","false"
"balanced-vs-search-hard","0","1029","c22","c11","jev","jev","correct_guess","4","4","9","0","0","false"
"balanced-vs-search-hard","0","1030","c22","c12","human","jev","correct_guess","5","4","10","0","0","false"
"balanced-vs-search-hard","0","1031","c22","c12","jev","jev","correct_guess","4","4","9","0","0","false"
"balanced-vs-search-hard","0","1032","c22","c13","human","jev","correct_guess","5","4","10","0","0","false"
"balanced-vs-search-hard","0","1033","c22","c13","jev","jev","correct_guess","4","4","9","0","0","false"
"balanced-vs-search-hard","0","1034","c22","c14","human","jev","correct_guess","5","4","10","0","0","false"
"balanced-vs-search-hard","0","1035","c22","c14","jev","jev","correct_guess","4","4","9","0","0","false"
"balanced-vs-search-hard","0","1036","c22","c15","human","human","wrong_guess","3","2","6","0","0","false"
"balanced-vs-search-hard","0","1037","c22","c15","jev","jev","correct_guess","4","4","9","0","0","false"
"balanced-vs-search-hard","0","1038","c22","c16","human","human","wrong_guess","4","3","8","0","0","false"
"balanced-vs-search-hard","0","1039","c22","c16","jev","jev","correct_guess","4","4","9","0","0","false"
"balanced-vs-search-hard","0","1040","c22","c17","human","jev","correct_guess","5","4","10","0","0","false"
"balanced-vs-search-hard","0","1041","c22","c17","jev","jev","correct_guess","4","4","9","0","0","false"
"balanced-vs-search-hard","0","1042","c22","c18","human","jev","correct_guess","5","4","10","0","0","false"
"balanced-vs-search-hard","0","1043","c22","c18","jev","jev","correct_guess","4","4","9","0","0","false"
"balanced-vs-search-hard","0","1044","c22","c19","human","jev","correct_guess","5","4","10","0","0","false"
"balanced-vs-search-hard","0","1045","c22","c19","jev","jev","correct_guess","4","4","9","0","0","false"
"balanced-vs-search-hard","0","1046","c22","c20","human","jev","correct_guess","5","4","10","0","0","false"
"balanced-vs-search-hard","0","1047","c22","c20","jev","jev","correct_guess","4","4","9","0","0","false"
"balanced-vs-search-hard","0","1048","c22","c21","human","jev","correct_guess","5","4","10","0","0","false"
"balanced-vs-search-hard","0","1049","c22","c21","jev","jev","correct_guess","4","4","9","0","0","false"
"balanced-vs-search-hard","0","1050","c22","c22","human","human","wrong_guess","3","2","6","0","0","false"
"balanced-vs-search-hard","0","1051","c22","c22","jev","jev","correct_guess","4","4","9","0","0","false"
"balanced-vs-search-hard","0","1052","c22","c23","human","human","wrong_guess","4","3","8","0","0","false"
"balanced-vs-search-hard","0","1053","c22","c23","jev","jev","correct_guess","4","4","9","0","0","false"
"balanced-vs-search-hard","0","1054","c22","c24","human","human","wrong_guess","3","2","6","0","0","false"
"balanced-vs-search-hard","0","1055","c22","c24","jev","jev","correct_guess","4","4","9","0","0","false"
"balanced-vs-search-hard","0","1056","c23","c01","human","human","wrong_guess","4","3","8","0","0","false"
"balanced-vs-search-hard","0","1057","c23","c01","jev","jev","correct_guess","4","4","9","0","0","false"
"balanced-vs-search-hard","0","1058","c23","c02","human","human","wrong_guess","4","3","8","0","0","false"
"balanced-vs-search-hard","0","1059","c23","c02","jev","jev","correct_guess","4","4","9","0","0","false"
"balanced-vs-search-hard","0","1060","c23","c03","human","human","wrong_guess","4","3","8","0","0","false"
"balanced-vs-search-hard","0","1061","c23","c03","jev","jev","correct_guess","4","4","9","0","0","false"
"balanced-vs-search-hard","0","1062","c23","c04","human","human","wrong_guess","4","3","8","0","0","false"
"balanced-vs-search-hard","0","1063","c23","c04","jev","jev","correct_guess","4","4","9","0","0","false"
"balanced-vs-search-hard","0","1064","c23","c05","human","human","wrong_guess","4","3","8","0","0","false"
"balanced-vs-search-hard","0","1065","c23","c05","jev","jev","correct_guess","4","4","9","0","0","false"
"balanced-vs-search-hard","0","1066","c23","c06","human","human","wrong_guess","4","3","8","0","0","false"
"balanced-vs-search-hard","0","1067","c23","c06","jev","jev","correct_guess","4","4","9","0","0","false"
"balanced-vs-search-hard","0","1068","c23","c07","human","human","wrong_guess","4","3","8","0","0","false"
"balanced-vs-search-hard","0","1069","c23","c07","jev","jev","correct_guess","4","4","9","0","0","false"
"balanced-vs-search-hard","0","1070","c23","c08","human","jev","correct_guess","5","4","10","0","0","false"
"balanced-vs-search-hard","0","1071","c23","c08","jev","jev","correct_guess","4","4","9","0","0","false"
"balanced-vs-search-hard","0","1072","c23","c09","human","jev","correct_guess","4","3","8","0","0","false"
"balanced-vs-search-hard","0","1073","c23","c09","jev","jev","correct_guess","4","4","9","0","0","false"
"balanced-vs-search-hard","0","1074","c23","c10","human","jev","correct_guess","5","4","10","0","0","false"
"balanced-vs-search-hard","0","1075","c23","c10","jev","jev","correct_guess","4","4","9","0","0","false"
"balanced-vs-search-hard","0","1076","c23","c11","human","human","wrong_guess","4","3","8","0","0","false"
"balanced-vs-search-hard","0","1077","c23","c11","jev","jev","correct_guess","4","4","9","0","0","false"
"balanced-vs-search-hard","0","1078","c23","c12","human","human","wrong_guess","4","3","8","0","0","false"
"balanced-vs-search-hard","0","1079","c23","c12","jev","jev","correct_guess","4","4","9","0","0","false"
"balanced-vs-search-hard","0","1080","c23","c13","human","human","wrong_guess","4","3","8","0","0","false"
"balanced-vs-search-hard","0","1081","c23","c13","jev","jev","correct_guess","4","4","9","0","0","false"
"balanced-vs-search-hard","0","1082","c23","c14","human","jev","correct_guess","5","4","10","0","0","false"
"balanced-vs-search-hard","0","1083","c23","c14","jev","jev","correct_guess","4","4","9","0","0","false"
"balanced-vs-search-hard","0","1084","c23","c15","human","jev","correct_guess","4","3","8","0","0","false"
"balanced-vs-search-hard","0","1085","c23","c15","jev","jev","correct_guess","4","4","9","0","0","false"
"balanced-vs-search-hard","0","1086","c23","c16","human","human","wrong_guess","4","3","8","0","0","false"
"balanced-vs-search-hard","0","1087","c23","c16","jev","jev","correct_guess","4","4","9","0","0","false"
"balanced-vs-search-hard","0","1088","c23","c17","human","human","wrong_guess","4","3","8","0","0","false"
"balanced-vs-search-hard","0","1089","c23","c17","jev","jev","correct_guess","4","4","9","0","0","false"
"balanced-vs-search-hard","0","1090","c23","c18","human","human","wrong_guess","4","3","8","0","0","false"
"balanced-vs-search-hard","0","1091","c23","c18","jev","jev","correct_guess","4","4","9","0","0","false"
"balanced-vs-search-hard","0","1092","c23","c19","human","human","wrong_guess","4","3","8","0","0","false"
"balanced-vs-search-hard","0","1093","c23","c19","jev","jev","correct_guess","4","4","9","0","0","false"
"balanced-vs-search-hard","0","1094","c23","c20","human","human","wrong_guess","4","3","8","0","0","false"
"balanced-vs-search-hard","0","1095","c23","c20","jev","jev","correct_guess","4","4","9","0","0","false"
"balanced-vs-search-hard","0","1096","c23","c21","human","human","wrong_guess","4","3","8","0","0","false"
"balanced-vs-search-hard","0","1097","c23","c21","jev","jev","correct_guess","4","4","9","0","0","false"
"balanced-vs-search-hard","0","1098","c23","c22","human","jev","correct_guess","4","3","8","0","0","false"
"balanced-vs-search-hard","0","1099","c23","c22","jev","jev","correct_guess","4","4","9","0","0","false"
"balanced-vs-search-hard","0","1100","c23","c23","human","human","wrong_guess","4","3","8","0","0","false"
"balanced-vs-search-hard","0","1101","c23","c23","jev","jev","correct_guess","4","4","9","0","0","false"
"balanced-vs-search-hard","0","1102","c23","c24","human","jev","correct_guess","4","3","8","0","0","false"
"balanced-vs-search-hard","0","1103","c23","c24","jev","jev","correct_guess","4","4","9","0","0","false"
"balanced-vs-search-hard","0","1104","c24","c01","human","jev","correct_guess","5","4","10","0","0","false"
"balanced-vs-search-hard","0","1105","c24","c01","jev","jev","correct_guess","5","5","11","0","0","false"
"balanced-vs-search-hard","0","1106","c24","c02","human","jev","correct_guess","5","4","10","0","0","false"
"balanced-vs-search-hard","0","1107","c24","c02","jev","jev","correct_guess","5","5","11","0","0","false"
"balanced-vs-search-hard","0","1108","c24","c03","human","jev","correct_guess","5","4","10","0","0","false"
"balanced-vs-search-hard","0","1109","c24","c03","jev","jev","correct_guess","5","5","11","0","0","false"
"balanced-vs-search-hard","0","1110","c24","c04","human","human","wrong_guess","4","3","8","0","0","false"
"balanced-vs-search-hard","0","1111","c24","c04","jev","human","wrong_guess","4","4","9","0","0","false"
"balanced-vs-search-hard","0","1112","c24","c05","human","human","wrong_guess","4","3","8","0","0","false"
"balanced-vs-search-hard","0","1113","c24","c05","jev","human","wrong_guess","4","4","9","0","0","false"
"balanced-vs-search-hard","0","1114","c24","c06","human","jev","correct_guess","5","4","10","0","0","false"
"balanced-vs-search-hard","0","1115","c24","c06","jev","jev","correct_guess","5","5","11","0","0","false"
"balanced-vs-search-hard","0","1116","c24","c07","human","human","wrong_guess","4","3","8","0","0","false"
"balanced-vs-search-hard","0","1117","c24","c07","jev","human","wrong_guess","4","4","9","0","0","false"
"balanced-vs-search-hard","0","1118","c24","c08","human","human","wrong_guess","5","4","10","0","0","false"
"balanced-vs-search-hard","0","1119","c24","c08","jev","jev","correct_guess","5","5","11","0","0","false"
"balanced-vs-search-hard","0","1120","c24","c09","human","human","wrong_guess","3","2","6","0","0","false"
"balanced-vs-search-hard","0","1121","c24","c09","jev","jev","correct_guess","4","4","9","0","0","false"
"balanced-vs-search-hard","0","1122","c24","c10","human","jev","correct_guess","6","5","12","0","0","false"
"balanced-vs-search-hard","0","1123","c24","c10","jev","jev","correct_guess","5","5","11","0","0","false"
"balanced-vs-search-hard","0","1124","c24","c11","human","jev","correct_guess","5","4","10","0","0","false"
"balanced-vs-search-hard","0","1125","c24","c11","jev","jev","correct_guess","5","5","11","0","0","false"
"balanced-vs-search-hard","0","1126","c24","c12","human","human","wrong_guess","4","3","8","0","0","false"
"balanced-vs-search-hard","0","1127","c24","c12","jev","jev","correct_guess","5","5","11","0","0","false"
"balanced-vs-search-hard","0","1128","c24","c13","human","human","wrong_guess","4","3","8","0","0","false"
"balanced-vs-search-hard","0","1129","c24","c13","jev","jev","correct_guess","5","5","11","0","0","false"
"balanced-vs-search-hard","0","1130","c24","c14","human","jev","correct_guess","6","5","12","0","0","false"
"balanced-vs-search-hard","0","1131","c24","c14","jev","jev","correct_guess","5","5","11","0","0","false"
"balanced-vs-search-hard","0","1132","c24","c15","human","human","wrong_guess","3","2","6","0","0","false"
"balanced-vs-search-hard","0","1133","c24","c15","jev","jev","correct_guess","4","4","9","0","0","false"
"balanced-vs-search-hard","0","1134","c24","c16","human","human","wrong_guess","4","3","8","0","0","false"
"balanced-vs-search-hard","0","1135","c24","c16","jev","human","wrong_guess","4","4","9","0","0","false"
"balanced-vs-search-hard","0","1136","c24","c17","human","jev","correct_guess","5","4","10","0","0","false"
"balanced-vs-search-hard","0","1137","c24","c17","jev","jev","correct_guess","5","5","11","0","0","false"
"balanced-vs-search-hard","0","1138","c24","c18","human","human","wrong_guess","4","3","8","0","0","false"
"balanced-vs-search-hard","0","1139","c24","c18","jev","jev","correct_guess","5","5","11","0","0","false"
"balanced-vs-search-hard","0","1140","c24","c19","human","jev","correct_guess","5","4","10","0","0","false"
"balanced-vs-search-hard","0","1141","c24","c19","jev","jev","correct_guess","5","5","11","0","0","false"
"balanced-vs-search-hard","0","1142","c24","c20","human","jev","correct_guess","5","4","10","0","0","false"
"balanced-vs-search-hard","0","1143","c24","c20","jev","jev","correct_guess","5","5","11","0","0","false"
"balanced-vs-search-hard","0","1144","c24","c21","human","human","wrong_guess","4","3","8","0","0","false"
"balanced-vs-search-hard","0","1145","c24","c21","jev","jev","correct_guess","5","5","11","0","0","false"
"balanced-vs-search-hard","0","1146","c24","c22","human","human","wrong_guess","3","2","6","0","0","false"
"balanced-vs-search-hard","0","1147","c24","c22","jev","jev","correct_guess","4","4","9","0","0","false"
"balanced-vs-search-hard","0","1148","c24","c23","human","human","wrong_guess","4","3","8","0","0","false"
"balanced-vs-search-hard","0","1149","c24","c23","jev","human","wrong_guess","4","4","9","0","0","false"
"balanced-vs-search-hard","0","1150","c24","c24","human","human","wrong_guess","3","2","6","0","0","false"
"balanced-vs-search-hard","0","1151","c24","c24","jev","jev","correct_guess","4","4","9","0","0","false"
